  0
SECTION
  2
HEADER
  9
$ANGBASE
  50
0.0
  9
$ANGDIR
  70
1
  9
$MEASUREMENT
  70
0
  0
ENDSEC
  0
SECTION
  2
TABLES
  0
TABLE
  2
LTYPE
  70
4
  0
LTYPE
  5
40F
  2
CONTINUOUS
  70
0
  3
Solid line
  72
65
  73
0
  40
0.0
  0
LTYPE
  5
410
  2
DASHDOT
 70
0
  3
Dash Dot ____ _ ____ _
 72
65
 73
4
 40
2.0
 49
1.25
 49
-0.25
 49
0.25
 49
-0.25
  0
LTYPE
  5
411
  2
DASHED
 70
0
  3
Dashed __ __ __ __ __
 72
65
 73
2
 40
0.75
 49
0.5
 49
-0.25
  0
LTYPE
  5
43B
  2
DOTTED
 70
0
  3
Dotted .  .  .  .
 72
65
 73
2
 40
0.2
 49
0.0
 49
-0.2
  0
ENDTAB
  0
TABLE
  2
STYLE
  70
4
  0
STYLE
  2
KICAD
  70
0
  40
0
  41
1
  42
1
  50
0
  71
0
  3
isocp.shx
  0
STYLE
  2
KICADB
  70
0
  40
0
  41
1
  42
1
  50
0
  71
0
  3
isocp.shx
  0
STYLE
  2
KICADI
  70
0
  40
0
  41
1
  42
1
  50
15
  71
0
  3
isocp.shx
  0
STYLE
  2
KICADBI
  70
0
  40
0
  41
1
  42
1
  50
15
  71
0
  3
isocp.shx
  0
ENDTAB
  0
TABLE
  2
LAYER
  70
1
  0
LAYER
  2
BLACK
  70
0
  62
7
  6
CONTINUOUS
  0
ENDTAB
  0
ENDSEC
  0
SECTION
  2
ENTITIES
0
LINE
8
BLACK
6
CONTINUOUS
10
9.4064794488188976
20
-6.0951932283464565
11
9.4070266929133854
21
-6.0953731102362205
0
LINE
8
BLACK
6
CONTINUOUS
10
9.4070266929133854
20
-6.0953731102362205
11
9.4071225984251967
21
-6.0954418110236217
0
LINE
8
BLACK
6
CONTINUOUS
10
9.4071225984251967
20
-6.0954418110236217
11
9.4073288976377949
21
-6.0957162204724407
0
LINE
8
BLACK
6
CONTINUOUS
10
9.4073288976377949
20
-6.0957162204724407
11
9.4073646850393704
21
-6.0957964566929128
0
LINE
8
BLACK
6
CONTINUOUS
10
9.4073646850393704
20
-6.0957964566929128
11
9.407438110236221
21
-6.0961691338582673
0
LINE
8
BLACK
6
CONTINUOUS
10
9.407438110236221
20
-6.0961691338582673
11
9.407441811023622
21
-6.0962072047244096
0
LINE
8
BLACK
6
CONTINUOUS
10
9.407441811023622
20
-6.0962072047244096
11
9.407441811023622
21
-6.0980270078740153
0
LINE
8
BLACK
6
CONTINUOUS
10
9.407441811023622
20
-6.0980270078740153
11
9.4074319291338586
21
-6.0980886220472437
0
LINE
8
BLACK
6
CONTINUOUS
10
9.4074319291338586
20
-6.0980886220472437
11
9.4072512992125983
21
-6.0986368110236215
0
LINE
8
BLACK
6
CONTINUOUS
10
9.4072512992125983
20
-6.0986368110236215
11
9.40718248031496
21
-6.0987326377952753
0
LINE
8
BLACK
6
CONTINUOUS
10
9.40718248031496
20
-6.0987326377952753
11
9.406908700787401
21
-6.0989381102362206
0
LINE
8
BLACK
6
CONTINUOUS
10
9.406908700787401
20
-6.0989381102362206
11
9.4068285433070873
21
-6.0989738188976377
0
LINE
8
BLACK
6
CONTINUOUS
10
9.4068285433070873
20
-6.0989738188976377
11
9.4064559842519682
21
-6.099047125984252
0
LINE
8
BLACK
6
CONTINUOUS
10
9.4064559842519682
20
-6.099047125984252
11
9.4064179921259843
21
-6.099050826771653
0
LINE
8
BLACK
6
CONTINUOUS
10
9.4064179921259843
20
-6.099050826771653
11
9.3907967716535428
21
-6.099050826771653
0
LINE
8
BLACK
6
CONTINUOUS
10
9.3907967716535428
20
-6.099050826771653
11
9.3907967716535428
21
-6.1107546062992126
0
LINE
8
BLACK
6
CONTINUOUS
10
9.3907967716535428
20
-6.1107546062992126
11
9.3931711811023622
21
-6.1102152755905514
0
LINE
8
BLACK
6
CONTINUOUS
10
9.3931711811023622
20
-6.1102152755905514
11
9.3931975984251963
21
-6.1102111417322833
0
LINE
8
BLACK
6
CONTINUOUS
10
9.3931975984251963
20
-6.1102111417322833
11
9.3964796456692916
21
-6.1099228740157479
0
LINE
8
BLACK
6
CONTINUOUS
10
9.3964796456692916
20
-6.1099228740157479
11
9.3964992519685033
21
-6.1099221259842516
0
LINE
8
BLACK
6
CONTINUOUS
10
9.3964992519685033
20
-6.1099221259842516
11
9.3970655511811021
21
-6.1099290157480315
0
LINE
8
BLACK
6
CONTINUOUS
10
9.3970655511811021
20
-6.1099290157480315
11
9.3970843700787405
21
-6.1099301574803144
0
LINE
8
BLACK
6
CONTINUOUS
10
9.3970843700787405
20
-6.1099301574803144
11
9.4004056299212593
21
-6.1102903937007875
0
LINE
8
BLACK
6
CONTINUOUS
10
9.4004056299212593
20
-6.1102903937007875
11
9.4004424015748036
21
-6.1102979921259841
0
LINE
8
BLACK
6
CONTINUOUS
10
9.4004424015748036
20
-6.1102979921259841
11
9.4031925590551175
21
-6.1111455511811021
0
LINE
8
BLACK
6
CONTINUOUS
10
9.4031925590551175
20
-6.1111455511811021
11
9.403232204724409
21
-6.111162716535433
0
LINE
8
BLACK
6
CONTINUOUS
10
9.403232204724409
20
-6.111162716535433
11
9.4054695669291331
21
-6.112440708661417
0
LINE
8
BLACK
6
CONTINUOUS
10
9.4054695669291331
20
-6.112440708661417
11
9.4055078346456682
21
-6.1124692519685038
0
LINE
8
BLACK
6
CONTINUOUS
10
9.4055078346456682
20
-6.1124692519685038
11
9.4072791732283463
21
-6.1141594881889763
0
LINE
8
BLACK
6
CONTINUOUS
10
9.4072791732283463
20
-6.1141594881889763
11
9.4073035039370083
21
-6.1141875196850393
0
LINE
8
BLACK
6
CONTINUOUS
10
9.4073035039370083
20
-6.1141875196850393
11
9.408024566929134
21
-6.1151978346456692
0
LINE
8
BLACK
6
CONTINUOUS
10
9.408024566929134
20
-6.1151978346456692
11
9.4080375590551171
21
-6.1152186614173223
0
LINE
8
BLACK
6
CONTINUOUS
10
9.4080375590551171
20
-6.1152186614173223
11
9.40863842519685
21
-6.1163314960629922
0
LINE
8
BLACK
6
CONTINUOUS
10
9.40863842519685
20
-6.1163314960629922
11
9.4086484645669284
21
-6.1163531889763778
0
LINE
8
BLACK
6
CONTINUOUS
10
9.4086484645669284
20
-6.1163531889763778
11
9.4091383858267719
21
-6.1176032283464563
0
LINE
8
BLACK
6
CONTINUOUS
10
9.4091383858267719
20
-6.1176032283464563
11
9.4091454724409438
21
-6.1176249212598428
0
LINE
8
BLACK
6
CONTINUOUS
10
9.4091454724409438
20
-6.1176249212598428
11
9.4095023228346459
21
-6.1189795275590546
0
LINE
8
BLACK
6
CONTINUOUS
10
9.4095023228346459
20
-6.1189795275590546
11
9.409506653543307
21
-6.1190005905511811
0
LINE
8
BLACK
6
CONTINUOUS
10
9.409506653543307
20
-6.1190005905511811
11
9.4097335826771644
21
-6.1205188582677161
0
LINE
8
BLACK
6
CONTINUOUS
10
9.4097335826771644
20
-6.1205188582677161
11
9.4097355118110233
21
-6.12053874015748
0
LINE
8
BLACK
6
CONTINUOUS
10
9.4097355118110233
20
-6.12053874015748
11
9.4098118897637786
21
-6.1221656299212599
0
LINE
8
BLACK
6
CONTINUOUS
10
9.4098118897637786
20
-6.1221656299212599
11
9.4098120472440936
21
-6.1221805511811018
0
LINE
8
BLACK
6
CONTINUOUS
10
9.4098120472440936
20
-6.1221805511811018
11
9.4097848031496056
21
-6.1231179133858262
0
LINE
8
BLACK
6
CONTINUOUS
10
9.4097848031496056
20
-6.1231179133858262
11
9.4097823622047247
21
-6.1231435433070862
0
LINE
8
BLACK
6
CONTINUOUS
10
9.4097823622047247
20
-6.1231435433070862
11
9.4093268110236217
21
-6.1259682283464567
0
LINE
8
BLACK
6
CONTINUOUS
10
9.4093268110236217
20
-6.1259682283464567
11
9.4093151968503932
21
-6.1260101181102362
0
LINE
8
BLACK
6
CONTINUOUS
10
9.4093151968503932
20
-6.1260101181102362
11
9.4083364960629918
21
-6.1284519291338579
0
LINE
8
BLACK
6
CONTINUOUS
10
9.4083364960629918
20
-6.1284519291338579
11
9.4083207086614173
21
-6.1284830708661415
0
LINE
8
BLACK
6
CONTINUOUS
10
9.4083207086614173
20
-6.1284830708661415
11
9.4076425590551178
21
-6.1295677165354325
0
LINE
8
BLACK
6
CONTINUOUS
10
9.4076425590551178
20
-6.1295677165354325
11
9.407628740157481
21
-6.1295870472440948
0
LINE
8
BLACK
6
CONTINUOUS
10
9.407628740157481
20
-6.1295870472440948
11
9.4068281496062998
21
-6.1305778740157475
0
LINE
8
BLACK
6
CONTINUOUS
10
9.4068281496062998
20
-6.1305778740157475
11
9.4068120472440935
21
-6.1305955118110234
0
LINE
8
BLACK
6
CONTINUOUS
10
9.4068120472440935
20
-6.1305955118110234
11
9.4058787401574797
21
-6.1315003937007875
0
LINE
8
BLACK
6
CONTINUOUS
10
9.4058787401574797
20
-6.1315003937007875
11
9.4058609448818888
21
-6.1315157086614169
0
LINE
8
BLACK
6
CONTINUOUS
10
9.4058609448818888
20
-6.1315157086614169
11
9.4048077952755911
21
-6.1323172834645669
0
LINE
8
BLACK
6
CONTINUOUS
10
9.4048077952755911
20
-6.1323172834645669
11
9.4047888582677164
21
-6.1323300393700784
0
LINE
8
BLACK
6
CONTINUOUS
10
9.4047888582677164
20
-6.1323300393700784
11
9.4035875984251973
21
-6.1330410629921257
0
LINE
8
BLACK
6
CONTINUOUS
10
9.4035875984251973
20
-6.1330410629921257
11
9.4035681496062988
21
-6.1330511417322837
0
LINE
8
BLACK
6
CONTINUOUS
10
9.4035681496062988
20
-6.1330511417322837
11
9.402247204724409
21
-6.1336460629921259
0
LINE
8
BLACK
6
CONTINUOUS
10
9.402247204724409
20
-6.1336460629921259
11
9.4022278740157486
21
-6.133653582677165
0
LINE
8
BLACK
6
CONTINUOUS
10
9.4022278740157486
20
-6.133653582677165
11
9.4007429527559054
21
-6.1341418110236221
0
LINE
8
BLACK
6
CONTINUOUS
10
9.4007429527559054
20
-6.1341418110236221
11
9.400724133858267
21
-6.1341469685039369
0
LINE
8
BLACK
6
CONTINUOUS
10
9.400724133858267
20
-6.1341469685039369
11
9.3991187795275586
21
-6.1345034645669294
0
LINE
8
BLACK
6
CONTINUOUS
10
9.3991187795275586
20
-6.1345034645669294
11
9.3991008267716527
21
-6.1345065748031491
0
LINE
8
BLACK
6
CONTINUOUS
10
9.3991008267716527
20
-6.1345065748031491
11
9.3973210236220464
21
-6.1347320472440945
0
LINE
8
BLACK
6
CONTINUOUS
10
9.3973210236220464
20
-6.1347320472440945
11
9.3973041732283455
21
-6.1347334645669287
0
LINE
8
BLACK
6
CONTINUOUS
10
9.3973041732283455
20
-6.1347334645669287
11
9.3954037007874014
21
-6.1348096456692911
0
LINE
8
BLACK
6
CONTINUOUS
10
9.3954037007874014
20
-6.1348096456692911
11
9.395381968503937
21
-6.1348093307086611
0
LINE
8
BLACK
6
CONTINUOUS
10
9.395381968503937
20
-6.1348093307086611
11
9.392392047244094
21
-6.1345983858267719
0
LINE
8
BLACK
6
CONTINUOUS
10
9.392392047244094
20
-6.1345983858267719
11
9.3923651574803149
21
-6.1345946062992125
0
LINE
8
BLACK
6
CONTINUOUS
10
9.3923651574803149
20
-6.1345946062992125
11
9.388408464566929
21
-6.1337578346456691
0
LINE
8
BLACK
6
CONTINUOUS
10
9.388408464566929
20
-6.1337578346456691
11
9.388380433070866
21
-6.13374968503937
0
LINE
8
BLACK
6
CONTINUOUS
10
9.388380433070866
20
-6.13374968503937
11
9.3851294094488189
21
-6.1325376771653541
0
LINE
8
BLACK
6
CONTINUOUS
10
9.3851294094488189
20
-6.1325376771653541
11
9.3850755511811013
21
-6.1325072047244094
0
LINE
8
BLACK
6
CONTINUOUS
10
9.3850755511811013
20
-6.1325072047244094
11
9.3846705905511811
21
-6.132184645669291
0
LINE
8
BLACK
6
CONTINUOUS
10
9.3846705905511811
20
-6.132184645669291
11
9.3846027952755904
21
-6.1320804724409443
0
LINE
8
BLACK
6
CONTINUOUS
10
9.3846027952755904
20
-6.1320804724409443
11
9.3845147637795279
21
-6.1317438188976379
0
LINE
8
BLACK
6
CONTINUOUS
10
9.3845147637795279
20
-6.1317438188976379
11
9.3845156692913392
21
-6.1316408661417325
0
LINE
8
BLACK
6
CONTINUOUS
10
9.3845156692913392
20
-6.1316408661417325
11
9.3846240551181097
21
-6.1312543700787403
0
LINE
8
BLACK
6
CONTINUOUS
10
9.3846240551181097
20
-6.1312543700787403
11
9.3846335433070855
21
-6.1312279133858265
0
LINE
8
BLACK
6
CONTINUOUS
10
9.3846335433070855
20
-6.1312279133858265
11
9.3854604724409452
21
-6.1293575984251971
0
LINE
8
BLACK
6
CONTINUOUS
10
9.3854604724409452
20
-6.1293575984251971
11
9.3854854330708655
21
-6.129315984251968
0
LINE
8
BLACK
6
CONTINUOUS
10
9.3854854330708655
20
-6.129315984251968
11
9.3857932677165348
21
-6.1289221653543304
0
LINE
8
BLACK
6
CONTINUOUS
10
9.3857932677165348
20
-6.1289221653543304
11
9.3858953937007872
21
-6.1288537795275593
0
LINE
8
BLACK
6
CONTINUOUS
10
9.3858953937007872
20
-6.1288537795275593
11
9.3862540157480314
21
-6.1287536220472436
0
LINE
8
BLACK
6
CONTINUOUS
10
9.3862540157480314
20
-6.1287536220472436
11
9.3863540157480312
21
-6.1287520866141731
0
LINE
8
BLACK
6
CONTINUOUS
10
9.3863540157480312
20
-6.1287520866141731
11
9.3867885826771644
21
-6.1288590551181104
0
LINE
8
BLACK
6
CONTINUOUS
10
9.3867885826771644
20
-6.1288590551181104
11
9.3868200000000002
21
-6.1288696456692913
0
LINE
8
BLACK
6
CONTINUOUS
10
9.3868200000000002
20
-6.1288696456692913
11
9.3889813385826777
21
-6.1298089763779524
0
LINE
8
BLACK
6
CONTINUOUS
10
9.3889813385826777
20
-6.1298089763779524
11
9.3923530314960626
21
-6.1307557874015748
0
LINE
8
BLACK
6
CONTINUOUS
10
9.3923530314960626
20
-6.1307557874015748
11
9.3954033464566926
21
-6.1310551181102362
0
LINE
8
BLACK
6
CONTINUOUS
10
9.3954033464566926
20
-6.1310551181102362
11
9.3960846850393693
21
-6.1310410236220472
0
LINE
8
BLACK
6
CONTINUOUS
10
9.3960846850393693
20
-6.1310410236220472
11
9.3988899212598422
21
-6.1306436614173228
0
LINE
8
BLACK
6
CONTINUOUS
10
9.3988899212598422
20
-6.1306436614173228
11
9.4011656299212589
21
-6.1297725984251965
0
LINE
8
BLACK
6
CONTINUOUS
10
9.4011656299212589
20
-6.1297725984251965
11
9.4029553149606304
21
-6.1284888976377951
0
LINE
8
BLACK
6
CONTINUOUS
10
9.4029553149606304
20
-6.1284888976377951
11
9.4036676771653536
21
-6.1277093700787404
0
LINE
8
BLACK
6
CONTINUOUS
10
9.4036676771653536
20
-6.1277093700787404
11
9.4042648031496068
21
-6.1268336614173231
0
LINE
8
BLACK
6
CONTINUOUS
10
9.4042648031496068
20
-6.1268336614173231
11
9.4047464173228352
21
-6.1258533858267716
0
LINE
8
BLACK
6
CONTINUOUS
10
9.4047464173228352
20
-6.1258533858267716
11
9.405097598425197
21
-6.1247871653543307
0
LINE
8
BLACK
6
CONTINUOUS
10
9.405097598425197
20
-6.1247871653543307
11
9.4053189763779521
21
-6.1236036614173228
0
LINE
8
BLACK
6
CONTINUOUS
10
9.4053189763779521
20
-6.1236036614173228
11
9.4053940944881891
21
-6.1223338188976379
0
LINE
8
BLACK
6
CONTINUOUS
10
9.4053940944881891
20
-6.1223338188976379
11
9.4053889370078743
21
-6.1219809448818898
0
LINE
8
BLACK
6
CONTINUOUS
10
9.4053889370078743
20
-6.1219809448818898
11
9.4050451968503932
21
-6.1195783070866137
0
LINE
8
BLACK
6
CONTINUOUS
10
9.4050451968503932
20
-6.1195783070866137
11
9.4042135826771656
21
-6.1176235826771652
0
LINE
8
BLACK
6
CONTINUOUS
10
9.4042135826771656
20
-6.1176235826771652
11
9.4036235826771648
21
-6.1167950787401573
0
LINE
8
BLACK
6
CONTINUOUS
10
9.4036235826771648
20
-6.1167950787401573
11
9.4029131889763775
21
-6.1160580314960624
0
LINE
8
BLACK
6
CONTINUOUS
10
9.4029131889763775
20
-6.1160580314960624
11
9.4020551968503927
21
-6.1153971653543309
0
LINE
8
BLACK
6
CONTINUOUS
10
9.4020551968503927
20
-6.1153971653543309
11
9.401074921259843
21
-6.1148431496062994
0
LINE
8
BLACK
6
CONTINUOUS
10
9.401074921259843
20
-6.1148431496062994
11
9.3999053149606304
21
-6.1143751574803149
0
LINE
8
BLACK
6
CONTINUOUS
10
9.3999053149606304
20
-6.1143751574803149
11
9.398602913385826
21
-6.1140322440944876
0
LINE
8
BLACK
6
CONTINUOUS
10
9.398602913385826
20
-6.1140322440944876
11
9.3970712598425195
21
-6.1138076377952757
0
LINE
8
BLACK
6
CONTINUOUS
10
9.3970712598425195
20
-6.1138076377952757
11
9.3953994881889766
21
-6.1137322047244096
0
LINE
8
BLACK
6
CONTINUOUS
10
9.3953994881889766
20
-6.1137322047244096
11
9.3919640944881895
21
-6.1140211811023617
0
LINE
8
BLACK
6
CONTINUOUS
10
9.3919640944881895
20
-6.1140211811023617
11
9.3894466141732273
21
-6.1147135433070865
0
LINE
8
BLACK
6
CONTINUOUS
10
9.3894466141732273
20
-6.1147135433070865
11
9.389218070866141
21
-6.1147927952755907
0
LINE
8
BLACK
6
CONTINUOUS
10
9.389218070866141
20
-6.1147927952755907
11
9.3891652755905515
21
-6.1148033070866141
0
LINE
8
BLACK
6
CONTINUOUS
10
9.3891652755905515
20
-6.1148033070866141
11
9.3887365748031488
21
-6.1148287795275591
0
LINE
8
BLACK
6
CONTINUOUS
10
9.3887365748031488
20
-6.1148287795275591
11
9.3886568110236226
21
-6.1148170078740156
0
LINE
8
BLACK
6
CONTINUOUS
10
9.3886568110236226
20
-6.1148170078740156
11
9.3882168110236215
21
-6.1146548425196849
0
LINE
8
BLACK
6
CONTINUOUS
10
9.3882168110236215
20
-6.1146548425196849
11
9.3881826377952748
21
-6.1146383464566929
0
LINE
8
BLACK
6
CONTINUOUS
10
9.3881826377952748
20
-6.1146383464566929
11
9.3871898031496066
21
-6.1140349606299207
0
LINE
8
BLACK
6
CONTINUOUS
10
9.3871898031496066
20
-6.1140349606299207
11
9.3871768897637793
21
-6.1140263779527562
0
LINE
8
BLACK
6
CONTINUOUS
10
9.3871768897637793
20
-6.1140263779527562
11
9.3869598031496064
21
-6.1138697637795278
0
LINE
8
BLACK
6
CONTINUOUS
10
9.3869598031496064
20
-6.1138697637795278
11
9.3869129921259837
21
-6.113822007874016
0
LINE
8
BLACK
6
CONTINUOUS
10
9.3869129921259837
20
-6.113822007874016
11
9.3866597244094478
21
-6.1134554330708664
0
LINE
8
BLACK
6
CONTINUOUS
10
9.3866597244094478
20
-6.1134554330708664
11
9.3866276377952751
21
-6.1133766535433072
0
LINE
8
BLACK
6
CONTINUOUS
10
9.3866276377952751
20
-6.1133766535433072
11
9.3865474803149596
21
-6.112907007874016
0
LINE
8
BLACK
6
CONTINUOUS
10
9.3865474803149596
20
-6.112907007874016
11
9.3865446850393699
21
-6.1128738976377948
0
LINE
8
BLACK
6
CONTINUOUS
10
9.3865446850393699
20
-6.1128738976377948
11
9.3865446850393699
21
-6.0962072047244096
0
LINE
8
BLACK
6
CONTINUOUS
10
9.3865446850393699
20
-6.0962072047244096
11
9.3865546456692908
21
-6.0961453543307087
0
LINE
8
BLACK
6
CONTINUOUS
10
9.3865546456692908
20
-6.0961453543307087
11
9.3867361023622049
21
-6.0955971653543308
0
LINE
8
BLACK
6
CONTINUOUS
10
9.3867361023622049
20
-6.0955971653543308
11
9.3868048818897627
21
-6.0955015354330708
0
LINE
8
BLACK
6
CONTINUOUS
10
9.3868048818897627
20
-6.0955015354330708
11
9.3870788976377959
21
-6.0952960629921256
0
LINE
8
BLACK
6
CONTINUOUS
10
9.3870788976377959
20
-6.0952960629921256
11
9.3871588976377947
21
-6.095260433070866
0
LINE
8
BLACK
6
CONTINUOUS
10
9.3871588976377947
20
-6.095260433070866
11
9.3875303937007875
21
-6.0951871259842516
0
LINE
8
BLACK
6
CONTINUOUS
10
9.3875303937007875
20
-6.0951871259842516
11
9.3875685039370076
21
-6.0951833858267719
0
LINE
8
BLACK
6
CONTINUOUS
10
9.3875685039370076
20
-6.0951833858267719
11
9.4064179921259843
21
-6.0951833858267719
0
LINE
8
BLACK
6
CONTINUOUS
10
9.4064179921259843
20
-6.0951833858267719
11
9.4064794488188976
21
-6.0951932283464565
0
LINE
8
BLACK
6
CONTINUOUS
10
9.4187492913385817
20
-6.1085785039370073
11
9.4192965354330713
21
-6.1087583858267713
0
LINE
8
BLACK
6
CONTINUOUS
10
9.4192965354330713
20
-6.1087583858267713
11
9.4193924409448808
21
-6.1088270866141734
0
LINE
8
BLACK
6
CONTINUOUS
10
9.4193924409448808
20
-6.1088270866141734
11
9.4195987401574808
21
-6.1091014960629924
0
LINE
8
BLACK
6
CONTINUOUS
10
9.4195987401574808
20
-6.1091014960629924
11
9.4196345275590545
21
-6.1091817322834645
0
LINE
8
BLACK
6
CONTINUOUS
10
9.4196345275590545
20
-6.1091817322834645
11
9.4197079527559051
21
-6.109554409448819
0
LINE
8
BLACK
6
CONTINUOUS
10
9.4197079527559051
20
-6.109554409448819
11
9.4197116535433061
21
-6.1095924803149604
0
LINE
8
BLACK
6
CONTINUOUS
10
9.4197116535433061
20
-6.1095924803149604
11
9.4197116535433061
21
-6.1220950787401573
0
LINE
8
BLACK
6
CONTINUOUS
10
9.4197116535433061
20
-6.1220950787401573
11
9.4198758661417319
21
-6.1241662598425197
0
LINE
8
BLACK
6
CONTINUOUS
10
9.4198758661417319
20
-6.1241662598425197
11
9.4205372047244094
21
-6.1264533070866136
0
LINE
8
BLACK
6
CONTINUOUS
10
9.4205372047244094
20
-6.1264533070866136
11
9.4216203543307078
21
-6.1282441732283459
0
LINE
8
BLACK
6
CONTINUOUS
10
9.4216203543307078
20
-6.1282441732283459
11
9.4230731102362206
21
-6.1295575590551179
0
LINE
8
BLACK
6
CONTINUOUS
10
9.4230731102362206
20
-6.1295575590551179
11
9.4239221259842516
21
-6.1300283464566929
0
LINE
8
BLACK
6
CONTINUOUS
10
9.4239221259842516
20
-6.1300283464566929
11
9.4248613779527552
21
-6.1303762598425191
0
LINE
8
BLACK
6
CONTINUOUS
10
9.4248613779527552
20
-6.1303762598425191
11
9.425897362204724
21
-6.1305937795275591
0
LINE
8
BLACK
6
CONTINUOUS
10
9.425897362204724
20
-6.1305937795275591
11
9.4270118897637794
21
-6.1306678346456689
0
LINE
8
BLACK
6
CONTINUOUS
10
9.4270118897637794
20
-6.1306678346456689
11
9.4281933070866142
21
-6.1305808661417318
0
LINE
8
BLACK
6
CONTINUOUS
10
9.4281933070866142
20
-6.1305808661417318
11
9.4293127952755906
21
-6.1303445275590551
0
LINE
8
BLACK
6
CONTINUOUS
10
9.4293127952755906
20
-6.1303445275590551
11
9.4303261811023624
21
-6.12997531496063
0
LINE
8
BLACK
6
CONTINUOUS
10
9.4303261811023624
20
-6.12997531496063
11
9.4312939763779529
21
-6.1294514566929132
0
LINE
8
BLACK
6
CONTINUOUS
10
9.4312939763779529
20
-6.1294514566929132
11
9.4321437795275589
21
-6.1288124015748027
0
LINE
8
BLACK
6
CONTINUOUS
10
9.4321437795275589
20
-6.1288124015748027
11
9.4329331102362204
21
-6.1280111811023623
0
LINE
8
BLACK
6
CONTINUOUS
10
9.4329331102362204
20
-6.1280111811023623
11
9.4335867716535429
21
-6.1271194488188971
0
LINE
8
BLACK
6
CONTINUOUS
10
9.4335867716535429
20
-6.1271194488188971
11
9.4341325196850399
21
-6.1261007480314955
0
LINE
8
BLACK
6
CONTINUOUS
10
9.4341325196850399
20
-6.1261007480314955
11
9.4345244094488194
21
-6.1250407874015744
0
LINE
8
BLACK
6
CONTINUOUS
10
9.4345244094488194
20
-6.1250407874015744
11
9.4348619685039363
21
-6.1228592913385826
0
LINE
8
BLACK
6
CONTINUOUS
10
9.4348619685039363
20
-6.1228592913385826
11
9.4348619685039363
21
-6.1095924803149604
0
LINE
8
BLACK
6
CONTINUOUS
10
9.4348619685039363
20
-6.1095924803149604
11
9.4348719291338572
21
-6.1095306299212595
0
LINE
8
BLACK
6
CONTINUOUS
10
9.4348719291338572
20
-6.1095306299212595
11
9.4350533858267713
21
-6.1089824409448816
0
LINE
8
BLACK
6
CONTINUOUS
10
9.4350533858267713
20
-6.1089824409448816
11
9.4351221653543309
21
-6.1088868110236216
0
LINE
8
BLACK
6
CONTINUOUS
10
9.4351221653543309
20
-6.1088868110236216
11
9.4353961811023623
21
-6.1086813385826773
0
LINE
8
BLACK
6
CONTINUOUS
10
9.4353961811023623
20
-6.1086813385826773
11
9.4354761811023629
21
-6.1086457086614168
0
LINE
8
BLACK
6
CONTINUOUS
10
9.4354761811023629
20
-6.1086457086614168
11
9.4358476771653539
21
-6.1085724015748033
0
LINE
8
BLACK
6
CONTINUOUS
10
9.4358476771653539
20
-6.1085724015748033
11
9.435885787401574
21
-6.1085686614173227
0
LINE
8
BLACK
6
CONTINUOUS
10
9.435885787401574
20
-6.1085686614173227
11
9.4381455118110242
21
-6.1085686614173227
0
LINE
8
BLACK
6
CONTINUOUS
10
9.4381455118110242
20
-6.1085686614173227
11
9.4382074409448808
21
-6.1085786614173223
0
LINE
8
BLACK
6
CONTINUOUS
10
9.4382074409448808
20
-6.1085786614173223
11
9.4387556299212605
21
-6.1087603149606302
0
LINE
8
BLACK
6
CONTINUOUS
10
9.4387556299212605
20
-6.1087603149606302
11
9.4388513385826762
21
-6.1088292519685039
0
LINE
8
BLACK
6
CONTINUOUS
10
9.4388513385826762
20
-6.1088292519685039
11
9.4390568110236224
21
-6.1091039763779529
0
LINE
8
BLACK
6
CONTINUOUS
10
9.4390568110236224
20
-6.1091039763779529
11
9.4390923228346448
21
-6.1091839370078738
0
LINE
8
BLACK
6
CONTINUOUS
10
9.4390923228346448
20
-6.1091839370078738
11
9.4391656299212592
21
-6.1095569291338583
0
LINE
8
BLACK
6
CONTINUOUS
10
9.4391656299212592
20
-6.1095569291338583
11
9.4391693307086619
21
-6.1095948818897634
0
LINE
8
BLACK
6
CONTINUOUS
10
9.4391693307086619
20
-6.1095948818897634
11
9.4391693307086619
21
-6.1333244488188976
0
LINE
8
BLACK
6
CONTINUOUS
10
9.4391693307086619
20
-6.1333244488188976
11
9.4391594881889755
21
-6.133385905511811
0
LINE
8
BLACK
6
CONTINUOUS
10
9.4391594881889755
20
-6.133385905511811
11
9.4389796456692903
21
-6.1339331496062988
0
LINE
8
BLACK
6
CONTINUOUS
10
9.4389796456692903
20
-6.1339331496062988
11
9.4389109055118112
21
-6.13402905511811
0
LINE
8
BLACK
6
CONTINUOUS
10
9.4389109055118112
20
-6.13402905511811
11
9.4386364960629923
21
-6.1342353149606295
0
LINE
8
BLACK
6
CONTINUOUS
10
9.4386364960629923
20
-6.1342353149606295
11
9.438556299212598
21
-6.134271102362205
0
LINE
8
BLACK
6
CONTINUOUS
10
9.438556299212598
20
-6.134271102362205
11
9.4381835826771656
21
-6.1343445669291334
0
LINE
8
BLACK
6
CONTINUOUS
10
9.4381835826771656
20
-6.1343445669291334
11
9.4381455118110242
21
-6.1343482677165353
0
LINE
8
BLACK
6
CONTINUOUS
10
9.4381455118110242
20
-6.1343482677165353
11
9.4363810236220473
21
-6.1343482677165353
0
LINE
8
BLACK
6
CONTINUOUS
10
9.4363810236220473
20
-6.1343482677165353
11
9.436319409448819
21
-6.1343383858267719
0
LINE
8
BLACK
6
CONTINUOUS
10
9.436319409448819
20
-6.1343383858267719
11
9.4357712204724411
21
-6.1341577165354328
0
LINE
8
BLACK
6
CONTINUOUS
10
9.4357712204724411
20
-6.1341577165354328
11
9.4356753937007873
21
-6.1340889370078742
0
LINE
8
BLACK
6
CONTINUOUS
10
9.4356753937007873
20
-6.1340889370078742
11
9.435469921259843
21
-6.133815196850394
0
LINE
8
BLACK
6
CONTINUOUS
10
9.435469921259843
20
-6.133815196850394
11
9.435434212598425
21
-6.1337349999999997
0
LINE
8
BLACK
6
CONTINUOUS
10
9.435434212598425
20
-6.1337349999999997
11
9.4353609055118106
21
-6.1333624409448815
0
LINE
8
BLACK
6
CONTINUOUS
10
9.4353609055118106
20
-6.1333624409448815
11
9.4353572834645671
21
-6.133330472440945
0
LINE
8
BLACK
6
CONTINUOUS
10
9.4353572834645671
20
-6.133330472440945
11
9.4352667322834645
21
-6.130371299212598
0
LINE
8
BLACK
6
CONTINUOUS
10
9.4352667322834645
20
-6.130371299212598
11
9.4351785433070869
21
-6.1305146062992124
0
LINE
8
BLACK
6
CONTINUOUS
10
9.4351785433070869
20
-6.1305146062992124
11
9.4351577559055109
21
-6.1305425196850392
0
LINE
8
BLACK
6
CONTINUOUS
10
9.4351577559055109
20
-6.1305425196850392
11
9.4336014173228353
21
-6.1322857480314958
0
LINE
8
BLACK
6
CONTINUOUS
10
9.4336014173228353
20
-6.1322857480314958
11
9.4335642519685035
21
-6.1323181102362208
0
LINE
8
BLACK
6
CONTINUOUS
10
9.4335642519685035
20
-6.1323181102362208
11
9.4315815354330699
21
-6.1336486614173227
0
LINE
8
BLACK
6
CONTINUOUS
10
9.4315815354330699
20
-6.1336486614173227
11
9.4315388188976375
21
-6.1336703149606295
0
LINE
8
BLACK
6
CONTINUOUS
10
9.4315388188976375
20
-6.1336703149606295
11
9.4292248425196856
21
-6.1345075196850392
0
LINE
8
BLACK
6
CONTINUOUS
10
9.4292248425196856
20
-6.1345075196850392
11
9.4291798425196856
21
-6.1345180314960626
0
LINE
8
BLACK
6
CONTINUOUS
10
9.4291798425196856
20
-6.1345180314960626
11
9.426592401574803
21
-6.1348085826771648
0
LINE
8
BLACK
6
CONTINUOUS
10
9.426592401574803
20
-6.1348085826771648
11
9.4265544094488192
21
-6.1348091338582673
0
LINE
8
BLACK
6
CONTINUOUS
10
9.4265544094488192
20
-6.1348091338582673
11
9.4244360236220466
21
-6.1346362598425195
0
LINE
8
BLACK
6
CONTINUOUS
10
9.4244360236220466
20
-6.1346362598425195
11
9.4244082677165348
21
-6.134632007874016
0
LINE
8
BLACK
6
CONTINUOUS
10
9.4244082677165348
20
-6.134632007874016
11
9.4231271653543303
21
-6.1343398818897636
0
LINE
8
BLACK
6
CONTINUOUS
10
9.4231271653543303
20
-6.1343398818897636
11
9.4231048425196846
21
-6.1343333858267712
0
LINE
8
BLACK
6
CONTINUOUS
10
9.4231048425196846
20
-6.1343333858267712
11
9.4219052755905501
21
-6.1339057480314958
0
LINE
8
BLACK
6
CONTINUOUS
10
9.4219052755905501
20
-6.1339057480314958
11
9.421883188976377
21
-6.1338962992125987
0
LINE
8
BLACK
6
CONTINUOUS
10
9.421883188976377
20
-6.1338962992125987
11
9.4207716141732281
21
-6.1333391732283467
0
LINE
8
BLACK
6
CONTINUOUS
10
9.4207716141732281
20
-6.1333391732283467
11
9.4207503937007875
21
-6.1333268110236219
0
LINE
8
BLACK
6
CONTINUOUS
10
9.4207503937007875
20
-6.1333268110236219
11
9.419730551181102
21
-6.1326449212598426
0
LINE
8
BLACK
6
CONTINUOUS
10
9.419730551181102
20
-6.1326449212598426
11
9.4197108267716541
21
-6.1326298818897635
0
LINE
8
BLACK
6
CONTINUOUS
10
9.4197108267716541
20
-6.1326298818897635
11
9.4187822440944888
21
-6.1318228346456696
0
LINE
8
BLACK
6
CONTINUOUS
10
9.4187822440944888
20
-6.1318228346456696
11
9.4187646456692917
21
-6.131805472440945
0
LINE
8
BLACK
6
CONTINUOUS
10
9.4187646456692917
20
-6.131805472440945
11
9.4179395669291335
21
-6.1308826377952759
0
LINE
8
BLACK
6
CONTINUOUS
10
9.4179395669291335
20
-6.1308826377952759
11
9.4179244488188978
21
-6.1308634251968499
0
LINE
8
BLACK
6
CONTINUOUS
10
9.4179244488188978
20
-6.1308634251968499
11
9.4171998425196843
21
-6.1298163779527561
0
LINE
8
BLACK
6
CONTINUOUS
10
9.4171998425196843
20
-6.1298163779527561
11
9.4171874803149596
21
-6.1297960236220472
0
LINE
8
BLACK
6
CONTINUOUS
10
9.4171874803149596
20
-6.1297960236220472
11
9.4165799212598422
21
-6.1286411417322837
0
LINE
8
BLACK
6
CONTINUOUS
10
9.4165799212598422
20
-6.1286411417322837
11
9.4165704330708664
21
-6.1286201968503935
0
LINE
8
BLACK
6
CONTINUOUS
10
9.4165704330708664
20
-6.1286201968503935
11
9.4160789370078746
21
-6.1273430708661412
0
LINE
8
BLACK
6
CONTINUOUS
10
9.4160789370078746
20
-6.1273430708661412
11
9.4160721653543309
21
-6.1273220866141731
0
LINE
8
BLACK
6
CONTINUOUS
10
9.4160721653543309
20
-6.1273220866141731
11
9.4157127559055116
21
-6.1259451968503935
0
LINE
8
BLACK
6
CONTINUOUS
10
9.4157127559055116
20
-6.1259451968503935
11
9.4157085433070868
21
-6.1259246456692908
0
LINE
8
BLACK
6
CONTINUOUS
10
9.4157085433070868
20
-6.1259246456692908
11
9.4154848031496066
21
-6.124431811023622
0
LINE
8
BLACK
6
CONTINUOUS
10
9.4154848031496066
20
-6.124431811023622
11
9.4154828740157477
21
-6.1244120866141731
0
LINE
8
BLACK
6
CONTINUOUS
10
9.4154828740157477
20
-6.1244120866141731
11
9.4154069291338587
21
-6.1228285433070866
0
LINE
8
BLACK
6
CONTINUOUS
10
9.4154069291338587
20
-6.1228285433070866
11
9.4154066929133862
21
-6.1228190944881886
0
LINE
8
BLACK
6
CONTINUOUS
10
9.4154066929133862
20
-6.1228190944881886
11
9.4154066929133862
21
-6.1095924803149604
0
LINE
8
BLACK
6
CONTINUOUS
10
9.4154066929133862
20
-6.1095924803149604
11
9.4154165748031495
21
-6.1095309448818895
0
LINE
8
BLACK
6
CONTINUOUS
10
9.4154165748031495
20
-6.1095309448818895
11
9.4155970078740161
21
-6.1089827559055117
0
LINE
8
BLACK
6
CONTINUOUS
10
9.4155970078740161
20
-6.1089827559055117
11
9.4156656299212589
21
-6.1088870078740154
0
LINE
8
BLACK
6
CONTINUOUS
10
9.4156656299212589
20
-6.1088870078740154
11
9.415938700787402
21
-6.108681535433071
0
LINE
8
BLACK
6
CONTINUOUS
10
9.415938700787402
20
-6.108681535433071
11
9.4160188976377945
21
-6.1086457086614168
0
LINE
8
BLACK
6
CONTINUOUS
10
9.4160188976377945
20
-6.1086457086614168
11
9.4163899606299211
21
-6.1085724015748033
0
LINE
8
BLACK
6
CONTINUOUS
10
9.4163899606299211
20
-6.1085724015748033
11
9.41642811023622
21
-6.1085686614173227
0
LINE
8
BLACK
6
CONTINUOUS
10
9.41642811023622
20
-6.1085686614173227
11
9.4186878346456684
21
-6.1085686614173227
0
LINE
8
BLACK
6
CONTINUOUS
10
9.4186878346456684
20
-6.1085686614173227
11
9.4187492913385817
21
-6.1085785039370073
0
LINE
8
BLACK
6
CONTINUOUS
10
9.346174133858268
20
-6.1284214173228344
11
9.3462173228346455
21
-6.1284309448818899
0
LINE
8
BLACK
6
CONTINUOUS
10
9.3462173228346455
20
-6.1284309448818899
11
9.3468711023622042
21
-6.1286544881889764
0
LINE
8
BLACK
6
CONTINUOUS
10
9.3468711023622042
20
-6.1286544881889764
11
9.3469128740157483
21
-6.1286745275590553
0
LINE
8
BLACK
6
CONTINUOUS
10
9.3469128740157483
20
-6.1286745275590553
11
9.347481299212598
21
-6.129035157480315
0
LINE
8
BLACK
6
CONTINUOUS
10
9.347481299212598
20
-6.129035157480315
11
9.3475312598425191
21
-6.1290805905511814
0
LINE
8
BLACK
6
CONTINUOUS
10
9.3475312598425191
20
-6.1290805905511814
11
9.3483563779527561
21
-6.1301425196850392
0
LINE
8
BLACK
6
CONTINUOUS
10
9.3483563779527561
20
-6.1301425196850392
11
9.3483932283464561
21
-6.1302211811023621
0
LINE
8
BLACK
6
CONTINUOUS
10
9.3483932283464561
20
-6.1302211811023621
11
9.3486819291338588
21
-6.1315394488188977
0
LINE
8
BLACK
6
CONTINUOUS
10
9.3486819291338588
20
-6.1315394488188977
11
9.3486853937007872
21
-6.1316024015748027
0
LINE
8
BLACK
6
CONTINUOUS
10
9.3486853937007872
20
-6.1316024015748027
11
9.348610157480314
21
-6.1323088582677165
0
LINE
8
BLACK
6
CONTINUOUS
10
9.348610157480314
20
-6.1323088582677165
11
9.3486008661417319
21
-6.1323511811023623
0
LINE
8
BLACK
6
CONTINUOUS
10
9.3486008661417319
20
-6.1323511811023623
11
9.3483789370078743
21
-6.1330062992125987
0
LINE
8
BLACK
6
CONTINUOUS
10
9.3483789370078743
20
-6.1330062992125987
11
9.3483598818897633
21
-6.1330466929133856
0
LINE
8
BLACK
6
CONTINUOUS
10
9.3483598818897633
20
-6.1330466929133856
11
9.3480065748031489
21
-6.1336179133858266
0
LINE
8
BLACK
6
CONTINUOUS
10
9.3480065748031489
20
-6.1336179133858266
11
9.3479618110236213
21
-6.1336683464566928
0
LINE
8
BLACK
6
CONTINUOUS
10
9.3479618110236213
20
-6.1336683464566928
11
9.3469435826771647
21
-6.1344794488188974
0
LINE
8
BLACK
6
CONTINUOUS
10
9.3469435826771647
20
-6.1344794488188974
11
9.3468632283464572
21
-6.1345177165354325
0
LINE
8
BLACK
6
CONTINUOUS
10
9.3468632283464572
20
-6.1345177165354325
11
9.345555826771653
21
-6.1348051968503938
0
LINE
8
BLACK
6
CONTINUOUS
10
9.345555826771653
20
-6.1348051968503938
11
9.3454930708661408
21
-6.1348087401574798
0
LINE
8
BLACK
6
CONTINUOUS
10
9.3454930708661408
20
-6.1348087401574798
11
9.3447919685039373
21
-6.1347354330708663
0
LINE
8
BLACK
6
CONTINUOUS
10
9.3447919685039373
20
-6.1347354330708663
11
9.3447494881889757
21
-6.1347261811023621
0
LINE
8
BLACK
6
CONTINUOUS
10
9.3447494881889757
20
-6.1347261811023621
11
9.3440929133858273
21
-6.1345046062992123
0
LINE
8
BLACK
6
CONTINUOUS
10
9.3440929133858273
20
-6.1345046062992123
11
9.3440518503937007
21
-6.1344851968503935
0
LINE
8
BLACK
6
CONTINUOUS
10
9.3440518503937007
20
-6.1344851968503935
11
9.3434841732283456
21
-6.1341319685039366
0
LINE
8
BLACK
6
CONTINUOUS
10
9.3434841732283456
20
-6.1341319685039366
11
9.3434333464566919
21
-6.1340863779527561
0
LINE
8
BLACK
6
CONTINUOUS
10
9.3434333464566919
20
-6.1340863779527561
11
9.3426172834645662
21
-6.1330465748031493
0
LINE
8
BLACK
6
CONTINUOUS
10
9.3426172834645662
20
-6.1330465748031493
11
9.3425855511811022
21
-6.1329877952755902
0
LINE
8
BLACK
6
CONTINUOUS
10
9.3425855511811022
20
-6.1329877952755902
11
9.3423702755905502
21
-6.1323476377952755
0
LINE
8
BLACK
6
CONTINUOUS
10
9.3423702755905502
20
-6.1323476377952755
11
9.3423611023622044
21
-6.1323056692913385
0
LINE
8
BLACK
6
CONTINUOUS
10
9.3423611023622044
20
-6.1323056692913385
11
9.342286377952755
21
-6.131602362204724
0
LINE
8
BLACK
6
CONTINUOUS
10
9.342286377952755
20
-6.131602362204724
11
9.3422865748031487
21
-6.1315588582677165
0
LINE
8
BLACK
6
CONTINUOUS
10
9.3422865748031487
20
-6.1315588582677165
11
9.3423710629921253
21
-6.1308311417322834
0
LINE
8
BLACK
6
CONTINUOUS
10
9.3423710629921253
20
-6.1308311417322834
11
9.3423813385826762
21
-6.1307873228346459
0
LINE
8
BLACK
6
CONTINUOUS
10
9.3423813385826762
20
-6.1307873228346459
11
9.3426132283464565
21
-6.1301418503937004
0
LINE
8
BLACK
6
CONTINUOUS
10
9.3426132283464565
20
-6.1301418503937004
11
9.3426328740157469
21
-6.130102007874016
0
LINE
8
BLACK
6
CONTINUOUS
10
9.3426328740157469
20
-6.130102007874016
11
9.3429978740157473
21
-6.129533661417323
0
LINE
8
BLACK
6
CONTINUOUS
10
9.3429978740157473
20
-6.129533661417323
11
9.3430425590551174
21
-6.1294847244094486
0
LINE
8
BLACK
6
CONTINUOUS
10
9.3430425590551174
20
-6.1294847244094486
11
9.3440759448818902
21
-6.1286800787401576
0
LINE
8
BLACK
6
CONTINUOUS
10
9.3440759448818902
20
-6.1286800787401576
11
9.3441551968503926
21
-6.1286429921259842
0
LINE
8
BLACK
6
CONTINUOUS
10
9.3441551968503926
20
-6.1286429921259842
11
9.3454718503937002
21
-6.1283577559055118
0
LINE
8
BLACK
6
CONTINUOUS
10
9.3454718503937002
20
-6.1283577559055118
11
9.3455340551181099
21
-6.12835437007874
0
LINE
8
BLACK
6
CONTINUOUS
10
9.3455340551181099
20
-6.12835437007874
11
9.346174133858268
21
-6.1284214173228344
0
LINE
8
BLACK
6
CONTINUOUS
10
7.529547362204724
20
-6.0949724409448818
11
7.5300946062992127
21
-6.0951523228346458
0
LINE
8
BLACK
6
CONTINUOUS
10
7.5300946062992127
20
-6.0951523228346458
11
7.5301905118110231
21
-6.095221023622047
0
LINE
8
BLACK
6
CONTINUOUS
10
7.5301905118110231
20
-6.095221023622047
11
7.5303968110236221
21
-6.0954954330708659
0
LINE
8
BLACK
6
CONTINUOUS
10
7.5303968110236221
20
-6.0954954330708659
11
7.5304325984251967
21
-6.0955756692913381
0
LINE
8
BLACK
6
CONTINUOUS
10
7.5304325984251967
20
-6.0955756692913381
11
7.5305060236220474
21
-6.0959483464566926
0
LINE
8
BLACK
6
CONTINUOUS
10
7.5305060236220474
20
-6.0959483464566926
11
7.5305097244094483
21
-6.0959864173228349
0
LINE
8
BLACK
6
CONTINUOUS
10
7.5305097244094483
20
-6.0959864173228349
11
7.5305097244094483
21
-6.0978062204724406
0
LINE
8
BLACK
6
CONTINUOUS
10
7.5305097244094483
20
-6.0978062204724406
11
7.530499842519685
21
-6.0978678346456689
0
LINE
8
BLACK
6
CONTINUOUS
10
7.530499842519685
20
-6.0978678346456689
11
7.5303191732283459
21
-6.0984160236220468
0
LINE
8
BLACK
6
CONTINUOUS
10
7.5303191732283459
20
-6.0984160236220468
11
7.5302503937007872
21
-6.0985118503937006
0
LINE
8
BLACK
6
CONTINUOUS
10
7.5302503937007872
20
-6.0985118503937006
11
7.529976653543307
21
-6.0987173228346458
0
LINE
8
BLACK
6
CONTINUOUS
10
7.529976653543307
20
-6.0987173228346458
11
7.5298964566929136
21
-6.098753031496063
0
LINE
8
BLACK
6
CONTINUOUS
10
7.5298964566929136
20
-6.098753031496063
11
7.5295238976377954
21
-6.0988263385826773
0
LINE
8
BLACK
6
CONTINUOUS
10
7.5295238976377954
20
-6.0988263385826773
11
7.5294859055118106
21
-6.0988300393700783
0
LINE
8
BLACK
6
CONTINUOUS
10
7.5294859055118106
20
-6.0988300393700783
11
7.5138646456692912
21
-6.0988300393700783
0
LINE
8
BLACK
6
CONTINUOUS
10
7.5138646456692912
20
-6.0988300393700783
11
7.5138646456692912
21
-6.1105338188976379
0
LINE
8
BLACK
6
CONTINUOUS
10
7.5138646456692912
20
-6.1105338188976379
11
7.5162390551181097
21
-6.1099944881889758
0
LINE
8
BLACK
6
CONTINUOUS
10
7.5162390551181097
20
-6.1099944881889758
11
7.5162654724409448
21
-6.1099903543307086
0
LINE
8
BLACK
6
CONTINUOUS
10
7.5162654724409448
20
-6.1099903543307086
11
7.5195475196850392
21
-6.1097020866141731
0
LINE
8
BLACK
6
CONTINUOUS
10
7.5195475196850392
20
-6.1097020866141731
11
7.5195671259842518
21
-6.1097013385826768
0
LINE
8
BLACK
6
CONTINUOUS
10
7.5195671259842518
20
-6.1097013385826768
11
7.5201334251968506
21
-6.1097082283464568
0
LINE
8
BLACK
6
CONTINUOUS
10
7.5201334251968506
20
-6.1097082283464568
11
7.5201522440944881
21
-6.1097093700787397
0
LINE
8
BLACK
6
CONTINUOUS
10
7.5201522440944881
20
-6.1097093700787397
11
7.5234735433070865
21
-6.1100696062992128
0
LINE
8
BLACK
6
CONTINUOUS
10
7.5234735433070865
20
-6.1100696062992128
11
7.5235103149606299
21
-6.1100772047244094
0
LINE
8
BLACK
6
CONTINUOUS
10
7.5235103149606299
20
-6.1100772047244094
11
7.526260433070866
21
-6.1109247637795274
0
LINE
8
BLACK
6
CONTINUOUS
10
7.526260433070866
20
-6.1109247637795274
11
7.5263000787401575
21
-6.1109419291338583
0
LINE
8
BLACK
6
CONTINUOUS
10
7.5263000787401575
20
-6.1109419291338583
11
7.5285374803149603
21
-6.1122199212598423
0
LINE
8
BLACK
6
CONTINUOUS
10
7.5285374803149603
20
-6.1122199212598423
11
7.5285757480314963
21
-6.1122484645669291
0
LINE
8
BLACK
6
CONTINUOUS
10
7.5285757480314963
20
-6.1122484645669291
11
7.5303470866141726
21
-6.1139387007874015
0
LINE
8
BLACK
6
CONTINUOUS
10
7.5303470866141726
20
-6.1139387007874015
11
7.5303714173228347
21
-6.1139667322834645
0
LINE
8
BLACK
6
CONTINUOUS
10
7.5303714173228347
20
-6.1139667322834645
11
7.5310924803149604
21
-6.1149770472440945
0
LINE
8
BLACK
6
CONTINUOUS
10
7.5310924803149604
20
-6.1149770472440945
11
7.5311054724409443
21
-6.1149978740157476
0
LINE
8
BLACK
6
CONTINUOUS
10
7.5311054724409443
20
-6.1149978740157476
11
7.5317063385826772
21
-6.1161107086614175
0
LINE
8
BLACK
6
CONTINUOUS
10
7.5317063385826772
20
-6.1161107086614175
11
7.5317163779527556
21
-6.1161324015748031
0
LINE
8
BLACK
6
CONTINUOUS
10
7.5317163779527556
20
-6.1161324015748031
11
7.5322062992125982
21
-6.1173824409448816
0
LINE
8
BLACK
6
CONTINUOUS
10
7.5322062992125982
20
-6.1173824409448816
11
7.5322133858267719
21
-6.1174041338582672
0
LINE
8
BLACK
6
CONTINUOUS
10
7.5322133858267719
20
-6.1174041338582672
11
7.5325702362204723
21
-6.1187587401574799
0
LINE
8
BLACK
6
CONTINUOUS
10
7.5325702362204723
20
-6.1187587401574799
11
7.5325745669291333
21
-6.1187798031496063
0
LINE
8
BLACK
6
CONTINUOUS
10
7.5325745669291333
20
-6.1187798031496063
11
7.5328014960629917
21
-6.1202980708661414
0
LINE
8
BLACK
6
CONTINUOUS
10
7.5328014960629917
20
-6.1202980708661414
11
7.5328034251968505
21
-6.1203179527559053
0
LINE
8
BLACK
6
CONTINUOUS
10
7.5328034251968505
20
-6.1203179527559053
11
7.5328798031496058
21
-6.1219448425196852
0
LINE
8
BLACK
6
CONTINUOUS
10
7.5328798031496058
20
-6.1219448425196852
11
7.5328799606299208
21
-6.1219597637795271
0
LINE
8
BLACK
6
CONTINUOUS
10
7.5328799606299208
20
-6.1219597637795271
11
7.5328527165354329
21
-6.1228971259842515
0
LINE
8
BLACK
6
CONTINUOUS
10
7.5328527165354329
20
-6.1228971259842515
11
7.5328502755905511
21
-6.1229227559055115
0
LINE
8
BLACK
6
CONTINUOUS
10
7.5328502755905511
20
-6.1229227559055115
11
7.5323947244094489
21
-6.125747440944882
0
LINE
8
BLACK
6
CONTINUOUS
10
7.5323947244094489
20
-6.125747440944882
11
7.5323831102362204
21
-6.1257893307086615
0
LINE
8
BLACK
6
CONTINUOUS
10
7.5323831102362204
20
-6.1257893307086615
11
7.5314044094488191
21
-6.1282311417322832
0
LINE
8
BLACK
6
CONTINUOUS
10
7.5314044094488191
20
-6.1282311417322832
11
7.5313886220472437
21
-6.1282622834645668
0
LINE
8
BLACK
6
CONTINUOUS
10
7.5313886220472437
20
-6.1282622834645668
11
7.530710472440945
21
-6.1293469291338578
0
LINE
8
BLACK
6
CONTINUOUS
10
7.530710472440945
20
-6.1293469291338578
11
7.5306966535433073
21
-6.1293662992125979
0
LINE
8
BLACK
6
CONTINUOUS
10
7.5306966535433073
20
-6.1293662992125979
11
7.5298960236220474
21
-6.1303571259842515
0
LINE
8
BLACK
6
CONTINUOUS
10
7.5298960236220474
20
-6.1303571259842515
11
7.529879921259842
21
-6.1303747244094486
0
LINE
8
BLACK
6
CONTINUOUS
10
7.529879921259842
20
-6.1303747244094486
11
7.5289466141732282
21
-6.1312796062992128
0
LINE
8
BLACK
6
CONTINUOUS
10
7.5289466141732282
20
-6.1312796062992128
11
7.5289288188976373
21
-6.1312949212598422
0
LINE
8
BLACK
6
CONTINUOUS
10
7.5289288188976373
20
-6.1312949212598422
11
7.5278757086614174
21
-6.1320964960629922
0
LINE
8
BLACK
6
CONTINUOUS
10
7.5278757086614174
20
-6.1320964960629922
11
7.5278567716535427
21
-6.1321092519685036
0
LINE
8
BLACK
6
CONTINUOUS
10
7.5278567716535427
20
-6.1321092519685036
11
7.5266554724409449
21
-6.132820275590551
0
LINE
8
BLACK
6
CONTINUOUS
10
7.5266554724409449
20
-6.132820275590551
11
7.5266360236220473
21
-6.1328303543307081
0
LINE
8
BLACK
6
CONTINUOUS
10
7.5266360236220473
20
-6.1328303543307081
11
7.5253151181102362
21
-6.1334252755905512
0
LINE
8
BLACK
6
CONTINUOUS
10
7.5253151181102362
20
-6.1334252755905512
11
7.5252957874015749
21
-6.1334327952755903
0
LINE
8
BLACK
6
CONTINUOUS
10
7.5252957874015749
20
-6.1334327952755903
11
7.5238108661417318
21
-6.1339210236220474
0
LINE
8
BLACK
6
CONTINUOUS
10
7.5238108661417318
20
-6.1339210236220474
11
7.5237920472440942
21
-6.1339261811023622
0
LINE
8
BLACK
6
CONTINUOUS
10
7.5237920472440942
20
-6.1339261811023622
11
7.5221866929133858
21
-6.1342826771653538
0
LINE
8
BLACK
6
CONTINUOUS
10
7.5221866929133858
20
-6.1342826771653538
11
7.5221687401574799
21
-6.1342857874015744
0
LINE
8
BLACK
6
CONTINUOUS
10
7.5221687401574799
20
-6.1342857874015744
11
7.5203889370078736
21
-6.1345112598425198
0
LINE
8
BLACK
6
CONTINUOUS
10
7.5203889370078736
20
-6.1345112598425198
11
7.5203720866141728
21
-6.134512677165354
0
LINE
8
BLACK
6
CONTINUOUS
10
7.5203720866141728
20
-6.134512677165354
11
7.5184716141732277
21
-6.1345888582677164
0
LINE
8
BLACK
6
CONTINUOUS
10
7.5184716141732277
20
-6.1345888582677164
11
7.5184498818897634
21
-6.1345885433070864
0
LINE
8
BLACK
6
CONTINUOUS
10
7.5184498818897634
20
-6.1345885433070864
11
7.5154599606299213
21
-6.1343775984251971
0
LINE
8
BLACK
6
CONTINUOUS
10
7.5154599606299213
20
-6.1343775984251971
11
7.5154330708661412
21
-6.1343738188976378
0
LINE
8
BLACK
6
CONTINUOUS
10
7.5154330708661412
20
-6.1343738188976378
11
7.5114763779527554
21
-6.1335370472440944
0
LINE
8
BLACK
6
CONTINUOUS
10
7.5114763779527554
20
-6.1335370472440944
11
7.5114483464566923
21
-6.1335288976377953
0
LINE
8
BLACK
6
CONTINUOUS
10
7.5114483464566923
20
-6.1335288976377953
11
7.5081973228346452
21
-6.1323168897637794
0
LINE
8
BLACK
6
CONTINUOUS
10
7.5081973228346452
20
-6.1323168897637794
11
7.5081434645669294
21
-6.1322864173228346
0
LINE
8
BLACK
6
CONTINUOUS
10
7.5081434645669294
20
-6.1322864173228346
11
7.5077385039370075
21
-6.1319638582677163
0
LINE
8
BLACK
6
CONTINUOUS
10
7.5077385039370075
20
-6.1319638582677163
11
7.5076707086614167
21
-6.1318596850393696
0
LINE
8
BLACK
6
CONTINUOUS
10
7.5076707086614167
20
-6.1318596850393696
11
7.5075826771653542
21
-6.1315230314960631
0
LINE
8
BLACK
6
CONTINUOUS
10
7.5075826771653542
20
-6.1315230314960631
11
7.5075835826771655
21
-6.1314200787401569
0
LINE
8
BLACK
6
CONTINUOUS
10
7.5075835826771655
20
-6.1314200787401569
11
7.5076919291338582
21
-6.1310335826771656
0
LINE
8
BLACK
6
CONTINUOUS
10
7.5076919291338582
20
-6.1310335826771656
11
7.5077014173228349
21
-6.1310071259842518
0
LINE
8
BLACK
6
CONTINUOUS
10
7.5077014173228349
20
-6.1310071259842518
11
7.5085283858267715
21
-6.1291368110236215
0
LINE
8
BLACK
6
CONTINUOUS
10
7.5085283858267715
20
-6.1291368110236215
11
7.5085533464566927
21
-6.1290951968503933
0
LINE
8
BLACK
6
CONTINUOUS
10
7.5085533464566927
20
-6.1290951968503933
11
7.508861181102362
21
-6.1287013779527557
0
LINE
8
BLACK
6
CONTINUOUS
10
7.508861181102362
20
-6.1287013779527557
11
7.5089633070866144
21
-6.1286329921259837
0
LINE
8
BLACK
6
CONTINUOUS
10
7.5089633070866144
20
-6.1286329921259837
11
7.5093219291338578
21
-6.1285328346456689
0
LINE
8
BLACK
6
CONTINUOUS
10
7.5093219291338578
20
-6.1285328346456689
11
7.5094219291338584
21
-6.1285312992125984
0
LINE
8
BLACK
6
CONTINUOUS
10
7.5094219291338584
20
-6.1285312992125984
11
7.5098564960629917
21
-6.1286382677165356
0
LINE
8
BLACK
6
CONTINUOUS
10
7.5098564960629917
20
-6.1286382677165356
11
7.5098879133858265
21
-6.1286488582677165
0
LINE
8
BLACK
6
CONTINUOUS
10
7.5098879133858265
20
-6.1286488582677165
11
7.512049251968504
21
-6.1295881889763777
0
LINE
8
BLACK
6
CONTINUOUS
10
7.512049251968504
20
-6.1295881889763777
11
7.5154209448818898
21
-6.1305350000000001
0
LINE
8
BLACK
6
CONTINUOUS
10
7.5154209448818898
20
-6.1305350000000001
11
7.5184712598425198
21
-6.1308343307086615
0
LINE
8
BLACK
6
CONTINUOUS
10
7.5184712598425198
20
-6.1308343307086615
11
7.5191525984251966
21
-6.1308202362204725
0
LINE
8
BLACK
6
CONTINUOUS
10
7.5191525984251966
20
-6.1308202362204725
11
7.5219578346456695
21
-6.130422874015748
0
LINE
8
BLACK
6
CONTINUOUS
10
7.5219578346456695
20
-6.130422874015748
11
7.5242335433070862
21
-6.1295518110236218
0
LINE
8
BLACK
6
CONTINUOUS
10
7.5242335433070862
20
-6.1295518110236218
11
7.5260232283464568
21
-6.1282681102362204
0
LINE
8
BLACK
6
CONTINUOUS
10
7.5260232283464568
20
-6.1282681102362204
11
7.526735551181102
21
-6.1274885826771648
0
LINE
8
BLACK
6
CONTINUOUS
10
7.526735551181102
20
-6.1274885826771648
11
7.5273326771653544
21
-6.1266128740157475
0
LINE
8
BLACK
6
CONTINUOUS
10
7.5273326771653544
20
-6.1266128740157475
11
7.5278143307086616
21
-6.1256325590551182
0
LINE
8
BLACK
6
CONTINUOUS
10
7.5278143307086616
20
-6.1256325590551182
11
7.5281655118110233
21
-6.1245663779527559
0
LINE
8
BLACK
6
CONTINUOUS
10
7.5281655118110233
20
-6.1245663779527559
11
7.5283868897637793
21
-6.1233828740157481
0
LINE
8
BLACK
6
CONTINUOUS
10
7.5283868897637793
20
-6.1233828740157481
11
7.5284620078740154
21
-6.1221130314960632
0
LINE
8
BLACK
6
CONTINUOUS
10
7.5284620078740154
20
-6.1221130314960632
11
7.5284568503937006
21
-6.1217601574803151
0
LINE
8
BLACK
6
CONTINUOUS
10
7.5284568503937006
20
-6.1217601574803151
11
7.5281131102362204
21
-6.1193575984251964
0
LINE
8
BLACK
6
CONTINUOUS
10
7.5281131102362204
20
-6.1193575984251964
11
7.5272813779527556
21
-6.1174027559055117
0
LINE
8
BLACK
6
CONTINUOUS
10
7.5272813779527556
20
-6.1174027559055117
11
7.526691496062992
21
-6.1165742913385825
0
LINE
8
BLACK
6
CONTINUOUS
10
7.526691496062992
20
-6.1165742913385825
11
7.5259811023622047
21
-6.1158372440944877
0
LINE
8
BLACK
6
CONTINUOUS
10
7.5259811023622047
20
-6.1158372440944877
11
7.5251231102362199
21
-6.1151763779527561
0
LINE
8
BLACK
6
CONTINUOUS
10
7.5251231102362199
20
-6.1151763779527561
11
7.5241428346456694
21
-6.1146223622047247
0
LINE
8
BLACK
6
CONTINUOUS
10
7.5241428346456694
20
-6.1146223622047247
11
7.5229732283464568
21
-6.1141543700787402
0
LINE
8
BLACK
6
CONTINUOUS
10
7.5229732283464568
20
-6.1141543700787402
11
7.5216708267716532
21
-6.1138114566929129
0
LINE
8
BLACK
6
CONTINUOUS
10
7.5216708267716532
20
-6.1138114566929129
11
7.5201391732283467
21
-6.113586850393701
0
LINE
8
BLACK
6
CONTINUOUS
10
7.5201391732283467
20
-6.113586850393701
11
7.518467401574803
21
-6.1135114173228349
0
LINE
8
BLACK
6
CONTINUOUS
10
7.518467401574803
20
-6.1135114173228349
11
7.5150320078740158
21
-6.113800393700787
0
LINE
8
BLACK
6
CONTINUOUS
10
7.5150320078740158
20
-6.113800393700787
11
7.5125145275590546
21
-6.1144927559055118
0
LINE
8
BLACK
6
CONTINUOUS
10
7.5125145275590546
20
-6.1144927559055118
11
7.5122859448818895
21
-6.114572007874016
0
LINE
8
BLACK
6
CONTINUOUS
10
7.5122859448818895
20
-6.114572007874016
11
7.5122331496062991
21
-6.1145825196850394
0
LINE
8
BLACK
6
CONTINUOUS
10
7.5122331496062991
20
-6.1145825196850394
11
7.5118044488188973
21
-6.1146079921259844
0
LINE
8
BLACK
6
CONTINUOUS
10
7.5118044488188973
20
-6.1146079921259844
11
7.5117246850393702
21
-6.1145961811023621
0
LINE
8
BLACK
6
CONTINUOUS
10
7.5117246850393702
20
-6.1145961811023621
11
7.5112847244094487
21
-6.1144340157480315
0
LINE
8
BLACK
6
CONTINUOUS
10
7.5112847244094487
20
-6.1144340157480315
11
7.5112505511811021
21
-6.1144175590551182
0
LINE
8
BLACK
6
CONTINUOUS
10
7.5112505511811021
20
-6.1144175590551182
11
7.5102577165354329
21
-6.113814173228346
0
LINE
8
BLACK
6
CONTINUOUS
10
7.5102577165354329
20
-6.113814173228346
11
7.5102448031496065
21
-6.1138055905511806
0
LINE
8
BLACK
6
CONTINUOUS
10
7.5102448031496065
20
-6.1138055905511806
11
7.5100277165354328
21
-6.1136489763779522
0
LINE
8
BLACK
6
CONTINUOUS
10
7.5100277165354328
20
-6.1136489763779522
11
7.509980905511811
21
-6.1136012204724404
0
LINE
8
BLACK
6
CONTINUOUS
10
7.509980905511811
20
-6.1136012204724404
11
7.5097276377952751
21
-6.1132346456692908
0
LINE
8
BLACK
6
CONTINUOUS
10
7.5097276377952751
20
-6.1132346456692908
11
7.5096955511811023
21
-6.1131558661417325
0
LINE
8
BLACK
6
CONTINUOUS
10
7.5096955511811023
20
-6.1131558661417325
11
7.5096153937007868
21
-6.1126862204724404
0
LINE
8
BLACK
6
CONTINUOUS
10
7.5096153937007868
20
-6.1126862204724404
11
7.5096125984251962
21
-6.11265311023622
0
LINE
8
BLACK
6
CONTINUOUS
10
7.5096125984251962
20
-6.11265311023622
11
7.5096125984251962
21
-6.0959864173228349
0
LINE
8
BLACK
6
CONTINUOUS
10
7.5096125984251962
20
-6.0959864173228349
11
7.509622559055118
21
-6.095924566929134
0
LINE
8
BLACK
6
CONTINUOUS
10
7.509622559055118
20
-6.095924566929134
11
7.5098040157480312
21
-6.0953763779527561
0
LINE
8
BLACK
6
CONTINUOUS
10
7.5098040157480312
20
-6.0953763779527561
11
7.5098727952755908
21
-6.0952807480314961
0
LINE
8
BLACK
6
CONTINUOUS
10
7.5098727952755908
20
-6.0952807480314961
11
7.5101467716535435
21
-6.0950752755905508
0
LINE
8
BLACK
6
CONTINUOUS
10
7.5101467716535435
20
-6.0950752755905508
11
7.5102267716535431
21
-6.0950396456692912
0
LINE
8
BLACK
6
CONTINUOUS
10
7.5102267716535431
20
-6.0950396456692912
11
7.5105983070866138
21
-6.0949663385826769
0
LINE
8
BLACK
6
CONTINUOUS
10
7.5105983070866138
20
-6.0949663385826769
11
7.5106364173228348
21
-6.0949625984251963
0
LINE
8
BLACK
6
CONTINUOUS
10
7.5106364173228348
20
-6.0949625984251963
11
7.5294859055118106
21
-6.0949625984251963
0
LINE
8
BLACK
6
CONTINUOUS
10
7.5294859055118106
20
-6.0949625984251963
11
7.529547362204724
21
-6.0949724409448818
0
LINE
8
BLACK
6
CONTINUOUS
10
7.541817204724409
20
-6.1083577165354326
11
7.5423644488188977
21
-6.1085375984251966
0
LINE
8
BLACK
6
CONTINUOUS
10
7.5423644488188977
20
-6.1085375984251966
11
7.542460354330708
21
-6.1086062992125987
0
LINE
8
BLACK
6
CONTINUOUS
10
7.542460354330708
20
-6.1086062992125987
11
7.5426666535433071
21
-6.1088807086614167
0
LINE
8
BLACK
6
CONTINUOUS
10
7.5426666535433071
20
-6.1088807086614167
11
7.5427024409448817
21
-6.1089609448818898
0
LINE
8
BLACK
6
CONTINUOUS
10
7.5427024409448817
20
-6.1089609448818898
11
7.5427758661417323
21
-6.1093336220472443
0
LINE
8
BLACK
6
CONTINUOUS
10
7.5427758661417323
20
-6.1093336220472443
11
7.5427795669291333
21
-6.1093716929133857
0
LINE
8
BLACK
6
CONTINUOUS
10
7.5427795669291333
20
-6.1093716929133857
11
7.5427795669291333
21
-6.1218742913385826
0
LINE
8
BLACK
6
CONTINUOUS
10
7.5427795669291333
20
-6.1218742913385826
11
7.5429437795275591
21
-6.123945472440945
0
LINE
8
BLACK
6
CONTINUOUS
10
7.5429437795275591
20
-6.123945472440945
11
7.5436051181102357
21
-6.1262325196850389
0
LINE
8
BLACK
6
CONTINUOUS
10
7.5436051181102357
20
-6.1262325196850389
11
7.544688267716535
21
-6.1280233858267712
0
LINE
8
BLACK
6
CONTINUOUS
10
7.544688267716535
20
-6.1280233858267712
11
7.546141023622047
21
-6.1293367716535432
0
LINE
8
BLACK
6
CONTINUOUS
10
7.546141023622047
20
-6.1293367716535432
11
7.5469900000000001
21
-6.1298075590551182
0
LINE
8
BLACK
6
CONTINUOUS
10
7.5469900000000001
20
-6.1298075590551182
11
7.5479292913385825
21
-6.1301554724409444
0
LINE
8
BLACK
6
CONTINUOUS
10
7.5479292913385825
20
-6.1301554724409444
11
7.5489652362204724
21
-6.1303729921259844
0
LINE
8
BLACK
6
CONTINUOUS
10
7.5489652362204724
20
-6.1303729921259844
11
7.5500798031496057
21
-6.1304470472440942
0
LINE
8
BLACK
6
CONTINUOUS
10
7.5500798031496057
20
-6.1304470472440942
11
7.5512611811023618
21
-6.1303600787401571
0
LINE
8
BLACK
6
CONTINUOUS
10
7.5512611811023618
20
-6.1303600787401571
11
7.552380708661417
21
-6.1301237401574804
0
LINE
8
BLACK
6
CONTINUOUS
10
7.552380708661417
20
-6.1301237401574804
11
7.5533940944881888
21
-6.1297545275590553
0
LINE
8
BLACK
6
CONTINUOUS
10
7.5533940944881888
20
-6.1297545275590553
11
7.5543618503937005
21
-6.1292306692913385
0
LINE
8
BLACK
6
CONTINUOUS
10
7.5543618503937005
20
-6.1292306692913385
11
7.5552116929133852
21
-6.128591614173228
0
LINE
8
BLACK
6
CONTINUOUS
10
7.5552116929133852
20
-6.128591614173228
11
7.5560010236220467
21
-6.1277903937007876
0
LINE
8
BLACK
6
CONTINUOUS
10
7.5560010236220467
20
-6.1277903937007876
11
7.5566546850393701
21
-6.1268986614173224
0
LINE
8
BLACK
6
CONTINUOUS
10
7.5566546850393701
20
-6.1268986614173224
11
7.5572004330708662
21
-6.1258799606299208
0
LINE
8
BLACK
6
CONTINUOUS
10
7.5572004330708662
20
-6.1258799606299208
11
7.5575923228346458
21
-6.1248199999999997
0
LINE
8
BLACK
6
CONTINUOUS
10
7.5575923228346458
20
-6.1248199999999997
11
7.5579298818897636
21
-6.1226385039370079
0
LINE
8
BLACK
6
CONTINUOUS
10
7.5579298818897636
20
-6.1226385039370079
11
7.5579298818897636
21
-6.1093716929133857
0
LINE
8
BLACK
6
CONTINUOUS
10
7.5579298818897636
20
-6.1093716929133857
11
7.5579398425196844
21
-6.1093098425196848
0
LINE
8
BLACK
6
CONTINUOUS
10
7.5579398425196844
20
-6.1093098425196848
11
7.5581212992125986
21
-6.1087616535433069
0
LINE
8
BLACK
6
CONTINUOUS
10
7.5581212992125986
20
-6.1087616535433069
11
7.5581900787401572
21
-6.1086660236220469
0
LINE
8
BLACK
6
CONTINUOUS
10
7.5581900787401572
20
-6.1086660236220469
11
7.5584640944881887
21
-6.1084605511811025
0
LINE
8
BLACK
6
CONTINUOUS
10
7.5584640944881887
20
-6.1084605511811025
11
7.5585440944881892
21
-6.108424921259842
0
LINE
8
BLACK
6
CONTINUOUS
10
7.5585440944881892
20
-6.108424921259842
11
7.5589155905511811
21
-6.1083516141732286
0
LINE
8
BLACK
6
CONTINUOUS
10
7.5589155905511811
20
-6.1083516141732286
11
7.5589537007874013
21
-6.108347874015748
0
LINE
8
BLACK
6
CONTINUOUS
10
7.5589537007874013
20
-6.108347874015748
11
7.5612134251968506
21
-6.108347874015748
0
LINE
8
BLACK
6
CONTINUOUS
10
7.5612134251968506
20
-6.108347874015748
11
7.5612753543307081
21
-6.1083578740157476
0
LINE
8
BLACK
6
CONTINUOUS
10
7.5612753543307081
20
-6.1083578740157476
11
7.5618235433070868
21
-6.1085395275590546
0
LINE
8
BLACK
6
CONTINUOUS
10
7.5618235433070868
20
-6.1085395275590546
11
7.5619192519685035
21
-6.1086084645669292
0
LINE
8
BLACK
6
CONTINUOUS
10
7.5619192519685035
20
-6.1086084645669292
11
7.5621247244094487
21
-6.1088831889763782
0
LINE
8
BLACK
6
CONTINUOUS
10
7.5621247244094487
20
-6.1088831889763782
11
7.5621602362204721
21
-6.108963149606299
0
LINE
8
BLACK
6
CONTINUOUS
10
7.5621602362204721
20
-6.108963149606299
11
7.5622335433070864
21
-6.1093361417322836
0
LINE
8
BLACK
6
CONTINUOUS
10
7.5622335433070864
20
-6.1093361417322836
11
7.5622372440944883
21
-6.1093740944881887
0
LINE
8
BLACK
6
CONTINUOUS
10
7.5622372440944883
20
-6.1093740944881887
11
7.5622372440944883
21
-6.1331036614173229
0
LINE
8
BLACK
6
CONTINUOUS
10
7.5622372440944883
20
-6.1331036614173229
11
7.5622274015748028
21
-6.1331651181102362
0
LINE
8
BLACK
6
CONTINUOUS
10
7.5622274015748028
20
-6.1331651181102362
11
7.5620475590551175
21
-6.133712362204724
0
LINE
8
BLACK
6
CONTINUOUS
10
7.5620475590551175
20
-6.133712362204724
11
7.5619788188976376
21
-6.1338082677165353
0
LINE
8
BLACK
6
CONTINUOUS
10
7.5619788188976376
20
-6.1338082677165353
11
7.5617044094488186
21
-6.1340145275590547
0
LINE
8
BLACK
6
CONTINUOUS
10
7.5617044094488186
20
-6.1340145275590547
11
7.5616242125984252
21
-6.1340503149606294
0
LINE
8
BLACK
6
CONTINUOUS
10
7.5616242125984252
20
-6.1340503149606294
11
7.561251496062992
21
-6.1341237795275587
0
LINE
8
BLACK
6
CONTINUOUS
10
7.561251496062992
20
-6.1341237795275587
11
7.5612134251968506
21
-6.1341274803149606
0
LINE
8
BLACK
6
CONTINUOUS
10
7.5612134251968506
20
-6.1341274803149606
11
7.5594489370078737
21
-6.1341274803149606
0
LINE
8
BLACK
6
CONTINUOUS
10
7.5594489370078737
20
-6.1341274803149606
11
7.5593873228346453
21
-6.1341175984251963
0
LINE
8
BLACK
6
CONTINUOUS
10
7.5593873228346453
20
-6.1341175984251963
11
7.5588391338582674
21
-6.1339369291338581
0
LINE
8
BLACK
6
CONTINUOUS
10
7.5588391338582674
20
-6.1339369291338581
11
7.5587433070866137
21
-6.1338681496062994
0
LINE
8
BLACK
6
CONTINUOUS
10
7.5587433070866137
20
-6.1338681496062994
11
7.5585378346456693
21
-6.1335944094488184
0
LINE
8
BLACK
6
CONTINUOUS
10
7.5585378346456693
20
-6.1335944094488184
11
7.5585021259842522
21
-6.133514212598425
0
LINE
8
BLACK
6
CONTINUOUS
10
7.5585021259842522
20
-6.133514212598425
11
7.5584288188976378
21
-6.1331416535433068
0
LINE
8
BLACK
6
CONTINUOUS
10
7.5584288188976378
20
-6.1331416535433068
11
7.5584251968503935
21
-6.1331096850393703
0
LINE
8
BLACK
6
CONTINUOUS
10
7.5584251968503935
20
-6.1331096850393703
11
7.5583346456692908
21
-6.1301505118110233
0
LINE
8
BLACK
6
CONTINUOUS
10
7.5583346456692908
20
-6.1301505118110233
11
7.5582464566929133
21
-6.1302938188976377
0
LINE
8
BLACK
6
CONTINUOUS
10
7.5582464566929133
20
-6.1302938188976377
11
7.5582256692913381
21
-6.1303217322834644
0
LINE
8
BLACK
6
CONTINUOUS
10
7.5582256692913381
20
-6.1303217322834644
11
7.5566693307086616
21
-6.1320649606299211
0
LINE
8
BLACK
6
CONTINUOUS
10
7.5566693307086616
20
-6.1320649606299211
11
7.5566321653543307
21
-6.1320973228346451
0
LINE
8
BLACK
6
CONTINUOUS
10
7.5566321653543307
20
-6.1320973228346451
11
7.5546494488188971
21
-6.133427874015748
0
LINE
8
BLACK
6
CONTINUOUS
10
7.5546494488188971
20
-6.133427874015748
11
7.5546067322834647
21
-6.1334495275590548
0
LINE
8
BLACK
6
CONTINUOUS
10
7.5546067322834647
20
-6.1334495275590548
11
7.5522927165354332
21
-6.1342867322834644
0
LINE
8
BLACK
6
CONTINUOUS
10
7.5522927165354332
20
-6.1342867322834644
11
7.5522477165354331
21
-6.1342972440944878
0
LINE
8
BLACK
6
CONTINUOUS
10
7.5522477165354331
20
-6.1342972440944878
11
7.5496603149606294
21
-6.1345877952755901
0
LINE
8
BLACK
6
CONTINUOUS
10
7.5496603149606294
20
-6.1345877952755901
11
7.5496223228346455
21
-6.1345883464566926
0
LINE
8
BLACK
6
CONTINUOUS
10
7.5496223228346455
20
-6.1345883464566926
11
7.5475038976377951
21
-6.1344154724409448
0
LINE
8
BLACK
6
CONTINUOUS
10
7.5475038976377951
20
-6.1344154724409448
11
7.5474761417322833
21
-6.1344112204724404
0
LINE
8
BLACK
6
CONTINUOUS
10
7.5474761417322833
20
-6.1344112204724404
11
7.5461950787401575
21
-6.1341190944881889
0
LINE
8
BLACK
6
CONTINUOUS
10
7.5461950787401575
20
-6.1341190944881889
11
7.5461727559055118
21
-6.1341125984251965
0
LINE
8
BLACK
6
CONTINUOUS
10
7.5461727559055118
20
-6.1341125984251965
11
7.5449731496062986
21
-6.1336849606299211
0
LINE
8
BLACK
6
CONTINUOUS
10
7.5449731496062986
20
-6.1336849606299211
11
7.5449510629921255
21
-6.1336755118110231
0
LINE
8
BLACK
6
CONTINUOUS
10
7.5449510629921255
20
-6.1336755118110231
11
7.5438395275590553
21
-6.1331183858267719
0
LINE
8
BLACK
6
CONTINUOUS
10
7.5438395275590553
20
-6.1331183858267719
11
7.5438183070866138
21
-6.1331060629921259
0
LINE
8
BLACK
6
CONTINUOUS
10
7.5438183070866138
20
-6.1331060629921259
11
7.5427984251968505
21
-6.1324241732283467
0
LINE
8
BLACK
6
CONTINUOUS
10
7.5427984251968505
20
-6.1324241732283467
11
7.5427787007874016
21
-6.1324090944881888
0
LINE
8
BLACK
6
CONTINUOUS
10
7.5427787007874016
20
-6.1324090944881888
11
7.5418501574803152
21
-6.131602047244094
0
LINE
8
BLACK
6
CONTINUOUS
10
7.5418501574803152
20
-6.131602047244094
11
7.5418325590551181
21
-6.1315846850393703
0
LINE
8
BLACK
6
CONTINUOUS
10
7.5418325590551181
20
-6.1315846850393703
11
7.541007440944882
21
-6.1306618503937003
0
LINE
8
BLACK
6
CONTINUOUS
10
7.541007440944882
20
-6.1306618503937003
11
7.5409922834645666
21
-6.1306426377952752
0
LINE
8
BLACK
6
CONTINUOUS
10
7.5409922834645666
20
-6.1306426377952752
11
7.5402677165354328
21
-6.1295955905511805
0
LINE
8
BLACK
6
CONTINUOUS
10
7.5402677165354328
20
-6.1295955905511805
11
7.5402553937007868
21
-6.1295752362204725
0
LINE
8
BLACK
6
CONTINUOUS
10
7.5402553937007868
20
-6.1295752362204725
11
7.5396477952755907
21
-6.1284203543307081
0
LINE
8
BLACK
6
CONTINUOUS
10
7.5396477952755907
20
-6.1284203543307081
11
7.539638307086614
21
-6.1283994094488188
0
LINE
8
BLACK
6
CONTINUOUS
10
7.539638307086614
20
-6.1283994094488188
11
7.5391468503937009
21
-6.1271222834645664
0
LINE
8
BLACK
6
CONTINUOUS
10
7.5391468503937009
20
-6.1271222834645664
11
7.5391400787401572
21
-6.1271012992125984
0
LINE
8
BLACK
6
CONTINUOUS
10
7.5391400787401572
20
-6.1271012992125984
11
7.5387806692913388
21
-6.1257244094488188
0
LINE
8
BLACK
6
CONTINUOUS
10
7.5387806692913388
20
-6.1257244094488188
11
7.5387764566929132
21
-6.1257038582677161
0
LINE
8
BLACK
6
CONTINUOUS
10
7.5387764566929132
20
-6.1257038582677161
11
7.5385526771653542
21
-6.1242110236220473
0
LINE
8
BLACK
6
CONTINUOUS
10
7.5385526771653542
20
-6.1242110236220473
11
7.5385507480314962
21
-6.1241912598425197
0
LINE
8
BLACK
6
CONTINUOUS
10
7.5385507480314962
20
-6.1241912598425197
11
7.538474842519685
21
-6.1226077165354331
0
LINE
8
BLACK
6
CONTINUOUS
10
7.538474842519685
20
-6.1226077165354331
11
7.5384746062992125
21
-6.1225983070866139
0
LINE
8
BLACK
6
CONTINUOUS
10
7.5384746062992125
20
-6.1225983070866139
11
7.5384746062992125
21
-6.1093716929133857
0
LINE
8
BLACK
6
CONTINUOUS
10
7.5384746062992125
20
-6.1093716929133857
11
7.5384844881889759
21
-6.1093101574803148
0
LINE
8
BLACK
6
CONTINUOUS
10
7.5384844881889759
20
-6.1093101574803148
11
7.5386649212598424
21
-6.1087619685039369
0
LINE
8
BLACK
6
CONTINUOUS
10
7.5386649212598424
20
-6.1087619685039369
11
7.5387335433070861
21
-6.1086662204724407
0
LINE
8
BLACK
6
CONTINUOUS
10
7.5387335433070861
20
-6.1086662204724407
11
7.5390066141732284
21
-6.1084607480314963
0
LINE
8
BLACK
6
CONTINUOUS
10
7.5390066141732284
20
-6.1084607480314963
11
7.5390868110236218
21
-6.108424921259842
0
LINE
8
BLACK
6
CONTINUOUS
10
7.5390868110236218
20
-6.108424921259842
11
7.5394578740157483
21
-6.1083516141732286
0
LINE
8
BLACK
6
CONTINUOUS
10
7.5394578740157483
20
-6.1083516141732286
11
7.5394960236220472
21
-6.108347874015748
0
LINE
8
BLACK
6
CONTINUOUS
10
7.5394960236220472
20
-6.108347874015748
11
7.5417557480314956
21
-6.108347874015748
0
LINE
8
BLACK
6
CONTINUOUS
10
7.5417557480314956
20
-6.108347874015748
11
7.541817204724409
21
-6.1083577165354326
0
LINE
8
BLACK
6
CONTINUOUS
10
7.4729345275590546
20
-6.1282006299212597
11
7.472977716535433
21
-6.1282101574803152
0
LINE
8
BLACK
6
CONTINUOUS
10
7.472977716535433
20
-6.1282101574803152
11
7.4736314960629917
21
-6.1284337007874017
0
LINE
8
BLACK
6
CONTINUOUS
10
7.4736314960629917
20
-6.1284337007874017
11
7.473673267716535
21
-6.1284537401574806
0
LINE
8
BLACK
6
CONTINUOUS
10
7.473673267716535
20
-6.1284537401574806
11
7.4742416929133855
21
-6.1288143700787403
0
LINE
8
BLACK
6
CONTINUOUS
10
7.4742416929133855
20
-6.1288143700787403
11
7.4742916535433066
21
-6.1288598031496058
0
LINE
8
BLACK
6
CONTINUOUS
10
7.4742916535433066
20
-6.1288598031496058
11
7.4751167716535427
21
-6.1299217322834645
0
LINE
8
BLACK
6
CONTINUOUS
10
7.4751167716535427
20
-6.1299217322834645
11
7.4751536220472437
21
-6.1300003937007874
0
LINE
8
BLACK
6
CONTINUOUS
10
7.4751536220472437
20
-6.1300003937007874
11
7.4754423228346454
21
-6.131318661417323
0
LINE
8
BLACK
6
CONTINUOUS
10
7.4754423228346454
20
-6.131318661417323
11
7.4754457874015747
21
-6.131381614173228
0
LINE
8
BLACK
6
CONTINUOUS
10
7.4754457874015747
20
-6.131381614173228
11
7.4753705511811024
21
-6.1320880708661418
0
LINE
8
BLACK
6
CONTINUOUS
10
7.4753705511811024
20
-6.1320880708661418
11
7.4753612598425194
21
-6.1321303937007876
0
LINE
8
BLACK
6
CONTINUOUS
10
7.4753612598425194
20
-6.1321303937007876
11
7.4751393307086609
21
-6.132785511811023
0
LINE
8
BLACK
6
CONTINUOUS
10
7.4751393307086609
20
-6.132785511811023
11
7.4751202755905508
21
-6.1328259055118108
0
LINE
8
BLACK
6
CONTINUOUS
10
7.4751202755905508
20
-6.1328259055118108
11
7.4747669685039364
21
-6.1333971259842519
0
LINE
8
BLACK
6
CONTINUOUS
10
7.4747669685039364
20
-6.1333971259842519
11
7.4747222047244088
21
-6.1334475590551181
0
LINE
8
BLACK
6
CONTINUOUS
10
7.4747222047244088
20
-6.1334475590551181
11
7.4737039763779523
21
-6.1342586614173227
0
LINE
8
BLACK
6
CONTINUOUS
10
7.4737039763779523
20
-6.1342586614173227
11
7.4736236220472438
21
-6.1342969291338578
0
LINE
8
BLACK
6
CONTINUOUS
10
7.4736236220472438
20
-6.1342969291338578
11
7.4723162204724405
21
-6.1345844094488191
0
LINE
8
BLACK
6
CONTINUOUS
10
7.4723162204724405
20
-6.1345844094488191
11
7.4722534645669292
21
-6.1345879527559051
0
LINE
8
BLACK
6
CONTINUOUS
10
7.4722534645669292
20
-6.1345879527559051
11
7.471552362204724
21
-6.1345146456692916
0
LINE
8
BLACK
6
CONTINUOUS
10
7.471552362204724
20
-6.1345146456692916
11
7.4715098818897632
21
-6.1345053937007874
0
LINE
8
BLACK
6
CONTINUOUS
10
7.4715098818897632
20
-6.1345053937007874
11
7.4708533070866139
21
-6.1342838188976376
0
LINE
8
BLACK
6
CONTINUOUS
10
7.4708533070866139
20
-6.1342838188976376
11
7.4708122440944882
21
-6.1342644094488188
0
LINE
8
BLACK
6
CONTINUOUS
10
7.4708122440944882
20
-6.1342644094488188
11
7.470244566929134
21
-6.1339111811023619
0
LINE
8
BLACK
6
CONTINUOUS
10
7.470244566929134
20
-6.1339111811023619
11
7.4701937401574803
21
-6.1338655905511805
0
LINE
8
BLACK
6
CONTINUOUS
10
7.4701937401574803
20
-6.1338655905511805
11
7.4693776771653537
21
-6.1328257874015746
0
LINE
8
BLACK
6
CONTINUOUS
10
7.4693776771653537
20
-6.1328257874015746
11
7.4693459448818897
21
-6.1327670078740155
0
LINE
8
BLACK
6
CONTINUOUS
10
7.4693459448818897
20
-6.1327670078740155
11
7.4691306692913386
21
-6.1321268503937008
0
LINE
8
BLACK
6
CONTINUOUS
10
7.4691306692913386
20
-6.1321268503937008
11
7.4691214960629919
21
-6.1320848818897637
0
LINE
8
BLACK
6
CONTINUOUS
10
7.4691214960629919
20
-6.1320848818897637
11
7.4690467716535434
21
-6.1313815748031493
0
LINE
8
BLACK
6
CONTINUOUS
10
7.4690467716535434
20
-6.1313815748031493
11
7.4690469685039371
21
-6.1313380708661418
0
LINE
8
BLACK
6
CONTINUOUS
10
7.4690469685039371
20
-6.1313380708661418
11
7.4691314566929128
21
-6.1306103543307087
0
LINE
8
BLACK
6
CONTINUOUS
10
7.4691314566929128
20
-6.1306103543307087
11
7.4691417322834646
21
-6.1305665354330703
0
LINE
8
BLACK
6
CONTINUOUS
10
7.4691417322834646
20
-6.1305665354330703
11
7.469373622047244
21
-6.1299210629921257
0
LINE
8
BLACK
6
CONTINUOUS
10
7.469373622047244
20
-6.1299210629921257
11
7.4693932677165353
21
-6.1298812204724404
0
LINE
8
BLACK
6
CONTINUOUS
10
7.4693932677165353
20
-6.1298812204724404
11
7.4697582677165348
21
-6.1293128740157483
0
LINE
8
BLACK
6
CONTINUOUS
10
7.4697582677165348
20
-6.1293128740157483
11
7.4698029527559058
21
-6.1292639370078739
0
LINE
8
BLACK
6
CONTINUOUS
10
7.4698029527559058
20
-6.1292639370078739
11
7.4708363385826768
21
-6.1284592913385829
0
LINE
8
BLACK
6
CONTINUOUS
10
7.4708363385826768
20
-6.1284592913385829
11
7.470915590551181
21
-6.1284222047244095
0
LINE
8
BLACK
6
CONTINUOUS
10
7.470915590551181
20
-6.1284222047244095
11
7.4722322440944877
21
-6.1281369685039371
0
LINE
8
BLACK
6
CONTINUOUS
10
7.4722322440944877
20
-6.1281369685039371
11
7.4722944488188974
21
-6.1281335826771652
0
LINE
8
BLACK
6
CONTINUOUS
10
7.4722944488188974
20
-6.1281335826771652
11
7.4729345275590546
21
-6.1282006299212597
0
LINE
8
BLACK
6
CONTINUOUS
10
9.3227195669291341
20
-6.0947359842519679
11
9.3227405511811021
21
-6.0947374803149605
0
LINE
8
BLACK
6
CONTINUOUS
10
9.3227405511811021
20
-6.0947374803149605
11
9.3259772834645673
21
-6.0951447637795271
0
LINE
8
BLACK
6
CONTINUOUS
10
9.3259772834645673
20
-6.0951447637795271
11
9.3260149606299212
21
-6.0951533464566925
0
LINE
8
BLACK
6
CONTINUOUS
10
9.3260149606299212
20
-6.0951533464566925
11
9.3287648818897644
21
-6.0960701968503939
0
LINE
8
BLACK
6
CONTINUOUS
10
9.3287648818897644
20
-6.0960701968503939
11
9.3288040551181108
21
-6.0960882283464564
0
LINE
8
BLACK
6
CONTINUOUS
10
9.3288040551181108
20
-6.0960882283464564
11
9.3310862204724412
21
-6.0974601181102361
0
LINE
8
BLACK
6
CONTINUOUS
10
9.3310862204724412
20
-6.0974601181102361
11
9.3311142125984254
21
-6.0974805118110238
0
LINE
8
BLACK
6
CONTINUOUS
10
9.3311142125984254
20
-6.0974805118110238
11
9.3320855118110231
21
-6.0983280314960631
0
LINE
8
BLACK
6
CONTINUOUS
10
9.3320855118110231
20
-6.0983280314960631
11
9.3321024015748026
21
-6.0983446062992126
0
LINE
8
BLACK
6
CONTINUOUS
10
9.3321024015748026
20
-6.0983446062992126
11
9.3329570866141722
21
-6.0992938582677168
0
LINE
8
BLACK
6
CONTINUOUS
10
9.3329570866141722
20
-6.0992938582677168
11
9.3329719291338584
21
-6.0993125196850393
0
LINE
8
BLACK
6
CONTINUOUS
10
9.3329719291338584
20
-6.0993125196850393
11
9.3337152362204723
21
-6.1003718503937003
0
LINE
8
BLACK
6
CONTINUOUS
10
9.3337152362204723
20
-6.1003718503937003
11
9.3337275984251971
21
-6.1003919685039367
0
LINE
8
BLACK
6
CONTINUOUS
10
9.3337275984251971
20
-6.1003919685039367
11
9.3343457480314953
21
-6.1015458267716536
0
LINE
8
BLACK
6
CONTINUOUS
10
9.3343457480314953
20
-6.1015458267716536
11
9.3343554724409454
21
-6.1015668110236216
0
LINE
8
BLACK
6
CONTINUOUS
10
9.3343554724409454
20
-6.1015668110236216
11
9.3348548425196842
21
-6.1028383464566929
0
LINE
8
BLACK
6
CONTINUOUS
10
9.3348548425196842
20
-6.1028383464566929
11
9.3348618110236217
21
-6.1028596062992122
0
LINE
8
BLACK
6
CONTINUOUS
10
9.3348618110236217
20
-6.1028596062992122
11
9.3352244881889757
21
-6.1042196850393697
0
LINE
8
BLACK
6
CONTINUOUS
10
9.3352244881889757
20
-6.1042196850393697
11
9.3352288582677172
21
-6.1042406299212599
0
LINE
8
BLACK
6
CONTINUOUS
10
9.3352288582677172
20
-6.1042406299212599
11
9.3354557480314959
21
-6.1057234251968504
0
LINE
8
BLACK
6
CONTINUOUS
10
9.3354557480314959
20
-6.1057234251968504
11
9.3354577952755911
21
-6.1057435826771655
0
LINE
8
BLACK
6
CONTINUOUS
10
9.3354577952755911
20
-6.1057435826771655
11
9.3355341732283463
21
-6.1073087401574799
0
LINE
8
BLACK
6
CONTINUOUS
10
9.3355341732283463
20
-6.1073087401574799
11
9.3355341732283463
21
-6.1073280314960625
0
LINE
8
BLACK
6
CONTINUOUS
10
9.3355341732283463
20
-6.1073280314960625
11
9.3354544881889758
21
-6.1089470472440945
0
LINE
8
BLACK
6
CONTINUOUS
10
9.3354544881889758
20
-6.1089470472440945
11
9.3354525984251975
21
-6.1089662598425196
0
LINE
8
BLACK
6
CONTINUOUS
10
9.3354525984251975
20
-6.1089662598425196
11
9.3352230314960636
21
-6.1105125196850389
0
LINE
8
BLACK
6
CONTINUOUS
10
9.3352230314960636
20
-6.1105125196850389
11
9.3352193307086608
21
-6.1105311023622049
0
LINE
8
BLACK
6
CONTINUOUS
10
9.3352193307086608
20
-6.1105311023622049
11
9.334830669291339
21
-6.11209437007874
0
LINE
8
BLACK
6
CONTINUOUS
10
9.334830669291339
20
-6.11209437007874
11
9.3348253543307091
21
-6.1121122047244096
0
LINE
8
BLACK
6
CONTINUOUS
10
9.3348253543307091
20
-6.1121122047244096
11
9.3342544881889769
21
-6.113735669291338
0
LINE
8
BLACK
6
CONTINUOUS
10
9.3342544881889769
20
-6.113735669291338
11
9.3342479133858269
21
-6.113752007874016
0
LINE
8
BLACK
6
CONTINUOUS
10
9.3342479133858269
20
-6.113752007874016
11
9.333491811023622
21
-6.1154106299212598
0
LINE
8
BLACK
6
CONTINUOUS
10
9.333491811023622
20
-6.1154106299212598
11
9.3334843307086608
21
-6.1154253149606301
0
LINE
8
BLACK
6
CONTINUOUS
10
9.3334843307086608
20
-6.1154253149606301
11
9.3324760236220463
21
-6.1172218110236223
0
LINE
8
BLACK
6
CONTINUOUS
10
9.3324760236220463
20
-6.1172218110236223
11
9.3324681889763781
21
-6.1172346062992125
0
LINE
8
BLACK
6
CONTINUOUS
10
9.3324681889763781
20
-6.1172346062992125
11
9.3312320078740161
21
-6.1190903937007874
0
LINE
8
BLACK
6
CONTINUOUS
10
9.3312320078740161
20
-6.1190903937007874
11
9.3312241338582673
21
-6.1191013779527559
0
LINE
8
BLACK
6
CONTINUOUS
10
9.3312241338582673
20
-6.1191013779527559
11
9.3296194881889765
21
-6.1211847244094484
0
LINE
8
BLACK
6
CONTINUOUS
10
9.3296194881889765
20
-6.1211847244094484
11
9.3296119291338577
21
-6.1211939370078738
0
LINE
8
BLACK
6
CONTINUOUS
10
9.3296119291338577
20
-6.1211939370078738
11
9.3277139370078732
21
-6.1233715354330709
0
LINE
8
BLACK
6
CONTINUOUS
10
9.3277139370078732
20
-6.1233715354330709
11
9.3277081102362196
21
-6.1233779527559058
0
LINE
8
BLACK
6
CONTINUOUS
10
9.3277081102362196
20
-6.1233779527559058
11
9.3252592913385826
21
-6.1259492913385829
0
LINE
8
BLACK
6
CONTINUOUS
10
9.3252592913385826
20
-6.1259492913385829
11
9.3252528346456689
21
-6.1259557874015744
0
LINE
8
BLACK
6
CONTINUOUS
10
9.3252528346456689
20
-6.1259557874015744
11
9.323196614173229
21
-6.1279231496062989
0
LINE
8
BLACK
6
CONTINUOUS
10
9.323196614173229
20
-6.1279231496062989
11
9.3231861417322826
21
-6.1279324409448819
0
LINE
8
BLACK
6
CONTINUOUS
10
9.3231861417322826
20
-6.1279324409448819
11
9.3201759055118103
21
-6.1304279133858266
0
LINE
8
BLACK
6
CONTINUOUS
10
9.3201759055118103
20
-6.1304279133858266
11
9.3356692913385828
21
-6.1304279133858266
0
LINE
8
BLACK
6
CONTINUOUS
10
9.3356692913385828
20
-6.1304279133858266
11
9.3357311417322837
21
-6.1304378740157475
0
LINE
8
BLACK
6
CONTINUOUS
10
9.3357311417322837
20
-6.1304378740157475
11
9.3362793307086616
21
-6.1306193307086616
0
LINE
8
BLACK
6
CONTINUOUS
10
9.3362793307086616
20
-6.1306193307086616
11
9.3363749606299216
21
-6.1306881102362203
0
LINE
8
BLACK
6
CONTINUOUS
10
9.3363749606299216
20
-6.1306881102362203
11
9.3365804330708659
21
-6.1309621259842517
0
LINE
8
BLACK
6
CONTINUOUS
10
9.3365804330708659
20
-6.1309621259842517
11
9.3366160629921264
21
-6.1310421259842522
0
LINE
8
BLACK
6
CONTINUOUS
10
9.3366160629921264
20
-6.1310421259842522
11
9.3366893700787408
21
-6.1314136220472442
0
LINE
8
BLACK
6
CONTINUOUS
10
9.3366893700787408
20
-6.1314136220472442
11
9.3366931102362205
21
-6.1314517322834643
0
LINE
8
BLACK
6
CONTINUOUS
10
9.3366931102362205
20
-6.1314517322834643
11
9.3366931102362205
21
-6.1333268503937006
0
LINE
8
BLACK
6
CONTINUOUS
10
9.3366931102362205
20
-6.1333268503937006
11
9.3366831889763784
21
-6.1333885039370077
0
LINE
8
BLACK
6
CONTINUOUS
10
9.3366831889763784
20
-6.1333885039370077
11
9.3365033464566931
21
-6.1339337401574801
0
LINE
8
BLACK
6
CONTINUOUS
10
9.3365033464566931
20
-6.1339337401574801
11
9.3364345669291335
21
-6.1340295275590551
0
LINE
8
BLACK
6
CONTINUOUS
10
9.3364345669291335
20
-6.1340295275590551
11
9.3361601574803146
21
-6.1342354724409445
0
LINE
8
BLACK
6
CONTINUOUS
10
9.3361601574803146
20
-6.1342354724409445
11
9.3360800393700778
21
-6.1342711811023625
0
LINE
8
BLACK
6
CONTINUOUS
10
9.3360800393700778
20
-6.1342711811023625
11
9.3357073228346454
21
-6.1343445669291334
0
LINE
8
BLACK
6
CONTINUOUS
10
9.3357073228346454
20
-6.1343445669291334
11
9.3356692913385828
21
-6.1343482677165353
0
LINE
8
BLACK
6
CONTINUOUS
10
9.3356692913385828
20
-6.1343482677165353
11
9.3126850000000001
21
-6.1343482677165353
0
LINE
8
BLACK
6
CONTINUOUS
10
9.3126850000000001
20
-6.1343482677165353
11
9.312623818897638
21
-6.1343385039370073
0
LINE
8
BLACK
6
CONTINUOUS
10
9.312623818897638
20
-6.1343385039370073
11
9.3120765748031502
21
-6.1341596062992121
0
LINE
8
BLACK
6
CONTINUOUS
10
9.3120765748031502
20
-6.1341596062992121
11
9.3119806299212602
21
-6.1340910629921259
0
LINE
8
BLACK
6
CONTINUOUS
10
9.3119806299212602
20
-6.1340910629921259
11
9.311774330708662
21
-6.1338176377952758
0
LINE
8
BLACK
6
CONTINUOUS
10
9.311774330708662
20
-6.1338176377952758
11
9.3117383464566927
21
-6.133737204724409
0
LINE
8
BLACK
6
CONTINUOUS
10
9.3117383464566927
20
-6.133737204724409
11
9.3116649212598421
21
-6.1333649606299208
0
LINE
8
BLACK
6
CONTINUOUS
10
9.3116649212598421
20
-6.1333649606299208
11
9.3116611811023624
21
-6.1333268503937006
0
LINE
8
BLACK
6
CONTINUOUS
10
9.3116611811023624
20
-6.1333268503937006
11
9.3116611811023624
21
-6.132499881889764
0
LINE
8
BLACK
6
CONTINUOUS
10
9.3116611811023624
20
-6.132499881889764
11
9.3116625984251975
21
-6.132476338582677
0
LINE
8
BLACK
6
CONTINUOUS
10
9.3116625984251975
20
-6.132476338582677
11
9.3117053937007874
21
-6.1321211811023622
0
LINE
8
BLACK
6
CONTINUOUS
10
9.3117053937007874
20
-6.1321211811023622
11
9.3117243307086603
21
-6.1320575590551183
0
LINE
8
BLACK
6
CONTINUOUS
10
9.3117243307086603
20
-6.1320575590551183
11
9.3119023622047248
21
-6.1316970472440939
0
LINE
8
BLACK
6
CONTINUOUS
10
9.3119023622047248
20
-6.1316970472440939
11
9.3119521653543309
21
-6.1316335433070863
0
LINE
8
BLACK
6
CONTINUOUS
10
9.3119521653543309
20
-6.1316335433070863
11
9.3122818503937008
21
-6.1313563779527556
0
LINE
8
BLACK
6
CONTINUOUS
10
9.3122818503937008
20
-6.1313563779527556
11
9.3122944881889769
21
-6.1313466141732285
0
LINE
8
BLACK
6
CONTINUOUS
10
9.3122944881889769
20
-6.1313466141732285
11
9.3164142913385817
21
-6.1284176771653538
0
LINE
8
BLACK
6
CONTINUOUS
10
9.3164142913385817
20
-6.1284176771653538
11
9.3205568897637789
21
-6.1249470078740158
0
LINE
8
BLACK
6
CONTINUOUS
10
9.3205568897637789
20
-6.1249470078740158
11
9.324444645669292
21
-6.1210147637795274
0
LINE
8
BLACK
6
CONTINUOUS
10
9.324444645669292
20
-6.1210147637795274
11
9.3256502755905508
21
-6.119619881889764
0
LINE
8
BLACK
6
CONTINUOUS
10
9.3256502755905508
20
-6.119619881889764
11
9.3282998818897642
21
-6.1160243307086617
0
LINE
8
BLACK
6
CONTINUOUS
10
9.3282998818897642
20
-6.1160243307086617
11
9.3299805118110228
21
-6.1128811811023622
0
LINE
8
BLACK
6
CONTINUOUS
10
9.3299805118110228
20
-6.1128811811023622
11
9.3309003149606298
21
-6.1100246850393702
0
LINE
8
BLACK
6
CONTINUOUS
10
9.3309003149606298
20
-6.1100246850393702
11
9.3311130708661416
21
-6.1086624015748034
0
LINE
8
BLACK
6
CONTINUOUS
10
9.3311130708661416
20
-6.1086624015748034
11
9.3311716929133848
21
-6.1073153937007874
0
LINE
8
BLACK
6
CONTINUOUS
10
9.3311716929133848
20
-6.1073153937007874
11
9.3311703937007877
21
-6.107227992125984
0
LINE
8
BLACK
6
CONTINUOUS
10
9.3311703937007877
20
-6.107227992125984
11
9.3308377952755901
21
-6.1048053149606298
0
LINE
8
BLACK
6
CONTINUOUS
10
9.3308377952755901
20
-6.1048053149606298
11
9.3299867716535427
21
-6.1027531889763775
0
LINE
8
BLACK
6
CONTINUOUS
10
9.3299867716535427
20
-6.1027531889763775
11
9.3293865748031486
21
-6.1018749999999997
0
LINE
8
BLACK
6
CONTINUOUS
10
9.3293865748031486
20
-6.1018749999999997
11
9.3286679133858268
21
-6.10108811023622
0
LINE
8
BLACK
6
CONTINUOUS
10
9.3286679133858268
20
-6.10108811023622
11
9.3278307086614163
21
-6.1003973622047241
0
LINE
8
BLACK
6
CONTINUOUS
10
9.3278307086614163
20
-6.1003973622047241
11
9.326885472440944
21
-6.0998160629921259
0
LINE
8
BLACK
6
CONTINUOUS
10
9.326885472440944
20
-6.0998160629921259
11
9.3258155905511817
21
-6.0993422440944878
0
LINE
8
BLACK
6
CONTINUOUS
10
9.3258155905511817
20
-6.0993422440944878
11
9.3246425590551176
21
-6.0989940551181103
0
LINE
8
BLACK
6
CONTINUOUS
10
9.3246425590551176
20
-6.0989940551181103
11
9.3233429527559046
21
-6.0987748031496061
0
LINE
8
BLACK
6
CONTINUOUS
10
9.3233429527559046
20
-6.0987748031496061
11
9.3219398818897634
21
-6.098699842519685
0
LINE
8
BLACK
6
CONTINUOUS
10
9.3219398818897634
20
-6.098699842519685
11
9.3218768897637787
21
-6.0986999212598425
0
LINE
8
BLACK
6
CONTINUOUS
10
9.3218768897637787
20
-6.0986999212598425
11
9.3199671653543312
21
-6.098796929133858
0
LINE
8
BLACK
6
CONTINUOUS
10
9.3199671653543312
20
-6.098796929133858
11
9.3182769685039375
21
-6.0990472047244095
0
LINE
8
BLACK
6
CONTINUOUS
10
9.3182769685039375
20
-6.0990472047244095
11
9.3156864173228353
21
-6.0997755511811018
0
LINE
8
BLACK
6
CONTINUOUS
10
9.3156864173228353
20
-6.0997755511811018
11
9.3136460236220469
21
-6.1006666535433069
0
LINE
8
BLACK
6
CONTINUOUS
10
9.3136460236220469
20
-6.1006666535433069
11
9.313596181102362
21
-6.1006809842519685
0
LINE
8
BLACK
6
CONTINUOUS
10
9.313596181102362
20
-6.1006809842519685
11
9.3130035433070866
21
-6.1007690551181097
0
LINE
8
BLACK
6
CONTINUOUS
10
9.3130035433070866
20
-6.1007690551181097
11
9.3128807086614174
21
-6.1007473622047241
0
LINE
8
BLACK
6
CONTINUOUS
10
9.3128807086614174
20
-6.1007473622047241
11
9.3125907086614177
21
-6.1005899999999995
0
LINE
8
BLACK
6
CONTINUOUS
10
9.3125907086614177
20
-6.1005899999999995
11
9.3125229527559057
21
-6.1005292913385825
0
LINE
8
BLACK
6
CONTINUOUS
10
9.3125229527559057
20
-6.1005292913385825
11
9.3123021653543301
21
-6.1002115748031498
0
LINE
8
BLACK
6
CONTINUOUS
10
9.3123021653543301
20
-6.1002115748031498
11
9.3122866535433069
21
-6.1001850787401573
0
LINE
8
BLACK
6
CONTINUOUS
10
9.3122866535433069
20
-6.1001850787401573
11
9.3114596850393703
21
-6.0984782283464565
0
LINE
8
BLACK
6
CONTINUOUS
10
9.3114596850393703
20
-6.0984782283464565
11
9.3114430314960632
21
-6.0984267716535427
0
LINE
8
BLACK
6
CONTINUOUS
10
9.3114430314960632
20
-6.0984267716535427
11
9.3113344094488184
21
-6.0978144094488185
0
LINE
8
BLACK
6
CONTINUOUS
10
9.3113344094488184
20
-6.0978144094488185
11
9.3113522834645668
21
-6.0976917322834643
0
LINE
8
BLACK
6
CONTINUOUS
10
9.3113522834645668
20
-6.0976917322834643
11
9.3114920078740155
21
-6.0974133070866143
0
LINE
8
BLACK
6
CONTINUOUS
10
9.3114920078740155
20
-6.0974133070866143
11
9.3115542913385827
21
-6.0973408661417325
0
LINE
8
BLACK
6
CONTINUOUS
10
9.3115542913385827
20
-6.0973408661417325
11
9.3118549606299208
21
-6.0971282677165357
0
LINE
8
BLACK
6
CONTINUOUS
10
9.3118549606299208
20
-6.0971282677165357
11
9.3118779133858265
21
-6.097114291338583
0
LINE
8
BLACK
6
CONTINUOUS
10
9.3118779133858265
20
-6.097114291338583
11
9.3120291338582675
21
-6.097035787401575
0
LINE
8
BLACK
6
CONTINUOUS
10
9.3120291338582675
20
-6.097035787401575
11
9.3120442913385819
21
-6.0970287401574801
0
LINE
8
BLACK
6
CONTINUOUS
10
9.3120442913385819
20
-6.0970287401574801
11
9.3149887795275585
21
-6.0958050393700782
0
LINE
8
BLACK
6
CONTINUOUS
10
9.3149887795275585
20
-6.0958050393700782
11
9.3150184645669292
21
-6.0957953937007874
0
LINE
8
BLACK
6
CONTINUOUS
10
9.3150184645669292
20
-6.0957953937007874
11
9.318321417322835
21
-6.0950037401574804
0
LINE
8
BLACK
6
CONTINUOUS
10
9.318321417322835
20
-6.0950037401574804
11
9.3183521259842514
21
-6.0949988976377956
0
LINE
8
BLACK
6
CONTINUOUS
10
9.3183521259842514
20
-6.0949988976377956
11
9.3219299212598425
21
-6.0947224409448815
0
LINE
8
BLACK
6
CONTINUOUS
10
9.3219299212598425
20
-6.0947224409448815
11
9.3219486614173235
21
-6.0947218897637798
0
LINE
8
BLACK
6
CONTINUOUS
10
9.3219486614173235
20
-6.0947218897637798
11
9.3227195669291341
21
-6.0947359842519679
0
LINE
8
BLACK
6
CONTINUOUS
10
9.3654909448818895
20
-6.0947359842519679
11
9.3655119291338575
21
-6.0947374803149605
0
LINE
8
BLACK
6
CONTINUOUS
10
9.3655119291338575
20
-6.0947374803149605
11
9.368748622047244
21
-6.0951447637795271
0
LINE
8
BLACK
6
CONTINUOUS
10
9.368748622047244
20
-6.0951447637795271
11
9.3687862992125979
21
-6.0951533464566925
0
LINE
8
BLACK
6
CONTINUOUS
10
9.3687862992125979
20
-6.0951533464566925
11
9.3715362204724411
21
-6.0960701968503939
0
LINE
8
BLACK
6
CONTINUOUS
10
9.3715362204724411
20
-6.0960701968503939
11
9.3715753937007875
21
-6.0960882283464564
0
LINE
8
BLACK
6
CONTINUOUS
10
9.3715753937007875
20
-6.0960882283464564
11
9.3738575984251966
21
-6.0974601181102361
0
LINE
8
BLACK
6
CONTINUOUS
10
9.3738575984251966
20
-6.0974601181102361
11
9.3738855905511809
21
-6.0974805118110238
0
LINE
8
BLACK
6
CONTINUOUS
10
9.3738855905511809
20
-6.0974805118110238
11
9.3748568503936998
21
-6.0983280314960631
0
LINE
8
BLACK
6
CONTINUOUS
10
9.3748568503936998
20
-6.0983280314960631
11
9.3748737401574793
21
-6.0983446062992126
0
LINE
8
BLACK
6
CONTINUOUS
10
9.3748737401574793
20
-6.0983446062992126
11
9.3757284251968507
21
-6.0992938582677168
0
LINE
8
BLACK
6
CONTINUOUS
10
9.3757284251968507
20
-6.0992938582677168
11
9.3757432677165351
21
-6.0993125196850393
0
LINE
8
BLACK
6
CONTINUOUS
10
9.3757432677165351
20
-6.0993125196850393
11
9.376486574803149
21
-6.1003718503937003
0
LINE
8
BLACK
6
CONTINUOUS
10
9.376486574803149
20
-6.1003718503937003
11
9.3764989370078737
21
-6.1003919685039367
0
LINE
8
BLACK
6
CONTINUOUS
10
9.3764989370078737
20
-6.1003919685039367
11
9.3771170866141738
21
-6.1015458267716536
0
LINE
8
BLACK
6
CONTINUOUS
10
9.3771170866141738
20
-6.1015458267716536
11
9.3771268110236221
21
-6.1015668110236216
0
LINE
8
BLACK
6
CONTINUOUS
10
9.3771268110236221
20
-6.1015668110236216
11
9.3776261811023627
21
-6.1028383464566929
0
LINE
8
BLACK
6
CONTINUOUS
10
9.3776261811023627
20
-6.1028383464566929
11
9.3776331496062983
21
-6.1028596062992122
0
LINE
8
BLACK
6
CONTINUOUS
10
9.3776331496062983
20
-6.1028596062992122
11
9.3779958267716541
21
-6.1042196850393697
0
LINE
8
BLACK
6
CONTINUOUS
10
9.3779958267716541
20
-6.1042196850393697
11
9.3780001968503939
21
-6.1042406299212599
0
LINE
8
BLACK
6
CONTINUOUS
10
9.3780001968503939
20
-6.1042406299212599
11
9.3782270866141726
21
-6.1057234251968504
0
LINE
8
BLACK
6
CONTINUOUS
10
9.3782270866141726
20
-6.1057234251968504
11
9.3782291338582677
21
-6.1057435826771655
0
LINE
8
BLACK
6
CONTINUOUS
10
9.3782291338582677
20
-6.1057435826771655
11
9.378305511811023
21
-6.1073087401574799
0
LINE
8
BLACK
6
CONTINUOUS
10
9.378305511811023
20
-6.1073087401574799
11
9.378305511811023
21
-6.1073280314960625
0
LINE
8
BLACK
6
CONTINUOUS
10
9.378305511811023
20
-6.1073280314960625
11
9.3782258267716525
21
-6.1089470472440945
0
LINE
8
BLACK
6
CONTINUOUS
10
9.3782258267716525
20
-6.1089470472440945
11
9.3782239370078742
21
-6.1089662598425196
0
LINE
8
BLACK
6
CONTINUOUS
10
9.3782239370078742
20
-6.1089662598425196
11
9.377994409448819
21
-6.1105125196850389
0
LINE
8
BLACK
6
CONTINUOUS
10
9.377994409448819
20
-6.1105125196850389
11
9.3779907086614163
21
-6.1105311023622049
0
LINE
8
BLACK
6
CONTINUOUS
10
9.3779907086614163
20
-6.1105311023622049
11
9.3776020472440944
21
-6.11209437007874
0
LINE
8
BLACK
6
CONTINUOUS
10
9.3776020472440944
20
-6.11209437007874
11
9.3775967322834646
21
-6.1121122047244096
0
LINE
8
BLACK
6
CONTINUOUS
10
9.3775967322834646
20
-6.1121122047244096
11
9.3770258267716535
21
-6.113735669291338
0
LINE
8
BLACK
6
CONTINUOUS
10
9.3770258267716535
20
-6.113735669291338
11
9.3770192519685036
21
-6.113752007874016
0
LINE
8
BLACK
6
CONTINUOUS
10
9.3770192519685036
20
-6.113752007874016
11
9.3762631496062987
21
-6.1154106299212598
0
LINE
8
BLACK
6
CONTINUOUS
10
9.3762631496062987
20
-6.1154106299212598
11
9.3762556692913392
21
-6.1154253149606301
0
LINE
8
BLACK
6
CONTINUOUS
10
9.3762556692913392
20
-6.1154253149606301
11
9.3752473622047248
21
-6.1172218110236223
0
LINE
8
BLACK
6
CONTINUOUS
10
9.3752473622047248
20
-6.1172218110236223
11
9.3752395275590548
21
-6.1172346062992125
0
LINE
8
BLACK
6
CONTINUOUS
10
9.3752395275590548
20
-6.1172346062992125
11
9.3740033464566928
21
-6.1190903937007874
0
LINE
8
BLACK
6
CONTINUOUS
10
9.3740033464566928
20
-6.1190903937007874
11
9.373995472440944
21
-6.1191013779527559
0
LINE
8
BLACK
6
CONTINUOUS
10
9.373995472440944
20
-6.1191013779527559
11
9.3723908661417319
21
-6.1211847244094484
0
LINE
8
BLACK
6
CONTINUOUS
10
9.3723908661417319
20
-6.1211847244094484
11
9.3723833070866132
21
-6.1211939370078738
0
LINE
8
BLACK
6
CONTINUOUS
10
9.3723833070866132
20
-6.1211939370078738
11
9.3704852755905517
21
-6.1233715354330709
0
LINE
8
BLACK
6
CONTINUOUS
10
9.3704852755905517
20
-6.1233715354330709
11
9.370479448818898
21
-6.1233779527559058
0
LINE
8
BLACK
6
CONTINUOUS
10
9.370479448818898
20
-6.1233779527559058
11
9.3680306299212592
21
-6.1259492913385829
0
LINE
8
BLACK
6
CONTINUOUS
10
9.3680306299212592
20
-6.1259492913385829
11
9.3680241732283456
21
-6.1259557874015744
0
LINE
8
BLACK
6
CONTINUOUS
10
9.3680241732283456
20
-6.1259557874015744
11
9.3659679527559057
21
-6.1279231496062989
0
LINE
8
BLACK
6
CONTINUOUS
10
9.3659679527559057
20
-6.1279231496062989
11
9.365957480314961
21
-6.1279324409448819
0
LINE
8
BLACK
6
CONTINUOUS
10
9.365957480314961
20
-6.1279324409448819
11
9.3629472834645675
21
-6.1304279133858266
0
LINE
8
BLACK
6
CONTINUOUS
10
9.3629472834645675
20
-6.1304279133858266
11
9.3784406692913382
21
-6.1304279133858266
0
LINE
8
BLACK
6
CONTINUOUS
10
9.3784406692913382
20
-6.1304279133858266
11
9.3785025196850391
21
-6.1304378740157475
0
LINE
8
BLACK
6
CONTINUOUS
10
9.3785025196850391
20
-6.1304378740157475
11
9.379050708661417
21
-6.1306193307086616
0
LINE
8
BLACK
6
CONTINUOUS
10
9.379050708661417
20
-6.1306193307086616
11
9.3791463779527557
21
-6.130688149606299
0
LINE
8
BLACK
6
CONTINUOUS
10
9.3791463779527557
20
-6.130688149606299
11
9.3793518110236214
21
-6.1309621653543305
0
LINE
8
BLACK
6
CONTINUOUS
10
9.3793518110236214
20
-6.1309621653543305
11
9.3793874015748031
21
-6.1310421259842522
0
LINE
8
BLACK
6
CONTINUOUS
10
9.3793874015748031
20
-6.1310421259842522
11
9.3794607086614175
21
-6.1314136220472442
0
LINE
8
BLACK
6
CONTINUOUS
10
9.3794607086614175
20
-6.1314136220472442
11
9.3794644488188972
21
-6.1314517322834643
0
LINE
8
BLACK
6
CONTINUOUS
10
9.3794644488188972
20
-6.1314517322834643
11
9.3794644488188972
21
-6.1333268503937006
0
LINE
8
BLACK
6
CONTINUOUS
10
9.3794644488188972
20
-6.1333268503937006
11
9.3794545275590551
21
-6.1333885039370077
0
LINE
8
BLACK
6
CONTINUOUS
10
9.3794545275590551
20
-6.1333885039370077
11
9.3792746850393698
21
-6.1339337401574801
0
LINE
8
BLACK
6
CONTINUOUS
10
9.3792746850393698
20
-6.1339337401574801
11
9.3792059055118102
21
-6.1340295275590551
0
LINE
8
BLACK
6
CONTINUOUS
10
9.3792059055118102
20
-6.1340295275590551
11
9.3789314960629913
21
-6.1342354724409445
0
LINE
8
BLACK
6
CONTINUOUS
10
9.3789314960629913
20
-6.1342354724409445
11
9.3788513779527563
21
-6.1342711811023625
0
LINE
8
BLACK
6
CONTINUOUS
10
9.3788513779527563
20
-6.1342711811023625
11
9.3784787007874009
21
-6.1343445669291334
0
LINE
8
BLACK
6
CONTINUOUS
10
9.3784787007874009
20
-6.1343445669291334
11
9.3784406692913382
21
-6.1343482677165353
0
LINE
8
BLACK
6
CONTINUOUS
10
9.3784406692913382
20
-6.1343482677165353
11
9.3554563385826768
21
-6.1343482677165353
0
LINE
8
BLACK
6
CONTINUOUS
10
9.3554563385826768
20
-6.1343482677165353
11
9.3553951574803147
21
-6.1343385039370073
0
LINE
8
BLACK
6
CONTINUOUS
10
9.3553951574803147
20
-6.1343385039370073
11
9.3548479133858269
21
-6.1341596062992121
0
LINE
8
BLACK
6
CONTINUOUS
10
9.3548479133858269
20
-6.1341596062992121
11
9.3547519685039369
21
-6.1340910629921259
0
LINE
8
BLACK
6
CONTINUOUS
10
9.3547519685039369
20
-6.1340910629921259
11
9.3545456692913387
21
-6.1338176377952758
0
LINE
8
BLACK
6
CONTINUOUS
10
9.3545456692913387
20
-6.1338176377952758
11
9.3545096850393694
21
-6.133737204724409
0
LINE
8
BLACK
6
CONTINUOUS
10
9.3545096850393694
20
-6.133737204724409
11
9.3544362598425188
21
-6.1333649606299208
0
LINE
8
BLACK
6
CONTINUOUS
10
9.3544362598425188
20
-6.1333649606299208
11
9.3544325196850391
21
-6.1333268503937006
0
LINE
8
BLACK
6
CONTINUOUS
10
9.3544325196850391
20
-6.1333268503937006
11
9.3544325196850391
21
-6.132499881889764
0
LINE
8
BLACK
6
CONTINUOUS
10
9.3544325196850391
20
-6.132499881889764
11
9.3544339370078742
21
-6.132476338582677
0
LINE
8
BLACK
6
CONTINUOUS
10
9.3544339370078742
20
-6.132476338582677
11
9.3544767322834641
21
-6.1321211811023622
0
LINE
8
BLACK
6
CONTINUOUS
10
9.3544767322834641
20
-6.1321211811023622
11
9.3544956692913388
21
-6.1320575590551183
0
LINE
8
BLACK
6
CONTINUOUS
10
9.3544956692913388
20
-6.1320575590551183
11
9.3546737007874015
21
-6.1316970472440939
0
LINE
8
BLACK
6
CONTINUOUS
10
9.3546737007874015
20
-6.1316970472440939
11
9.3547235039370076
21
-6.1316335433070863
0
LINE
8
BLACK
6
CONTINUOUS
10
9.3547235039370076
20
-6.1316335433070863
11
9.3550531889763775
21
-6.1313563779527556
0
LINE
8
BLACK
6
CONTINUOUS
10
9.3550531889763775
20
-6.1313563779527556
11
9.3550658267716535
21
-6.1313466141732285
0
LINE
8
BLACK
6
CONTINUOUS
10
9.3550658267716535
20
-6.1313466141732285
11
9.3591856299212601
21
-6.1284176771653538
0
LINE
8
BLACK
6
CONTINUOUS
10
9.3591856299212601
20
-6.1284176771653538
11
9.3633282677165344
21
-6.1249470078740158
0
LINE
8
BLACK
6
CONTINUOUS
10
9.3633282677165344
20
-6.1249470078740158
11
9.3672159842519687
21
-6.1210147637795274
0
LINE
8
BLACK
6
CONTINUOUS
10
9.3672159842519687
20
-6.1210147637795274
11
9.3684216141732275
21
-6.119619881889764
0
LINE
8
BLACK
6
CONTINUOUS
10
9.3684216141732275
20
-6.119619881889764
11
9.3710712204724409
21
-6.1160243307086617
0
LINE
8
BLACK
6
CONTINUOUS
10
9.3710712204724409
20
-6.1160243307086617
11
9.3727518503937013
21
-6.1128811811023622
0
LINE
8
BLACK
6
CONTINUOUS
10
9.3727518503937013
20
-6.1128811811023622
11
9.3736716535433064
21
-6.1100246850393702
0
LINE
8
BLACK
6
CONTINUOUS
10
9.3736716535433064
20
-6.1100246850393702
11
9.373884448818897
21
-6.1086624015748034
0
LINE
8
BLACK
6
CONTINUOUS
10
9.373884448818897
20
-6.1086624015748034
11
9.3739430314960632
21
-6.1073154330708661
0
LINE
8
BLACK
6
CONTINUOUS
10
9.3739430314960632
20
-6.1073154330708661
11
9.3739417322834644
21
-6.107227992125984
0
LINE
8
BLACK
6
CONTINUOUS
10
9.3739417322834644
20
-6.107227992125984
11
9.3736091338582668
21
-6.1048053149606298
0
LINE
8
BLACK
6
CONTINUOUS
10
9.3736091338582668
20
-6.1048053149606298
11
9.3727581102362194
21
-6.1027531889763775
0
LINE
8
BLACK
6
CONTINUOUS
10
9.3727581102362194
20
-6.1027531889763775
11
9.372157913385827
21
-6.1018749999999997
0
LINE
8
BLACK
6
CONTINUOUS
10
9.372157913385827
20
-6.1018749999999997
11
9.3714392519685035
21
-6.10108811023622
0
LINE
8
BLACK
6
CONTINUOUS
10
9.3714392519685035
20
-6.10108811023622
11
9.3706020472440947
21
-6.1003973622047241
0
LINE
8
BLACK
6
CONTINUOUS
10
9.3706020472440947
20
-6.1003973622047241
11
9.3696568110236225
21
-6.0998160629921259
0
LINE
8
BLACK
6
CONTINUOUS
10
9.3696568110236225
20
-6.0998160629921259
11
9.3685869291338584
21
-6.0993422440944878
0
LINE
8
BLACK
6
CONTINUOUS
10
9.3685869291338584
20
-6.0993422440944878
11
9.3674138976377943
21
-6.0989940551181103
0
LINE
8
BLACK
6
CONTINUOUS
10
9.3674138976377943
20
-6.0989940551181103
11
9.3661143307086618
21
-6.0987748031496061
0
LINE
8
BLACK
6
CONTINUOUS
10
9.3661143307086618
20
-6.0987748031496061
11
9.3647112204724401
21
-6.098699842519685
0
LINE
8
BLACK
6
CONTINUOUS
10
9.3647112204724401
20
-6.098699842519685
11
9.3646482283464572
21
-6.0986999212598425
0
LINE
8
BLACK
6
CONTINUOUS
10
9.3646482283464572
20
-6.0986999212598425
11
9.3627385039370079
21
-6.098796929133858
0
LINE
8
BLACK
6
CONTINUOUS
10
9.3627385039370079
20
-6.098796929133858
11
9.3610483070866142
21
-6.0990472047244095
0
LINE
8
BLACK
6
CONTINUOUS
10
9.3610483070866142
20
-6.0990472047244095
11
9.358457755905512
21
-6.0997755511811018
0
LINE
8
BLACK
6
CONTINUOUS
10
9.358457755905512
20
-6.0997755511811018
11
9.3564173622047235
21
-6.1006666535433069
0
LINE
8
BLACK
6
CONTINUOUS
10
9.3564173622047235
20
-6.1006666535433069
11
9.3563675196850387
21
-6.1006809842519685
0
LINE
8
BLACK
6
CONTINUOUS
10
9.3563675196850387
20
-6.1006809842519685
11
9.355774921259842
21
-6.1007690551181097
0
LINE
8
BLACK
6
CONTINUOUS
10
9.355774921259842
20
-6.1007690551181097
11
9.3556521259842516
21
-6.1007473622047241
0
LINE
8
BLACK
6
CONTINUOUS
10
9.3556521259842516
20
-6.1007473622047241
11
9.3553620866141731
21
-6.1005899999999995
0
LINE
8
BLACK
6
CONTINUOUS
10
9.3553620866141731
20
-6.1005899999999995
11
9.3552942913385824
21
-6.1005292913385825
0
LINE
8
BLACK
6
CONTINUOUS
10
9.3552942913385824
20
-6.1005292913385825
11
9.3550735433070855
21
-6.1002115748031498
0
LINE
8
BLACK
6
CONTINUOUS
10
9.3550735433070855
20
-6.1002115748031498
11
9.3550580314960623
21
-6.1001850787401573
0
LINE
8
BLACK
6
CONTINUOUS
10
9.3550580314960623
20
-6.1001850787401573
11
9.3542310629921257
21
-6.0984782283464565
0
LINE
8
BLACK
6
CONTINUOUS
10
9.3542310629921257
20
-6.0984782283464565
11
9.3542144094488187
21
-6.0984268110236215
0
LINE
8
BLACK
6
CONTINUOUS
10
9.3542144094488187
20
-6.0984268110236215
11
9.3541057480314951
21
-6.0978144488188972
0
LINE
8
BLACK
6
CONTINUOUS
10
9.3541057480314951
20
-6.0978144488188972
11
9.3541236220472435
21
-6.0976917322834643
0
LINE
8
BLACK
6
CONTINUOUS
10
9.3541236220472435
20
-6.0976917322834643
11
9.3542633464566922
21
-6.0974133070866143
0
LINE
8
BLACK
6
CONTINUOUS
10
9.3542633464566922
20
-6.0974133070866143
11
9.3543256299212594
21
-6.0973408661417325
0
LINE
8
BLACK
6
CONTINUOUS
10
9.3543256299212594
20
-6.0973408661417325
11
9.3546262992125975
21
-6.0971282677165357
0
LINE
8
BLACK
6
CONTINUOUS
10
9.3546262992125975
20
-6.0971282677165357
11
9.3546492519685032
21
-6.097114291338583
0
LINE
8
BLACK
6
CONTINUOUS
10
9.3546492519685032
20
-6.097114291338583
11
9.3548004724409441
21
-6.097035787401575
0
LINE
8
BLACK
6
CONTINUOUS
10
9.3548004724409441
20
-6.097035787401575
11
9.3548156299212604
21
-6.0970287401574801
0
LINE
8
BLACK
6
CONTINUOUS
10
9.3548156299212604
20
-6.0970287401574801
11
9.3577601181102352
21
-6.0958050393700782
0
LINE
8
BLACK
6
CONTINUOUS
10
9.3577601181102352
20
-6.0958050393700782
11
9.3577898031496058
21
-6.0957953937007874
0
LINE
8
BLACK
6
CONTINUOUS
10
9.3577898031496058
20
-6.0957953937007874
11
9.3610927559055117
21
-6.0950037401574804
0
LINE
8
BLACK
6
CONTINUOUS
10
9.3610927559055117
20
-6.0950037401574804
11
9.3611234645669281
21
-6.0949988976377956
0
LINE
8
BLACK
6
CONTINUOUS
10
9.3611234645669281
20
-6.0949988976377956
11
9.3647012598425192
21
-6.0947224409448815
0
LINE
8
BLACK
6
CONTINUOUS
10
9.3647012598425192
20
-6.0947224409448815
11
9.3647200000000002
21
-6.0947218897637798
0
LINE
8
BLACK
6
CONTINUOUS
10
9.3647200000000002
20
-6.0947218897637798
11
9.3654909448818895
21
-6.0947359842519679
0
LINE
8
BLACK
6
CONTINUOUS
10
7.4494799606299207
20
-6.0945151968503932
11
7.4495009448818896
21
-6.0945166929133858
0
LINE
8
BLACK
6
CONTINUOUS
10
7.4495009448818896
20
-6.0945166929133858
11
7.452737677165354
21
-6.0949239763779524
0
LINE
8
BLACK
6
CONTINUOUS
10
7.452737677165354
20
-6.0949239763779524
11
7.4527753543307087
21
-6.0949325590551178
0
LINE
8
BLACK
6
CONTINUOUS
10
7.4527753543307087
20
-6.0949325590551178
11
7.455525275590551
21
-6.0958494094488191
0
LINE
8
BLACK
6
CONTINUOUS
10
7.455525275590551
20
-6.0958494094488191
11
7.4555644488188975
21
-6.0958674409448816
0
LINE
8
BLACK
6
CONTINUOUS
10
7.4555644488188975
20
-6.0958674409448816
11
7.4578466141732278
21
-6.0972393307086614
0
LINE
8
BLACK
6
CONTINUOUS
10
7.4578466141732278
20
-6.0972393307086614
11
7.4578746062992121
21
-6.0972597244094491
0
LINE
8
BLACK
6
CONTINUOUS
10
7.4578746062992121
20
-6.0972597244094491
11
7.4588459055118106
21
-6.0981072440944883
0
LINE
8
BLACK
6
CONTINUOUS
10
7.4588459055118106
20
-6.0981072440944883
11
7.4588627952755902
21
-6.0981238188976379
0
LINE
8
BLACK
6
CONTINUOUS
10
7.4588627952755902
20
-6.0981238188976379
11
7.4597174803149606
21
-6.099073070866142
0
LINE
8
BLACK
6
CONTINUOUS
10
7.4597174803149606
20
-6.099073070866142
11
7.4597323228346459
21
-6.0990917322834646
0
LINE
8
BLACK
6
CONTINUOUS
10
7.4597323228346459
20
-6.0990917322834646
11
7.4604756299212598
21
-6.1001510629921256
0
LINE
8
BLACK
6
CONTINUOUS
10
7.4604756299212598
20
-6.1001510629921256
11
7.4604879921259837
21
-6.100171181102362
0
LINE
8
BLACK
6
CONTINUOUS
10
7.4604879921259837
20
-6.100171181102362
11
7.4611061417322837
21
-6.1013250393700789
0
LINE
8
BLACK
6
CONTINUOUS
10
7.4611061417322837
20
-6.1013250393700789
11
7.4611158661417321
21
-6.1013460236220469
0
LINE
8
BLACK
6
CONTINUOUS
10
7.4611158661417321
20
-6.1013460236220469
11
7.4616152362204726
21
-6.1026175590551182
0
LINE
8
BLACK
6
CONTINUOUS
10
7.4616152362204726
20
-6.1026175590551182
11
7.4616222047244092
21
-6.1026388188976375
0
LINE
8
BLACK
6
CONTINUOUS
10
7.4616222047244092
20
-6.1026388188976375
11
7.4619848818897632
21
-6.103998897637795
0
LINE
8
BLACK
6
CONTINUOUS
10
7.4619848818897632
20
-6.103998897637795
11
7.4619892519685038
21
-6.1040198425196852
0
LINE
8
BLACK
6
CONTINUOUS
10
7.4619892519685038
20
-6.1040198425196852
11
7.4622161417322834
21
-6.1055026377952757
0
LINE
8
BLACK
6
CONTINUOUS
10
7.4622161417322834
20
-6.1055026377952757
11
7.4622181889763777
21
-6.1055227952755908
0
LINE
8
BLACK
6
CONTINUOUS
10
7.4622181889763777
20
-6.1055227952755908
11
7.4622945669291338
21
-6.1070879527559052
0
LINE
8
BLACK
6
CONTINUOUS
10
7.4622945669291338
20
-6.1070879527559052
11
7.4622945669291338
21
-6.1071072440944878
0
LINE
8
BLACK
6
CONTINUOUS
10
7.4622945669291338
20
-6.1071072440944878
11
7.4622148818897633
21
-6.1087262598425198
0
LINE
8
BLACK
6
CONTINUOUS
10
7.4622148818897633
20
-6.1087262598425198
11
7.4622129921259841
21
-6.1087454724409449
0
LINE
8
BLACK
6
CONTINUOUS
10
7.4622129921259841
20
-6.1087454724409449
11
7.4619834251968502
21
-6.1102917322834642
0
LINE
8
BLACK
6
CONTINUOUS
10
7.4619834251968502
20
-6.1102917322834642
11
7.4619797244094483
21
-6.1103103149606302
0
LINE
8
BLACK
6
CONTINUOUS
10
7.4619797244094483
20
-6.1103103149606302
11
7.4615910629921256
21
-6.1118735826771653
0
LINE
8
BLACK
6
CONTINUOUS
10
7.4615910629921256
20
-6.1118735826771653
11
7.4615857480314958
21
-6.1118914173228349
0
LINE
8
BLACK
6
CONTINUOUS
10
7.4615857480314958
20
-6.1118914173228349
11
7.4610148818897635
21
-6.1135148818897633
0
LINE
8
BLACK
6
CONTINUOUS
10
7.4610148818897635
20
-6.1135148818897633
11
7.4610083070866144
21
-6.1135312204724412
0
LINE
8
BLACK
6
CONTINUOUS
10
7.4610083070866144
20
-6.1135312204724412
11
7.4602522047244095
21
-6.1151898425196851
0
LINE
8
BLACK
6
CONTINUOUS
10
7.4602522047244095
20
-6.1151898425196851
11
7.4602447244094483
21
-6.1152045275590554
0
LINE
8
BLACK
6
CONTINUOUS
10
7.4602447244094483
20
-6.1152045275590554
11
7.4592364173228347
21
-6.1170010236220467
0
LINE
8
BLACK
6
CONTINUOUS
10
7.4592364173228347
20
-6.1170010236220467
11
7.4592285826771656
21
-6.1170138188976377
0
LINE
8
BLACK
6
CONTINUOUS
10
7.4592285826771656
20
-6.1170138188976377
11
7.4579924015748027
21
-6.1188696062992127
0
LINE
8
BLACK
6
CONTINUOUS
10
7.4579924015748027
20
-6.1188696062992127
11
7.4579845275590548
21
-6.1188805905511812
0
LINE
8
BLACK
6
CONTINUOUS
10
7.4579845275590548
20
-6.1188805905511812
11
7.456379881889764
21
-6.1209639370078737
0
LINE
8
BLACK
6
CONTINUOUS
10
7.456379881889764
20
-6.1209639370078737
11
7.4563723228346452
21
-6.1209731496062991
0
LINE
8
BLACK
6
CONTINUOUS
10
7.4563723228346452
20
-6.1209731496062991
11
7.4544743307086616
21
-6.1231507480314962
0
LINE
8
BLACK
6
CONTINUOUS
10
7.4544743307086616
20
-6.1231507480314962
11
7.454468503937008
21
-6.1231571653543302
0
LINE
8
BLACK
6
CONTINUOUS
10
7.454468503937008
20
-6.1231571653543302
11
7.4520196850393701
21
-6.1257285039370073
0
LINE
8
BLACK
6
CONTINUOUS
10
7.4520196850393701
20
-6.1257285039370073
11
7.4520132283464564
21
-6.1257349999999997
0
LINE
8
BLACK
6
CONTINUOUS
10
7.4520132283464564
20
-6.1257349999999997
11
7.4499570078740156
21
-6.1277023622047242
0
LINE
8
BLACK
6
CONTINUOUS
10
7.4499570078740156
20
-6.1277023622047242
11
7.4499465354330709
21
-6.1277116535433072
0
LINE
8
BLACK
6
CONTINUOUS
10
7.4499465354330709
20
-6.1277116535433072
11
7.4469362992125987
21
-6.1302071259842519
0
LINE
8
BLACK
6
CONTINUOUS
10
7.4469362992125987
20
-6.1302071259842519
11
7.4624296850393703
21
-6.1302071259842519
0
LINE
8
BLACK
6
CONTINUOUS
10
7.4624296850393703
20
-6.1302071259842519
11
7.4624915354330703
21
-6.1302170866141728
0
LINE
8
BLACK
6
CONTINUOUS
10
7.4624915354330703
20
-6.1302170866141728
11
7.4630397244094491
21
-6.1303985433070869
0
LINE
8
BLACK
6
CONTINUOUS
10
7.4630397244094491
20
-6.1303985433070869
11
7.4631353543307082
21
-6.1304673228346456
0
LINE
8
BLACK
6
CONTINUOUS
10
7.4631353543307082
20
-6.1304673228346456
11
7.4633408267716534
21
-6.130741338582677
0
LINE
8
BLACK
6
CONTINUOUS
10
7.4633408267716534
20
-6.130741338582677
11
7.4633764566929131
21
-6.1308213385826766
0
LINE
8
BLACK
6
CONTINUOUS
10
7.4633764566929131
20
-6.1308213385826766
11
7.4634497637795274
21
-6.1311928346456694
0
LINE
8
BLACK
6
CONTINUOUS
10
7.4634497637795274
20
-6.1311928346456694
11
7.463453503937008
21
-6.1312309448818896
0
LINE
8
BLACK
6
CONTINUOUS
10
7.463453503937008
20
-6.1312309448818896
11
7.463453503937008
21
-6.1331060629921259
0
LINE
8
BLACK
6
CONTINUOUS
10
7.463453503937008
20
-6.1331060629921259
11
7.463443582677165
21
-6.133167716535433
0
LINE
8
BLACK
6
CONTINUOUS
10
7.463443582677165
20
-6.133167716535433
11
7.4632637401574797
21
-6.1337129527559053
0
LINE
8
BLACK
6
CONTINUOUS
10
7.4632637401574797
20
-6.1337129527559053
11
7.463194960629921
21
-6.1338087401574803
0
LINE
8
BLACK
6
CONTINUOUS
10
7.463194960629921
20
-6.1338087401574803
11
7.4629205511811021
21
-6.1340146850393698
0
LINE
8
BLACK
6
CONTINUOUS
10
7.4629205511811021
20
-6.1340146850393698
11
7.4628404330708662
21
-6.1340503937007869
0
LINE
8
BLACK
6
CONTINUOUS
10
7.4628404330708662
20
-6.1340503937007869
11
7.4624677165354329
21
-6.1341237795275587
0
LINE
8
BLACK
6
CONTINUOUS
10
7.4624677165354329
20
-6.1341237795275587
11
7.4624296850393703
21
-6.1341274803149606
0
LINE
8
BLACK
6
CONTINUOUS
10
7.4624296850393703
20
-6.1341274803149606
11
7.4394453937007876
21
-6.1341274803149606
0
LINE
8
BLACK
6
CONTINUOUS
10
7.4394453937007876
20
-6.1341274803149606
11
7.4393842125984246
21
-6.1341177165354326
0
LINE
8
BLACK
6
CONTINUOUS
10
7.4393842125984246
20
-6.1341177165354326
11
7.4388369685039368
21
-6.1339388188976374
0
LINE
8
BLACK
6
CONTINUOUS
10
7.4388369685039368
20
-6.1339388188976374
11
7.4387410236220468
21
-6.1338702755905512
0
LINE
8
BLACK
6
CONTINUOUS
10
7.4387410236220468
20
-6.1338702755905512
11
7.4385347244094486
21
-6.1335968503937011
0
LINE
8
BLACK
6
CONTINUOUS
10
7.4385347244094486
20
-6.1335968503937011
11
7.4384987401574802
21
-6.1335164173228343
0
LINE
8
BLACK
6
CONTINUOUS
10
7.4384987401574802
20
-6.1335164173228343
11
7.4384253149606296
21
-6.133144173228346
0
LINE
8
BLACK
6
CONTINUOUS
10
7.4384253149606296
20
-6.133144173228346
11
7.438421574803149
21
-6.1331060629921259
0
LINE
8
BLACK
6
CONTINUOUS
10
7.438421574803149
20
-6.1331060629921259
11
7.438421574803149
21
-6.1322790944881884
0
LINE
8
BLACK
6
CONTINUOUS
10
7.438421574803149
20
-6.1322790944881884
11
7.4384229921259841
21
-6.1322555511811023
0
LINE
8
BLACK
6
CONTINUOUS
10
7.4384229921259841
20
-6.1322555511811023
11
7.4384657874015749
21
-6.1319003937007874
0
LINE
8
BLACK
6
CONTINUOUS
10
7.4384657874015749
20
-6.1319003937007874
11
7.4384847244094487
21
-6.1318367716535436
0
LINE
8
BLACK
6
CONTINUOUS
10
7.4384847244094487
20
-6.1318367716535436
11
7.4386627559055114
21
-6.1314762598425192
0
LINE
8
BLACK
6
CONTINUOUS
10
7.4386627559055114
20
-6.1314762598425192
11
7.4387125590551175
21
-6.1314127559055116
0
LINE
8
BLACK
6
CONTINUOUS
10
7.4387125590551175
20
-6.1314127559055116
11
7.4390422440944883
21
-6.1311355905511808
0
LINE
8
BLACK
6
CONTINUOUS
10
7.4390422440944883
20
-6.1311355905511808
11
7.4390548818897635
21
-6.1311258267716537
0
LINE
8
BLACK
6
CONTINUOUS
10
7.4390548818897635
20
-6.1311258267716537
11
7.4431746850393701
21
-6.1281968897637791
0
LINE
8
BLACK
6
CONTINUOUS
10
7.4431746850393701
20
-6.1281968897637791
11
7.4473172834645665
21
-6.1247262204724411
0
LINE
8
BLACK
6
CONTINUOUS
10
7.4473172834645665
20
-6.1247262204724411
11
7.4512050393700786
21
-6.1207939763779526
0
LINE
8
BLACK
6
CONTINUOUS
10
7.4512050393700786
20
-6.1207939763779526
11
7.4524106692913383
21
-6.1193990944881884
0
LINE
8
BLACK
6
CONTINUOUS
10
7.4524106692913383
20
-6.1193990944881884
11
7.4550602755905508
21
-6.1158035433070861
0
LINE
8
BLACK
6
CONTINUOUS
10
7.4550602755905508
20
-6.1158035433070861
11
7.4567409055118112
21
-6.1126603937007875
0
LINE
8
BLACK
6
CONTINUOUS
10
7.4567409055118112
20
-6.1126603937007875
11
7.4576607086614173
21
-6.1098038976377955
0
LINE
8
BLACK
6
CONTINUOUS
10
7.4576607086614173
20
-6.1098038976377955
11
7.4578734645669291
21
-6.1084416141732278
0
LINE
8
BLACK
6
CONTINUOUS
10
7.4578734645669291
20
-6.1084416141732278
11
7.4579320866141732
21
-6.1070946062992126
0
LINE
8
BLACK
6
CONTINUOUS
10
7.4579320866141732
20
-6.1070946062992126
11
7.4579307874015743
21
-6.1070072047244093
0
LINE
8
BLACK
6
CONTINUOUS
10
7.4579307874015743
20
-6.1070072047244093
11
7.4575981889763776
21
-6.1045845275590551
0
LINE
8
BLACK
6
CONTINUOUS
10
7.4575981889763776
20
-6.1045845275590551
11
7.4567471653543302
21
-6.1025324015748028
0
LINE
8
BLACK
6
CONTINUOUS
10
7.4567471653543302
20
-6.1025324015748028
11
7.456146968503937
21
-6.101654212598425
0
LINE
8
BLACK
6
CONTINUOUS
10
7.456146968503937
20
-6.101654212598425
11
7.4554283070866143
21
-6.1008673228346453
0
LINE
8
BLACK
6
CONTINUOUS
10
7.4554283070866143
20
-6.1008673228346453
11
7.4545911023622047
21
-6.1001765748031493
0
LINE
8
BLACK
6
CONTINUOUS
10
7.4545911023622047
20
-6.1001765748031493
11
7.4536458661417324
21
-6.0995952755905511
0
LINE
8
BLACK
6
CONTINUOUS
10
7.4536458661417324
20
-6.0995952755905511
11
7.4525759842519683
21
-6.0991214566929131
0
LINE
8
BLACK
6
CONTINUOUS
10
7.4525759842519683
20
-6.0991214566929131
11
7.4514029527559051
21
-6.0987732677165356
0
LINE
8
BLACK
6
CONTINUOUS
10
7.4514029527559051
20
-6.0987732677165356
11
7.450103346456693
21
-6.0985540157480314
0
LINE
8
BLACK
6
CONTINUOUS
10
7.450103346456693
20
-6.0985540157480314
11
7.4487002755905509
21
-6.0984790551181103
0
LINE
8
BLACK
6
CONTINUOUS
10
7.4487002755905509
20
-6.0984790551181103
11
7.4486372834645671
21
-6.0984791338582678
0
LINE
8
BLACK
6
CONTINUOUS
10
7.4486372834645671
20
-6.0984791338582678
11
7.4467275590551179
21
-6.0985761417322832
0
LINE
8
BLACK
6
CONTINUOUS
10
7.4467275590551179
20
-6.0985761417322832
11
7.4450373622047241
21
-6.0988264173228348
0
LINE
8
BLACK
6
CONTINUOUS
10
7.4450373622047241
20
-6.0988264173228348
11
7.4424468110236219
21
-6.0995547637795271
0
LINE
8
BLACK
6
CONTINUOUS
10
7.4424468110236219
20
-6.0995547637795271
11
7.4404064173228344
21
-6.1004458661417322
0
LINE
8
BLACK
6
CONTINUOUS
10
7.4404064173228344
20
-6.1004458661417322
11
7.4403565748031495
21
-6.1004601968503938
0
LINE
8
BLACK
6
CONTINUOUS
10
7.4403565748031495
20
-6.1004601968503938
11
7.4397639370078741
21
-6.100548267716535
0
LINE
8
BLACK
6
CONTINUOUS
10
7.4397639370078741
20
-6.100548267716535
11
7.4396411023622049
21
-6.1005265748031494
0
LINE
8
BLACK
6
CONTINUOUS
10
7.4396411023622049
20
-6.1005265748031494
11
7.4393511023622043
21
-6.1003692125984248
0
LINE
8
BLACK
6
CONTINUOUS
10
7.4393511023622043
20
-6.1003692125984248
11
7.4392833464566923
21
-6.1003085039370077
0
LINE
8
BLACK
6
CONTINUOUS
10
7.4392833464566923
20
-6.1003085039370077
11
7.4390625590551176
21
-6.0999907874015751
0
LINE
8
BLACK
6
CONTINUOUS
10
7.4390625590551176
20
-6.0999907874015751
11
7.4390470472440944
21
-6.0999642913385825
0
LINE
8
BLACK
6
CONTINUOUS
10
7.4390470472440944
20
-6.0999642913385825
11
7.4382200787401569
21
-6.0982574409448818
0
LINE
8
BLACK
6
CONTINUOUS
10
7.4382200787401569
20
-6.0982574409448818
11
7.4382034251968498
21
-6.098205984251968
0
LINE
8
BLACK
6
CONTINUOUS
10
7.4382034251968498
20
-6.098205984251968
11
7.4380948031496059
21
-6.0975936220472438
0
LINE
8
BLACK
6
CONTINUOUS
10
7.4380948031496059
20
-6.0975936220472438
11
7.4381126771653543
21
-6.0974709448818896
0
LINE
8
BLACK
6
CONTINUOUS
10
7.4381126771653543
20
-6.0974709448818896
11
7.4382524015748031
21
-6.0971925196850396
0
LINE
8
BLACK
6
CONTINUOUS
10
7.4382524015748031
20
-6.0971925196850396
11
7.4383146850393702
21
-6.0971200787401569
0
LINE
8
BLACK
6
CONTINUOUS
10
7.4383146850393702
20
-6.0971200787401569
11
7.4386153543307083
21
-6.0969074803149601
0
LINE
8
BLACK
6
CONTINUOUS
10
7.4386153543307083
20
-6.0969074803149601
11
7.438638307086614
21
-6.0968935039370074
0
LINE
8
BLACK
6
CONTINUOUS
10
7.438638307086614
20
-6.0968935039370074
11
7.438789527559055
21
-6.0968149999999994
0
LINE
8
BLACK
6
CONTINUOUS
10
7.438789527559055
20
-6.0968149999999994
11
7.4388046850393703
21
-6.0968079527559054
0
LINE
8
BLACK
6
CONTINUOUS
10
7.4388046850393703
20
-6.0968079527559054
11
7.4417491732283461
21
-6.0955842519685035
0
LINE
8
BLACK
6
CONTINUOUS
10
7.4417491732283461
20
-6.0955842519685035
11
7.4417788582677167
21
-6.0955746062992127
0
LINE
8
BLACK
6
CONTINUOUS
10
7.4417788582677167
20
-6.0955746062992127
11
7.4450818110236217
21
-6.0947829527559056
0
LINE
8
BLACK
6
CONTINUOUS
10
7.4450818110236217
20
-6.0947829527559056
11
7.445112519685039
21
-6.09477811023622
0
LINE
8
BLACK
6
CONTINUOUS
10
7.445112519685039
20
-6.09477811023622
11
7.4486903149606301
21
-6.0945016535433068
0
LINE
8
BLACK
6
CONTINUOUS
10
7.4486903149606301
20
-6.0945016535433068
11
7.4487090551181101
21
-6.0945011023622042
0
LINE
8
BLACK
6
CONTINUOUS
10
7.4487090551181101
20
-6.0945011023622042
11
7.4494799606299207
21
-6.0945151968503932
0
LINE
8
BLACK
6
CONTINUOUS
10
7.5032772047244096
20
-6.094972559055118
11
7.5038253937007875
21
-6.0951540157480313
0
LINE
8
BLACK
6
CONTINUOUS
10
7.5038253937007875
20
-6.0951540157480313
11
7.5039210236220475
21
-6.0952227952755909
0
LINE
8
BLACK
6
CONTINUOUS
10
7.5039210236220475
20
-6.0952227952755909
11
7.5041264960629919
21
-6.0954968110236223
0
LINE
8
BLACK
6
CONTINUOUS
10
7.5041264960629919
20
-6.0954968110236223
11
7.5041621259842515
21
-6.0955768110236219
0
LINE
8
BLACK
6
CONTINUOUS
10
7.5041621259842515
20
-6.0955768110236219
11
7.5042354330708658
21
-6.0959483070866138
0
LINE
8
BLACK
6
CONTINUOUS
10
7.5042354330708658
20
-6.0959483070866138
11
7.5042391732283464
21
-6.0959864173228349
0
LINE
8
BLACK
6
CONTINUOUS
10
7.5042391732283464
20
-6.0959864173228349
11
7.5042391732283464
21
-6.0967581102362205
0
LINE
8
BLACK
6
CONTINUOUS
10
7.5042391732283464
20
-6.0967581102362205
11
7.504234921259842
21
-6.0967987401574799
0
LINE
8
BLACK
6
CONTINUOUS
10
7.504234921259842
20
-6.0967987401574799
11
7.5040137795275585
21
-6.0978468503937009
0
LINE
8
BLACK
6
CONTINUOUS
10
7.5040137795275585
20
-6.0978468503937009
11
7.5040009055118109
21
-6.0978865354330711
0
LINE
8
BLACK
6
CONTINUOUS
10
7.5040009055118109
20
-6.0978865354330711
11
7.4881275196850394
21
-6.133405118110236
0
LINE
8
BLACK
6
CONTINUOUS
10
7.4881275196850394
20
-6.133405118110236
11
7.4881227559055112
21
-6.133415039370079
0
LINE
8
BLACK
6
CONTINUOUS
10
7.4881227559055112
20
-6.133415039370079
11
7.4879985826771653
21
-6.1336557874015742
0
LINE
8
BLACK
6
CONTINUOUS
10
7.4879985826771653
20
-6.1336557874015742
11
7.4879481102362204
21
-6.1337180314960627
0
LINE
8
BLACK
6
CONTINUOUS
10
7.4879481102362204
20
-6.1337180314960627
11
7.4876039763779527
21
-6.1339989763779528
0
LINE
8
BLACK
6
CONTINUOUS
10
7.4876039763779527
20
-6.1339989763779528
11
7.4875142125984251
21
-6.134040275590551
0
LINE
8
BLACK
6
CONTINUOUS
10
7.4875142125984251
20
-6.134040275590551
11
7.4870449606299214
21
-6.1341244094488188
0
LINE
8
BLACK
6
CONTINUOUS
10
7.4870449606299214
20
-6.1341244094488188
11
7.4870102362204722
21
-6.1341274803149606
0
LINE
8
BLACK
6
CONTINUOUS
10
7.4870102362204722
20
-6.1341274803149606
11
7.4844764566929136
21
-6.1341274803149606
0
LINE
8
BLACK
6
CONTINUOUS
10
7.4844764566929136
20
-6.1341274803149606
11
7.4844686614173224
21
-6.1341273228346456
0
LINE
8
BLACK
6
CONTINUOUS
10
7.4844686614173224
20
-6.1341273228346456
11
7.4843614960629923
21
-6.1341230708661412
0
LINE
8
BLACK
6
CONTINUOUS
10
7.4843614960629923
20
-6.1341230708661412
11
7.4842814960629918
21
-6.1341025590551181
0
LINE
8
BLACK
6
CONTINUOUS
10
7.4842814960629918
20
-6.1341025590551181
11
7.4837545669291341
21
-6.1338400393700789
0
LINE
8
BLACK
6
CONTINUOUS
10
7.4837545669291341
20
-6.1338400393700789
11
7.4836557086614173
21
-6.1337263779527555
0
LINE
8
BLACK
6
CONTINUOUS
10
7.4836557086614173
20
-6.1337263779527555
11
7.4836516929133854
21
-6.1337128346456691
0
LINE
8
BLACK
6
CONTINUOUS
10
7.4836516929133854
20
-6.1337128346456691
11
7.4835714566929132
21
-6.1334003937007875
0
LINE
8
BLACK
6
CONTINUOUS
10
7.4835714566929132
20
-6.1334003937007875
11
7.4835715354330707
21
-6.1333022047244095
0
LINE
8
BLACK
6
CONTINUOUS
10
7.4835715354330707
20
-6.1333022047244095
11
7.4836776771653541
21
-6.1328909448818898
0
LINE
8
BLACK
6
CONTINUOUS
10
7.4836776771653541
20
-6.1328909448818898
11
7.4836887401574801
21
-6.1328594488188974
0
LINE
8
BLACK
6
CONTINUOUS
10
7.4836887401574801
20
-6.1328594488188974
11
7.498886850393701
21
-6.0990512204724405
0
LINE
8
BLACK
6
CONTINUOUS
10
7.498886850393701
20
-6.0990512204724405
11
7.4789088976377949
21
-6.0990512204724405
0
LINE
8
BLACK
6
CONTINUOUS
10
7.4789088976377949
20
-6.0990512204724405
11
7.478847047244094
21
-6.0990412598425197
0
LINE
8
BLACK
6
CONTINUOUS
10
7.478847047244094
20
-6.0990412598425197
11
7.4782988582677161
21
-6.0988598031496064
0
LINE
8
BLACK
6
CONTINUOUS
10
7.4782988582677161
20
-6.0988598031496064
11
7.4782032283464561
21
-6.0987910236220468
0
LINE
8
BLACK
6
CONTINUOUS
10
7.4782032283464561
20
-6.0987910236220468
11
7.4779977559055117
21
-6.0985170078740154
0
LINE
8
BLACK
6
CONTINUOUS
10
7.4779977559055117
20
-6.0985170078740154
11
7.4779621259842521
21
-6.0984370078740158
0
LINE
8
BLACK
6
CONTINUOUS
10
7.4779621259842521
20
-6.0984370078740158
11
7.4778888188976378
21
-6.0980655118110239
0
LINE
8
BLACK
6
CONTINUOUS
10
7.4778888188976378
20
-6.0980655118110239
11
7.4778850787401572
21
-6.0980274015748028
0
LINE
8
BLACK
6
CONTINUOUS
10
7.4778850787401572
20
-6.0980274015748028
11
7.4778850787401572
21
-6.0959864173228349
0
LINE
8
BLACK
6
CONTINUOUS
10
7.4778850787401572
20
-6.0959864173228349
11
7.4778950393700789
21
-6.095924566929134
0
LINE
8
BLACK
6
CONTINUOUS
10
7.4778950393700789
20
-6.095924566929134
11
7.4780764566929134
21
-6.0953763779527561
0
LINE
8
BLACK
6
CONTINUOUS
10
7.4780764566929134
20
-6.0953763779527561
11
7.4781452362204721
21
-6.0952807480314961
0
LINE
8
BLACK
6
CONTINUOUS
10
7.4781452362204721
20
-6.0952807480314961
11
7.4784192519685035
21
-6.0950752755905508
0
LINE
8
BLACK
6
CONTINUOUS
10
7.4784192519685035
20
-6.0950752755905508
11
7.4784992519685041
21
-6.0950396456692912
0
LINE
8
BLACK
6
CONTINUOUS
10
7.4784992519685041
20
-6.0950396456692912
11
7.4788707874015747
21
-6.0949663385826769
0
LINE
8
BLACK
6
CONTINUOUS
10
7.4788707874015747
20
-6.0949663385826769
11
7.4789088976377949
21
-6.0949625984251963
0
LINE
8
BLACK
6
CONTINUOUS
10
7.4789088976377949
20
-6.0949625984251963
11
7.5032153543307087
21
-6.0949625984251963
0
LINE
8
BLACK
6
CONTINUOUS
10
7.5032153543307087
20
-6.0949625984251963
11
7.5032772047244096
21
-6.094972559055118
0
LINE
8
BLACK
6
CONTINUOUS
10
9.3567213385826769
20
-5.8886974015748033
11
9.3567213385826769
21
-5.926771653543307
0
LINE
8
BLACK
6
CONTINUOUS
10
9.3567213385826769
20
-5.926771653543307
11
9.3912515354330708
21
-5.926771653543307
0
LINE
8
BLACK
6
CONTINUOUS
10
9.3912515354330708
20
-5.926771653543307
11
9.3912244094488191
21
-5.8892478346456691
0
LINE
8
BLACK
6
CONTINUOUS
10
9.3912244094488191
20
-5.8892478346456691
11
9.3959478740157483
21
-5.887982204724409
0
LINE
8
BLACK
6
CONTINUOUS
10
9.3959478740157483
20
-5.887982204724409
11
9.39597594488189
21
-5.926771653543307
0
LINE
8
BLACK
6
CONTINUOUS
10
9.39597594488189
20
-5.926771653543307
11
10.7401574803149611
21
-5.926771653543307
0
LINE
8
BLACK
6
CONTINUOUS
10
10.7401574803149611
20
-5.926771653543307
11
10.7438085826771648
21
-5.926771653543307
0
LINE
8
BLACK
6
CONTINUOUS
10
10.7438085826771648
20
-5.926771653543307
11
10.7509998425196844
21
-5.9280396850393702
0
LINE
8
BLACK
6
CONTINUOUS
10
10.7509998425196844
20
-5.9280396850393702
11
10.7578616929133855
21
-5.9305371653543304
0
LINE
8
BLACK
6
CONTINUOUS
10
10.7578616929133855
20
-5.9305371653543304
11
10.764185551181102
21
-5.934188267716535
0
LINE
8
BLACK
6
CONTINUOUS
10
10.764185551181102
20
-5.934188267716535
11
10.7697793700787408
21
-5.9388820472440944
0
LINE
8
BLACK
6
CONTINUOUS
10
10.7697793700787408
20
-5.9388820472440944
11
10.7744731496062993
21
-5.9444758661417323
0
LINE
8
BLACK
6
CONTINUOUS
10
10.7744731496062993
20
-5.9444758661417323
11
10.778124251968503
21
-5.9507997244094488
0
LINE
8
BLACK
6
CONTINUOUS
10
10.778124251968503
20
-5.9507997244094488
11
10.7806217322834641
21
-5.9576615748031498
0
LINE
8
BLACK
6
CONTINUOUS
10
10.7806217322834641
20
-5.9576615748031498
11
10.7818897637795281
21
-5.9648528346456695
0
LINE
8
BLACK
6
CONTINUOUS
10
10.7818897637795281
20
-5.9648528346456695
11
10.7818897637795281
21
-5.9685039370078741
0
LINE
8
BLACK
6
CONTINUOUS
10
10.7818897637795281
20
-5.9685039370078741
11
10.7818897637795281
21
-6.0314960629921259
0
LINE
8
BLACK
6
CONTINUOUS
10
10.7818897637795281
20
-6.0314960629921259
11
10.7817099606299216
21
-6.0324000393700787
0
LINE
8
BLACK
6
CONTINUOUS
10
10.7817099606299216
20
-6.0324000393700787
11
10.7804315354330704
21
-6.033678464566929
0
LINE
8
BLACK
6
CONTINUOUS
10
10.7804315354330704
20
-6.033678464566929
11
10.7786235826771648
21
-6.033678464566929
0
LINE
8
BLACK
6
CONTINUOUS
10
10.7786235826771648
20
-6.033678464566929
11
10.7773451574803154
21
-6.0324000393700787
0
LINE
8
BLACK
6
CONTINUOUS
10
10.7773451574803154
20
-6.0324000393700787
11
10.7771653543307089
21
-6.0314960629921259
0
LINE
8
BLACK
6
CONTINUOUS
10
10.7771653543307089
20
-6.0314960629921259
11
10.7771653543307089
21
-5.9685039370078741
0
LINE
8
BLACK
6
CONTINUOUS
10
10.7771653543307089
20
-5.9685039370078741
11
10.7766031102362199
21
-5.9620775984251964
0
LINE
8
BLACK
6
CONTINUOUS
10
10.7766031102362199
20
-5.9620775984251964
11
10.7749335039370084
21
-5.9558464960629918
0
LINE
8
BLACK
6
CONTINUOUS
10
10.7749335039370084
20
-5.9558464960629918
11
10.7722072440944885
21
-5.9500000000000002
0
LINE
8
BLACK
6
CONTINUOUS
10
10.7722072440944885
20
-5.9500000000000002
11
10.7685071653543307
21
-5.9447157480314958
0
LINE
8
BLACK
6
CONTINUOUS
10
10.7685071653543307
20
-5.9447157480314958
11
10.7639456692913384
21
-5.9401542519685036
0
LINE
8
BLACK
6
CONTINUOUS
10
10.7639456692913384
20
-5.9401542519685036
11
10.7586614173228341
21
-5.9364541732283467
0
LINE
8
BLACK
6
CONTINUOUS
10
10.7586614173228341
20
-5.9364541732283467
11
10.7528149212598425
21
-5.9337279133858267
0
LINE
8
BLACK
6
CONTINUOUS
10
10.7528149212598425
20
-5.9337279133858267
11
10.746583818897637
21
-5.9320583070866144
0
LINE
8
BLACK
6
CONTINUOUS
10
10.746583818897637
20
-5.9320583070866144
11
10.7401574803149611
21
-5.9314960629921263
0
LINE
8
BLACK
6
CONTINUOUS
10
10.7401574803149611
20
-5.9314960629921263
11
10.7393899606299215
21
-5.9314960629921263
0
LINE
8
BLACK
6
CONTINUOUS
10
10.7393899606299215
20
-5.9314960629921263
11
9.395979330708661
21
-5.9314960629921263
0
LINE
8
BLACK
6
CONTINUOUS
10
9.395979330708661
20
-5.9314960629921263
11
9.3960624015748024
21
-6.0465032677165356
0
LINE
8
BLACK
6
CONTINUOUS
10
9.3960624015748024
20
-6.0465032677165356
11
9.3960624409448812
21
-6.0465033070866143
0
LINE
8
BLACK
6
CONTINUOUS
10
9.3960624409448812
20
-6.0465033070866143
11
9.3960629921259837
21
-6.0472708661417318
0
LINE
8
BLACK
6
CONTINUOUS
10
9.3960629921259837
20
-6.0472708661417318
11
9.39662937007874
21
-6.0536938582677164
0
LINE
8
BLACK
6
CONTINUOUS
10
9.39662937007874
20
-6.0536938582677164
11
9.3983019685039366
21
-6.0599211023622042
0
LINE
8
BLACK
6
CONTINUOUS
10
9.3983019685039366
20
-6.0599211023622042
11
9.4010300393700792
21
-6.0657634645669294
0
LINE
8
BLACK
6
CONTINUOUS
10
9.4010300393700792
20
-6.0657634645669294
11
9.4047307480314952
21
-6.0710437007874019
0
LINE
8
BLACK
6
CONTINUOUS
10
9.4047307480314952
20
-6.0710437007874019
11
9.4092917716535425
21
-6.0756014173228348
0
LINE
8
BLACK
6
CONTINUOUS
10
9.4092917716535425
20
-6.0756014173228348
11
9.4145746456692905
21
-6.0792983070866145
0
LINE
8
BLACK
6
CONTINUOUS
10
9.4145746456692905
20
-6.0792983070866145
11
9.4204190157480312
21
-6.0820221653543305
0
LINE
8
BLACK
6
CONTINUOUS
10
9.4204190157480312
20
-6.0820221653543305
11
9.4266474409448815
21
-6.0836902362204723
0
LINE
8
BLACK
6
CONTINUOUS
10
9.4266474409448815
20
-6.0836902362204723
11
9.4330708661417315
21
-6.0842519685039367
0
LINE
8
BLACK
6
CONTINUOUS
10
9.4330708661417315
20
-6.0842519685039367
11
9.7839349606299209
21
-6.0842519685039367
0
LINE
8
BLACK
6
CONTINUOUS
10
9.7839349606299209
20
-6.0842519685039367
11
9.7839349606299209
21
-6.0889763779527559
0
LINE
8
BLACK
6
CONTINUOUS
10
9.7839349606299209
20
-6.0889763779527559
11
9.4338383858267711
21
-6.0889763779527559
0
LINE
8
BLACK
6
CONTINUOUS
10
9.4338383858267711
20
-6.0889763779527559
11
9.4330708661417315
21
-6.0889763779527559
0
LINE
8
BLACK
6
CONTINUOUS
10
9.4330708661417315
20
-6.0889763779527559
11
9.4294214566929124
21
-6.0889765354330709
0
LINE
8
BLACK
6
CONTINUOUS
10
9.4294214566929124
20
-6.0889765354330709
11
9.4222333858267717
21
-6.0877096850393704
0
LINE
8
BLACK
6
CONTINUOUS
10
9.4222333858267717
20
-6.0877096850393704
11
9.4153742913385816
21
-6.0852144094488185
0
LINE
8
BLACK
6
CONTINUOUS
10
9.4153742913385816
20
-6.0852144094488185
11
9.4090524409448815
21
-6.081566496062992
0
LINE
8
BLACK
6
CONTINUOUS
10
9.4090524409448815
20
-6.081566496062992
11
9.403459685039369
21
-6.0768766929133857
0
LINE
8
BLACK
6
CONTINUOUS
10
9.403459685039369
20
-6.0768766929133857
11
9.398765826771653
21
-6.0712873228346451
0
LINE
8
BLACK
6
CONTINUOUS
10
9.398765826771653
20
-6.0712873228346451
11
9.3951133464566929
21
-6.0649681102362205
0
LINE
8
BLACK
6
CONTINUOUS
10
9.3951133464566929
20
-6.0649681102362205
11
9.3926131496062997
21
-6.058110826771653
0
LINE
8
BLACK
6
CONTINUOUS
10
9.3926131496062997
20
-6.058110826771653
11
9.3913411023622047
21
-6.0509237007874015
0
LINE
8
BLACK
6
CONTINUOUS
10
9.3913411023622047
20
-6.0509237007874015
11
9.3913385826771645
21
-6.0472742519685037
0
LINE
8
BLACK
6
CONTINUOUS
10
9.3913385826771645
20
-6.0472742519685037
11
9.3913380314960619
21
-6.046506732283464
0
LINE
8
BLACK
6
CONTINUOUS
10
9.3913380314960619
20
-6.046506732283464
11
9.3912549212598417
21
-5.9314960629921263
0
LINE
8
BLACK
6
CONTINUOUS
10
9.3912549212598417
20
-5.9314960629921263
11
9.3567213385826769
21
-5.9314960629921263
0
LINE
8
BLACK
6
CONTINUOUS
10
9.3567213385826769
20
-5.9314960629921263
11
9.3567213385826769
21
-6.0464765748031493
0
LINE
8
BLACK
6
CONTINUOUS
10
9.3567213385826769
20
-6.0464765748031493
11
9.3567213385826769
21
-6.0472440944881889
0
LINE
8
BLACK
6
CONTINUOUS
10
9.3567213385826769
20
-6.0472440944881889
11
9.3567213385826769
21
-6.0508952362204722
0
LINE
8
BLACK
6
CONTINUOUS
10
9.3567213385826769
20
-6.0508952362204722
11
9.3554533464566934
21
-6.0580865354330706
0
LINE
8
BLACK
6
CONTINUOUS
10
9.3554533464566934
20
-6.0580865354330706
11
9.3529558661417322
21
-6.0649484251968504
0
LINE
8
BLACK
6
CONTINUOUS
10
9.3529558661417322
20
-6.0649484251968504
11
9.3493047637795268
21
-6.0712724015748032
0
LINE
8
BLACK
6
CONTINUOUS
10
9.3493047637795268
20
-6.0712724015748032
11
9.344611023622047
21
-6.0768662992125986
0
LINE
8
BLACK
6
CONTINUOUS
10
9.344611023622047
20
-6.0768662992125986
11
9.3390172440944887
21
-6.0815601574803146
0
LINE
8
BLACK
6
CONTINUOUS
10
9.3390172440944887
20
-6.0815601574803146
11
9.3326933464566935
21
-6.0852113779527555
0
LINE
8
BLACK
6
CONTINUOUS
10
9.3326933464566935
20
-6.0852113779527555
11
9.3258315354330712
21
-6.0877090157480316
0
LINE
8
BLACK
6
CONTINUOUS
10
9.3258315354330712
20
-6.0877090157480316
11
9.3186402362204728
21
-6.088977165354331
0
LINE
8
BLACK
6
CONTINUOUS
10
9.3186402362204728
20
-6.088977165354331
11
9.3149890944881886
21
-6.0889772440944885
0
LINE
8
BLACK
6
CONTINUOUS
10
9.3149890944881886
20
-6.0889772440944885
11
9.3149890944881886
21
-6.0889763779527559
0
LINE
8
BLACK
6
CONTINUOUS
10
9.3149890944881886
20
-6.0889763779527559
11
9.3142215748031489
21
-6.0889764173228347
0
LINE
8
BLACK
6
CONTINUOUS
10
9.3142215748031489
20
-6.0889764173228347
11
9.3142215354330702
21
-6.0889763779527559
0
LINE
8
BLACK
6
CONTINUOUS
10
9.3142215354330702
20
-6.0889763779527559
11
8.9606583464566931
21
-6.0889763779527559
0
LINE
8
BLACK
6
CONTINUOUS
10
8.9606583464566931
20
-6.0889763779527559
11
8.9597543700787394
21
-6.0887965748031494
0
LINE
8
BLACK
6
CONTINUOUS
10
8.9597543700787394
20
-6.0887965748031494
11
8.95847594488189
21
-6.0875181496062991
0
LINE
8
BLACK
6
CONTINUOUS
10
8.95847594488189
20
-6.0875181496062991
11
8.95847594488189
21
-6.0857101968503935
0
LINE
8
BLACK
6
CONTINUOUS
10
8.95847594488189
20
-6.0857101968503935
11
8.9597543700787394
21
-6.0844317716535432
0
LINE
8
BLACK
6
CONTINUOUS
10
8.9597543700787394
20
-6.0844317716535432
11
8.9606583464566931
21
-6.0842519685039367
0
LINE
8
BLACK
6
CONTINUOUS
10
8.9606583464566931
20
-6.0842519685039367
11
9.3149890551181098
21
-6.0842519685039367
0
LINE
8
BLACK
6
CONTINUOUS
10
9.3149890551181098
20
-6.0842519685039367
11
9.314992047244095
21
-6.084252559055118
0
LINE
8
BLACK
6
CONTINUOUS
10
9.314992047244095
20
-6.084252559055118
11
9.3214153937007875
21
-6.0836904724409449
0
LINE
8
BLACK
6
CONTINUOUS
10
9.3214153937007875
20
-6.0836904724409449
11
9.32764653543307
21
-6.0820207086614175
0
LINE
8
BLACK
6
CONTINUOUS
10
9.32764653543307
20
-6.0820207086614175
11
9.3334930314960634
21
-6.0792943307086613
0
LINE
8
BLACK
6
CONTINUOUS
10
9.3334930314960634
20
-6.0792943307086613
11
9.3387772834645659
21
-6.0755941338582673
0
LINE
8
BLACK
6
CONTINUOUS
10
9.3387772834645659
20
-6.0755941338582673
11
9.3433387795275582
21
-6.0710325590551184
0
LINE
8
BLACK
6
CONTINUOUS
10
9.3433387795275582
20
-6.0710325590551184
11
9.3470388188976372
21
-6.0657482283464565
0
LINE
8
BLACK
6
CONTINUOUS
10
9.3470388188976372
20
-6.0657482283464565
11
9.3497650787401572
21
-6.0599016535433066
0
LINE
8
BLACK
6
CONTINUOUS
10
9.3497650787401572
20
-6.0599016535433066
11
9.3514346850393704
21
-6.0536705118110232
0
LINE
8
BLACK
6
CONTINUOUS
10
9.3514346850393704
20
-6.0536705118110232
11
9.3519969291338576
21
-6.0472440944881889
0
LINE
8
BLACK
6
CONTINUOUS
10
9.3519969291338576
20
-6.0472440944881889
11
9.3519969291338576
21
-6.0464765748031493
0
LINE
8
BLACK
6
CONTINUOUS
10
9.3519969291338576
20
-6.0464765748031493
11
9.3519969291338576
21
-5.9314960629921263
0
LINE
8
BLACK
6
CONTINUOUS
10
9.3519969291338576
20
-5.9314960629921263
11
8.8747832677165359
21
-5.9314960629921263
0
LINE
8
BLACK
6
CONTINUOUS
10
8.8747832677165359
20
-5.9314960629921263
11
8.8740157480314963
21
-5.9314960629921263
0
LINE
8
BLACK
6
CONTINUOUS
10
8.8740157480314963
20
-5.9314960629921263
11
8.8703663385826772
21
-5.9314962204724404
0
LINE
8
BLACK
6
CONTINUOUS
10
8.8703663385826772
20
-5.9314962204724404
11
8.8631782677165347
21
-5.9302293700787398
0
LINE
8
BLACK
6
CONTINUOUS
10
8.8631782677165347
20
-5.9302293700787398
11
8.8563191732283464
21
-5.9277340944881889
0
LINE
8
BLACK
6
CONTINUOUS
10
8.8563191732283464
20
-5.9277340944881889
11
8.8499973228346462
21
-5.9240861811023624
0
LINE
8
BLACK
6
CONTINUOUS
10
8.8499973228346462
20
-5.9240861811023624
11
8.8444045669291338
21
-5.9193963779527561
0
LINE
8
BLACK
6
CONTINUOUS
10
8.8444045669291338
20
-5.9193963779527561
11
8.8397107086614177
21
-5.9138070078740155
0
LINE
8
BLACK
6
CONTINUOUS
10
8.8397107086614177
20
-5.9138070078740155
11
8.8360582283464559
21
-5.90748779527559
0
LINE
8
BLACK
6
CONTINUOUS
10
8.8360582283464559
20
-5.90748779527559
11
8.8335580314960627
21
-5.9006305118110234
0
LINE
8
BLACK
6
CONTINUOUS
10
8.8335580314960627
20
-5.9006305118110234
11
8.8322859842519676
21
-5.8934433858267719
0
LINE
8
BLACK
6
CONTINUOUS
10
8.8322859842519676
20
-5.8934433858267719
11
8.8322834645669293
21
-5.889793937007874
0
LINE
8
BLACK
6
CONTINUOUS
10
8.8322834645669293
20
-5.889793937007874
11
8.8322829133858267
21
-5.8890264173228344
0
LINE
8
BLACK
6
CONTINUOUS
10
8.8322829133858267
20
-5.8890264173228344
11
8.8329420866141728
21
-5.888117716535433
0
LINE
8
BLACK
6
CONTINUOUS
10
8.8329420866141728
20
-5.888117716535433
11
8.8352405511811014
21
-5.8875018503937007
0
LINE
8
BLACK
6
CONTINUOUS
10
8.8352405511811014
20
-5.8875018503937007
11
8.8361041338582673
21
-5.8877817716535432
0
LINE
8
BLACK
6
CONTINUOUS
10
8.8361041338582673
20
-5.8877817716535432
11
8.837007322834646
21
-5.8890229921259838
0
LINE
8
BLACK
6
CONTINUOUS
10
8.837007322834646
20
-5.8890229921259838
11
8.8370078740157485
21
-5.8897905511811022
0
LINE
8
BLACK
6
CONTINUOUS
10
8.8370078740157485
20
-5.8897905511811022
11
8.837574251968503
21
-5.8962135433070868
0
LINE
8
BLACK
6
CONTINUOUS
10
8.837574251968503
20
-5.8962135433070868
11
8.8392468503937014
21
-5.9024407874015745
0
LINE
8
BLACK
6
CONTINUOUS
10
8.8392468503937014
20
-5.9024407874015745
11
8.8419749212598422
21
-5.9082831496062989
0
LINE
8
BLACK
6
CONTINUOUS
10
8.8419749212598422
20
-5.9082831496062989
11
8.84567562992126
21
-5.9135633858267713
0
LINE
8
BLACK
6
CONTINUOUS
10
8.84567562992126
20
-5.9135633858267713
11
8.8502366535433072
21
-5.9181211023622042
0
LINE
8
BLACK
6
CONTINUOUS
10
8.8502366535433072
20
-5.9181211023622042
11
8.8555195275590552
21
-5.9218179921259839
0
LINE
8
BLACK
6
CONTINUOUS
10
8.8555195275590552
20
-5.9218179921259839
11
8.8613638976377942
21
-5.9245418503937008
0
LINE
8
BLACK
6
CONTINUOUS
10
8.8613638976377942
20
-5.9245418503937008
11
8.8675923228346463
21
-5.9262099212598427
0
LINE
8
BLACK
6
CONTINUOUS
10
8.8675923228346463
20
-5.9262099212598427
11
8.8740157480314963
21
-5.926771653543307
0
LINE
8
BLACK
6
CONTINUOUS
10
8.8740157480314963
20
-5.926771653543307
11
9.3519969291338576
21
-5.926771653543307
0
LINE
8
BLACK
6
CONTINUOUS
10
9.3519969291338576
20
-5.926771653543307
11
9.3519969291338576
21
-5.8874314960629919
0
LINE
8
BLACK
6
CONTINUOUS
10
9.3519969291338576
20
-5.8874314960629919
11
9.3567213385826769
21
-5.8886974015748033
0
LINE
8
BLACK
6
CONTINUOUS
10
7.4826771653543309
20
-5.8889535433070863
11
7.4826771653543309
21
-5.926771653543307
0
LINE
8
BLACK
6
CONTINUOUS
10
7.4826771653543309
20
-5.926771653543307
11
7.517207362204724
21
-5.926771653543307
0
LINE
8
BLACK
6
CONTINUOUS
10
7.517207362204724
20
-5.926771653543307
11
7.5171800393700785
21
-5.8889917716535436
0
LINE
8
BLACK
6
CONTINUOUS
10
7.5171800393700785
20
-5.8889917716535436
11
7.5219035433070864
21
-5.8877261417322835
0
LINE
8
BLACK
6
CONTINUOUS
10
7.5219035433070864
20
-5.8877261417322835
11
7.5219317716535432
21
-5.926771653543307
0
LINE
8
BLACK
6
CONTINUOUS
10
7.5219317716535432
20
-5.926771653543307
11
8.4304427952755905
21
-5.926771653543307
0
LINE
8
BLACK
6
CONTINUOUS
10
8.4304427952755905
20
-5.926771653543307
11
8.4305842519685044
21
-5.9276647637795277
0
LINE
8
BLACK
6
CONTINUOUS
10
8.4305842519685044
20
-5.9276647637795277
11
8.4318290944881884
21
-5.9314960629921263
0
LINE
8
BLACK
6
CONTINUOUS
10
8.4318290944881884
20
-5.9314960629921263
11
7.521935157480315
21
-5.9314960629921263
0
LINE
8
BLACK
6
CONTINUOUS
10
7.521935157480315
20
-5.9314960629921263
11
7.5220188188976378
21
-6.0472708267716531
0
LINE
8
BLACK
6
CONTINUOUS
10
7.5220188188976378
20
-6.0472708267716531
11
7.5220188188976378
21
-6.0472708661417318
0
LINE
8
BLACK
6
CONTINUOUS
10
7.5220188188976378
20
-6.0472708661417318
11
7.5220196850393704
21
-6.0472708661417318
0
LINE
8
BLACK
6
CONTINUOUS
10
7.5220196850393704
20
-6.0472708661417318
11
7.522586023622047
21
-6.0536937795275589
0
LINE
8
BLACK
6
CONTINUOUS
10
7.522586023622047
20
-6.0536937795275589
11
7.5242585826771649
21
-6.0599209055118113
0
LINE
8
BLACK
6
CONTINUOUS
10
7.5242585826771649
20
-6.0599209055118113
11
7.526986574803149
21
-6.0657632283464569
0
LINE
8
BLACK
6
CONTINUOUS
10
7.526986574803149
20
-6.0657632283464569
11
7.5306872047244093
21
-6.0710433858267718
0
LINE
8
BLACK
6
CONTINUOUS
10
7.5306872047244093
20
-6.0710433858267718
11
7.5352481102362203
21
-6.0756011417322835
0
LINE
8
BLACK
6
CONTINUOUS
10
7.5352481102362203
20
-6.0756011417322835
11
7.5405308661417321
21
-6.0792980314960632
0
LINE
8
BLACK
6
CONTINUOUS
10
7.5405308661417321
20
-6.0792980314960632
11
7.5463751181102356
21
-6.082021929133858
0
LINE
8
BLACK
6
CONTINUOUS
10
7.5463751181102356
20
-6.082021929133858
11
7.5526034251968506
21
-6.0836901181102361
0
LINE
8
BLACK
6
CONTINUOUS
10
7.5526034251968506
20
-6.0836901181102361
11
7.5590267322834643
21
-6.0842519685039367
0
LINE
8
BLACK
6
CONTINUOUS
10
7.5590267322834643
20
-6.0842519685039367
11
7.9110236220472441
21
-6.0842519685039367
0
LINE
8
BLACK
6
CONTINUOUS
10
7.9110236220472441
20
-6.0842519685039367
11
7.9119275984251969
21
-6.0844317716535432
0
LINE
8
BLACK
6
CONTINUOUS
10
7.9119275984251969
20
-6.0844317716535432
11
7.9132060236220472
21
-6.0857101968503935
0
LINE
8
BLACK
6
CONTINUOUS
10
7.9132060236220472
20
-6.0857101968503935
11
7.9132060236220472
21
-6.0875181496062991
0
LINE
8
BLACK
6
CONTINUOUS
10
7.9132060236220472
20
-6.0875181496062991
11
7.9119275984251969
21
-6.0887965748031494
0
LINE
8
BLACK
6
CONTINUOUS
10
7.9119275984251969
20
-6.0887965748031494
11
7.9110236220472441
21
-6.0889763779527559
0
LINE
8
BLACK
6
CONTINUOUS
10
7.9110236220472441
20
-6.0889763779527559
11
7.5597942125984252
21
-6.0889763779527559
0
LINE
8
BLACK
6
CONTINUOUS
10
7.5597942125984252
20
-6.0889763779527559
11
7.5597941732283465
21
-6.0889764173228347
0
LINE
8
BLACK
6
CONTINUOUS
10
7.5597941732283465
20
-6.0889764173228347
11
7.5590266535433068
21
-6.0889763779527559
0
LINE
8
BLACK
6
CONTINUOUS
10
7.5590266535433068
20
-6.0889763779527559
11
7.5553772834645665
21
-6.0889764566929134
0
LINE
8
BLACK
6
CONTINUOUS
10
7.5553772834645665
20
-6.0889764566929134
11
7.5481893307086612
21
-6.0877094881889766
0
LINE
8
BLACK
6
CONTINUOUS
10
7.5481893307086612
20
-6.0877094881889766
11
7.5413303937007869
21
-6.0852141338582673
0
LINE
8
BLACK
6
CONTINUOUS
10
7.5413303937007869
20
-6.0852141338582673
11
7.5350086614173231
21
-6.081566181102362
0
LINE
8
BLACK
6
CONTINUOUS
10
7.5350086614173231
20
-6.081566181102362
11
7.5294160236220469
21
-6.0768763779527557
0
LINE
8
BLACK
6
CONTINUOUS
10
7.5294160236220469
20
-6.0768763779527557
11
7.5247223228346458
21
-6.0712870472440947
0
LINE
8
BLACK
6
CONTINUOUS
10
7.5247223228346458
20
-6.0712870472440947
11
7.5210699212598424
21
-6.064967874015748
0
LINE
8
BLACK
6
CONTINUOUS
10
7.5210699212598424
20
-6.064967874015748
11
7.5185698031496058
21
-6.0581107086614168
0
LINE
8
BLACK
6
CONTINUOUS
10
7.5185698031496058
20
-6.0581107086614168
11
7.5172977559055116
21
-6.050923622047244
0
LINE
8
BLACK
6
CONTINUOUS
10
7.5172977559055116
20
-6.050923622047244
11
7.5172952755905511
21
-6.0472785826771656
0
LINE
8
BLACK
6
CONTINUOUS
10
7.5172952755905511
20
-6.0472785826771656
11
7.5172944094488185
21
-6.0472742519685037
0
LINE
8
BLACK
6
CONTINUOUS
10
7.5172944094488185
20
-6.0472742519685037
11
7.5172107480314958
21
-5.9314960629921263
0
LINE
8
BLACK
6
CONTINUOUS
10
7.5172107480314958
20
-5.9314960629921263
11
7.4826771653543309
21
-5.9314960629921263
0
LINE
8
BLACK
6
CONTINUOUS
10
7.4826771653543309
20
-5.9314960629921263
11
7.4826771653543309
21
-6.0464765748031493
0
LINE
8
BLACK
6
CONTINUOUS
10
7.4826771653543309
20
-6.0464765748031493
11
7.4826771653543309
21
-6.0472440944881889
0
LINE
8
BLACK
6
CONTINUOUS
10
7.4826771653543309
20
-6.0472440944881889
11
7.4826771653543309
21
-6.0508951968503935
0
LINE
8
BLACK
6
CONTINUOUS
10
7.4826771653543309
20
-6.0508951968503935
11
7.4814091338582678
21
-6.0580864566929131
0
LINE
8
BLACK
6
CONTINUOUS
10
7.4814091338582678
20
-6.0580864566929131
11
7.4789116535433067
21
-6.0649483070866141
0
LINE
8
BLACK
6
CONTINUOUS
10
7.4789116535433067
20
-6.0649483070866141
11
7.4752605511811021
21
-6.0712721653543307
0
LINE
8
BLACK
6
CONTINUOUS
10
7.4752605511811021
20
-6.0712721653543307
11
7.4705667716535435
21
-6.0768659842519686
0
LINE
8
BLACK
6
CONTINUOUS
10
7.4705667716535435
20
-6.0768659842519686
11
7.4649729527559057
21
-6.0815597637795271
0
LINE
8
BLACK
6
CONTINUOUS
10
7.4649729527559057
20
-6.0815597637795271
11
7.4586490944881891
21
-6.0852108661417326
0
LINE
8
BLACK
6
CONTINUOUS
10
7.4586490944881891
20
-6.0852108661417326
11
7.4517872440944881
21
-6.0877083464566928
0
LINE
8
BLACK
6
CONTINUOUS
10
7.4517872440944881
20
-6.0877083464566928
11
7.4445959842519684
21
-6.0889763779527559
0
LINE
8
BLACK
6
CONTINUOUS
10
7.4445959842519684
20
-6.0889763779527559
11
7.4409448818897639
21
-6.0889763779527559
0
LINE
8
BLACK
6
CONTINUOUS
10
7.4409448818897639
20
-6.0889763779527559
11
7.4401773622047243
21
-6.0889763779527559
0
LINE
8
BLACK
6
CONTINUOUS
10
7.4401773622047243
20
-6.0889763779527559
11
7.0866141732283463
21
-6.0889763779527559
0
LINE
8
BLACK
6
CONTINUOUS
10
7.0866141732283463
20
-6.0889763779527559
11
7.0857101968503935
21
-6.0887965748031494
0
LINE
8
BLACK
6
CONTINUOUS
10
7.0857101968503935
20
-6.0887965748031494
11
7.0844317716535432
21
-6.0875181496062991
0
LINE
8
BLACK
6
CONTINUOUS
10
7.0844317716535432
20
-6.0875181496062991
11
7.0844317716535432
21
-6.0857101968503935
0
LINE
8
BLACK
6
CONTINUOUS
10
7.0844317716535432
20
-6.0857101968503935
11
7.0857101968503935
21
-6.0844317716535432
0
LINE
8
BLACK
6
CONTINUOUS
10
7.0857101968503935
20
-6.0844317716535432
11
7.0866141732283463
21
-6.0842519685039367
0
LINE
8
BLACK
6
CONTINUOUS
10
7.0866141732283463
20
-6.0842519685039367
11
7.4409448818897639
21
-6.0842519685039367
0
LINE
8
BLACK
6
CONTINUOUS
10
7.4409448818897639
20
-6.0842519685039367
11
7.4473712204724407
21
-6.0836897244094486
0
LINE
8
BLACK
6
CONTINUOUS
10
7.4473712204724407
20
-6.0836897244094486
11
7.4536023228346453
21
-6.0820201181102362
0
LINE
8
BLACK
6
CONTINUOUS
10
7.4536023228346453
20
-6.0820201181102362
11
7.4594488188976378
21
-6.0792938582677163
0
LINE
8
BLACK
6
CONTINUOUS
10
7.4594488188976378
20
-6.0792938582677163
11
7.4647330708661412
21
-6.0755937795275585
0
LINE
8
BLACK
6
CONTINUOUS
10
7.4647330708661412
20
-6.0755937795275585
11
7.4692945669291335
21
-6.0710322834645671
0
LINE
8
BLACK
6
CONTINUOUS
10
7.4692945669291335
20
-6.0710322834645671
11
7.4729946456692913
21
-6.0657480314960628
0
LINE
8
BLACK
6
CONTINUOUS
10
7.4729946456692913
20
-6.0657480314960628
11
7.4757209055118112
21
-6.0599015354330703
0
LINE
8
BLACK
6
CONTINUOUS
10
7.4757209055118112
20
-6.0599015354330703
11
7.4773905118110235
21
-6.0536704330708657
0
LINE
8
BLACK
6
CONTINUOUS
10
7.4773905118110235
20
-6.0536704330708657
11
7.4779527559055117
21
-6.0472440944881889
0
LINE
8
BLACK
6
CONTINUOUS
10
7.4779527559055117
20
-6.0472440944881889
11
7.4779527559055117
21
-6.0464765748031493
0
LINE
8
BLACK
6
CONTINUOUS
10
7.4779527559055117
20
-6.0464765748031493
11
7.4779527559055117
21
-5.9314960629921263
0
LINE
8
BLACK
6
CONTINUOUS
10
7.4779527559055117
20
-5.9314960629921263
11
6.8826572834645665
21
-5.9314960629921263
0
LINE
8
BLACK
6
CONTINUOUS
10
6.8826572834645665
20
-5.9314960629921263
11
6.8818897637795278
21
-5.9314960629921263
0
LINE
8
BLACK
6
CONTINUOUS
10
6.8818897637795278
20
-5.9314960629921263
11
6.8754634251968501
21
-5.9320583070866144
0
LINE
8
BLACK
6
CONTINUOUS
10
6.8754634251968501
20
-5.9320583070866144
11
6.8692323228346455
21
-5.9337279133858267
0
LINE
8
BLACK
6
CONTINUOUS
10
6.8692323228346455
20
-5.9337279133858267
11
6.863385826771653
21
-5.9364541732283467
0
LINE
8
BLACK
6
CONTINUOUS
10
6.863385826771653
20
-5.9364541732283467
11
6.8581015748031495
21
-5.9401542519685036
0
LINE
8
BLACK
6
CONTINUOUS
10
6.8581015748031495
20
-5.9401542519685036
11
6.8535400787401572
21
-5.9447157480314958
0
LINE
8
BLACK
6
CONTINUOUS
10
6.8535400787401572
20
-5.9447157480314958
11
6.8498399999999995
21
-5.9500000000000002
0
LINE
8
BLACK
6
CONTINUOUS
10
6.8498399999999995
20
-5.9500000000000002
11
6.8471137401574804
21
-5.9558464960629918
0
LINE
8
BLACK
6
CONTINUOUS
10
6.8471137401574804
20
-5.9558464960629918
11
6.8454441338582672
21
-5.9620775984251964
0
LINE
8
BLACK
6
CONTINUOUS
10
6.8454441338582672
20
-5.9620775984251964
11
6.8448818897637791
21
-5.9685039370078741
0
LINE
8
BLACK
6
CONTINUOUS
10
6.8448818897637791
20
-5.9685039370078741
11
6.8448818897637791
21
-6.0276849606299212
0
LINE
8
BLACK
6
CONTINUOUS
10
6.8448818897637791
20
-6.0276849606299212
11
6.8401574803149607
21
-6.0276849606299212
0
LINE
8
BLACK
6
CONTINUOUS
10
6.8401574803149607
20
-6.0276849606299212
11
6.8401574803149607
21
-5.9685039370078741
0
LINE
8
BLACK
6
CONTINUOUS
10
6.8401574803149607
20
-5.9685039370078741
11
6.8401574803149607
21
-5.9648528346456695
0
LINE
8
BLACK
6
CONTINUOUS
10
6.8401574803149607
20
-5.9648528346456695
11
6.8414255118110239
21
-5.9576615748031498
0
LINE
8
BLACK
6
CONTINUOUS
10
6.8414255118110239
20
-5.9576615748031498
11
6.8439229921259841
21
-5.9507997244094488
0
LINE
8
BLACK
6
CONTINUOUS
10
6.8439229921259841
20
-5.9507997244094488
11
6.8475740944881887
21
-5.9444758661417323
0
LINE
8
BLACK
6
CONTINUOUS
10
6.8475740944881887
20
-5.9444758661417323
11
6.8522678740157481
21
-5.9388820472440944
0
LINE
8
BLACK
6
CONTINUOUS
10
6.8522678740157481
20
-5.9388820472440944
11
6.857861692913386
21
-5.934188267716535
0
LINE
8
BLACK
6
CONTINUOUS
10
6.857861692913386
20
-5.934188267716535
11
6.8641855511811025
21
-5.9305371653543304
0
LINE
8
BLACK
6
CONTINUOUS
10
6.8641855511811025
20
-5.9305371653543304
11
6.8710474015748026
21
-5.9280396850393702
0
LINE
8
BLACK
6
CONTINUOUS
10
6.8710474015748026
20
-5.9280396850393702
11
6.8782386614173223
21
-5.926771653543307
0
LINE
8
BLACK
6
CONTINUOUS
10
6.8782386614173223
20
-5.926771653543307
11
6.8818897637795278
21
-5.926771653543307
0
LINE
8
BLACK
6
CONTINUOUS
10
6.8818897637795278
20
-5.926771653543307
11
6.8826572834645665
21
-5.926771653543307
0
LINE
8
BLACK
6
CONTINUOUS
10
6.8826572834645665
20
-5.926771653543307
11
7.4779527559055117
21
-5.926771653543307
0
LINE
8
BLACK
6
CONTINUOUS
10
7.4779527559055117
20
-5.926771653543307
11
7.4779527559055117
21
-5.8876876377952758
0
LINE
8
BLACK
6
CONTINUOUS
10
7.4779527559055117
20
-5.8876876377952758
11
7.4826771653543309
21
-5.8889535433070863
0
LINE
8
BLACK
6
CONTINUOUS
10
8.8471771653543296
20
-5.9386008661417318
11
8.8477244094488192
21
-5.9387807480314958
0
LINE
8
BLACK
6
CONTINUOUS
10
8.8477244094488192
20
-5.9387807480314958
11
8.8478203149606305
21
-5.9388494488188979
0
LINE
8
BLACK
6
CONTINUOUS
10
8.8478203149606305
20
-5.9388494488188979
11
8.8480266141732287
21
-5.9391238582677168
0
LINE
8
BLACK
6
CONTINUOUS
10
8.8480266141732287
20
-5.9391238582677168
11
8.8480624015748024
21
-5.939204094488189
0
LINE
8
BLACK
6
CONTINUOUS
10
8.8480624015748024
20
-5.939204094488189
11
8.848135826771653
21
-5.9395767716535435
0
LINE
8
BLACK
6
CONTINUOUS
10
8.848135826771653
20
-5.9395767716535435
11
8.8481395275590558
21
-5.9396148425196849
0
LINE
8
BLACK
6
CONTINUOUS
10
8.8481395275590558
20
-5.9396148425196849
11
8.8481395275590558
21
-5.9414346456692915
0
LINE
8
BLACK
6
CONTINUOUS
10
8.8481395275590558
20
-5.9414346456692915
11
8.8481296456692906
21
-5.9414962598425198
0
LINE
8
BLACK
6
CONTINUOUS
10
8.8481296456692906
20
-5.9414962598425198
11
8.8479489763779533
21
-5.9420444488188977
0
LINE
8
BLACK
6
CONTINUOUS
10
8.8479489763779533
20
-5.9420444488188977
11
8.8478801968503937
21
-5.9421402755905515
0
LINE
8
BLACK
6
CONTINUOUS
10
8.8478801968503937
20
-5.9421402755905515
11
8.8476064566929136
21
-5.9423457480314958
0
LINE
8
BLACK
6
CONTINUOUS
10
8.8476064566929136
20
-5.9423457480314958
11
8.8475262598425193
21
-5.942381456692913
0
LINE
8
BLACK
6
CONTINUOUS
10
8.8475262598425193
20
-5.942381456692913
11
8.8471537007874019
21
-5.9424547637795273
0
LINE
8
BLACK
6
CONTINUOUS
10
8.8471537007874019
20
-5.9424547637795273
11
8.8471157086614163
21
-5.9424584645669292
0
LINE
8
BLACK
6
CONTINUOUS
10
8.8471157086614163
20
-5.9424584645669292
11
8.8314944488188978
21
-5.9424584645669292
0
LINE
8
BLACK
6
CONTINUOUS
10
8.8314944488188978
20
-5.9424584645669292
11
8.8314944488188978
21
-5.9541622440944879
0
LINE
8
BLACK
6
CONTINUOUS
10
8.8314944488188978
20
-5.9541622440944879
11
8.8338688582677172
21
-5.9536229133858267
0
LINE
8
BLACK
6
CONTINUOUS
10
8.8338688582677172
20
-5.9536229133858267
11
8.8338952755905513
21
-5.9536187795275586
0
LINE
8
BLACK
6
CONTINUOUS
10
8.8338952755905513
20
-5.9536187795275586
11
8.8371773228346449
21
-5.9533305118110231
0
LINE
8
BLACK
6
CONTINUOUS
10
8.8371773228346449
20
-5.9533305118110231
11
8.8371969291338583
21
-5.9533297637795277
0
LINE
8
BLACK
6
CONTINUOUS
10
8.8371969291338583
20
-5.9533297637795277
11
8.8377632283464571
21
-5.9533366535433068
0
LINE
8
BLACK
6
CONTINUOUS
10
8.8377632283464571
20
-5.9533366535433068
11
8.8377820472440938
21
-5.9533377952755906
0
LINE
8
BLACK
6
CONTINUOUS
10
8.8377820472440938
20
-5.9533377952755906
11
8.841103346456693
21
-5.9536980314960628
0
LINE
8
BLACK
6
CONTINUOUS
10
8.841103346456693
20
-5.9536980314960628
11
8.8411401181102356
21
-5.9537056299212594
0
LINE
8
BLACK
6
CONTINUOUS
10
8.8411401181102356
20
-5.9537056299212594
11
8.8438902362204725
21
-5.9545531889763774
0
LINE
8
BLACK
6
CONTINUOUS
10
8.8438902362204725
20
-5.9545531889763774
11
8.843929881889764
21
-5.9545703543307082
0
LINE
8
BLACK
6
CONTINUOUS
10
8.843929881889764
20
-5.9545703543307082
11
8.8461672834645668
21
-5.9558483464566931
0
LINE
8
BLACK
6
CONTINUOUS
10
8.8461672834645668
20
-5.9558483464566931
11
8.846205551181102
21
-5.955876889763779
0
LINE
8
BLACK
6
CONTINUOUS
10
8.846205551181102
20
-5.955876889763779
11
8.8479768897637801
21
-5.9575671259842515
0
LINE
8
BLACK
6
CONTINUOUS
10
8.8479768897637801
20
-5.9575671259842515
11
8.8480012204724403
21
-5.9575951574803145
0
LINE
8
BLACK
6
CONTINUOUS
10
8.8480012204724403
20
-5.9575951574803145
11
8.848722283464566
21
-5.9586054724409445
0
LINE
8
BLACK
6
CONTINUOUS
10
8.848722283464566
20
-5.9586054724409445
11
8.8487352755905508
21
-5.9586262992125985
0
LINE
8
BLACK
6
CONTINUOUS
10
8.8487352755905508
20
-5.9586262992125985
11
8.8493361417322838
21
-5.9597391338582675
0
LINE
8
BLACK
6
CONTINUOUS
10
8.8493361417322838
20
-5.9597391338582675
11
8.8493461811023622
21
-5.9597608661417318
0
LINE
8
BLACK
6
CONTINUOUS
10
8.8493461811023622
20
-5.9597608661417318
11
8.8498360629921251
21
-5.9610109055118112
0
LINE
8
BLACK
6
CONTINUOUS
10
8.8498360629921251
20
-5.9610109055118112
11
8.8498431496062988
21
-5.9610325590551181
0
LINE
8
BLACK
6
CONTINUOUS
10
8.8498431496062988
20
-5.9610325590551181
11
8.8502000393700779
21
-5.9623871653543308
0
LINE
8
BLACK
6
CONTINUOUS
10
8.8502000393700779
20
-5.9623871653543308
11
8.8502043700787407
21
-5.9624082283464563
0
LINE
8
BLACK
6
CONTINUOUS
10
8.8502043700787407
20
-5.9624082283464563
11
8.8504312992125982
21
-5.9639264960629923
0
LINE
8
BLACK
6
CONTINUOUS
10
8.8504312992125982
20
-5.9639264960629923
11
8.8504332283464571
21
-5.9639463779527562
0
LINE
8
BLACK
6
CONTINUOUS
10
8.8504332283464571
20
-5.9639463779527562
11
8.8505096062992124
21
-5.9655732677165352
0
LINE
8
BLACK
6
CONTINUOUS
10
8.8505096062992124
20
-5.9655732677165352
11
8.8505097637795274
21
-5.965588188976378
0
LINE
8
BLACK
6
CONTINUOUS
10
8.8505097637795274
20
-5.965588188976378
11
8.8504825196850394
21
-5.9665255511811024
0
LINE
8
BLACK
6
CONTINUOUS
10
8.8504825196850394
20
-5.9665255511811024
11
8.8504800787401567
21
-5.9665511811023624
0
LINE
8
BLACK
6
CONTINUOUS
10
8.8504800787401567
20
-5.9665511811023624
11
8.8500245275590554
21
-5.969375866141732
0
LINE
8
BLACK
6
CONTINUOUS
10
8.8500245275590554
20
-5.969375866141732
11
8.850012913385827
21
-5.9694177559055115
0
LINE
8
BLACK
6
CONTINUOUS
10
8.850012913385827
20
-5.9694177559055115
11
8.8490342125984256
21
-5.9718595669291341
0
LINE
8
BLACK
6
CONTINUOUS
10
8.8490342125984256
20
-5.9718595669291341
11
8.8490184251968493
21
-5.9718907086614168
0
LINE
8
BLACK
6
CONTINUOUS
10
8.8490184251968493
20
-5.9718907086614168
11
8.8483402755905516
21
-5.9729753543307087
0
LINE
8
BLACK
6
CONTINUOUS
10
8.8483402755905516
20
-5.9729753543307087
11
8.848326456692913
21
-5.9729947244094488
0
LINE
8
BLACK
6
CONTINUOUS
10
8.848326456692913
20
-5.9729947244094488
11
8.847525826771653
21
-5.9739855511811024
0
LINE
8
BLACK
6
CONTINUOUS
10
8.847525826771653
20
-5.9739855511811024
11
8.8475097244094485
21
-5.9740031496062986
0
LINE
8
BLACK
6
CONTINUOUS
10
8.8475097244094485
20
-5.9740031496062986
11
8.8465764173228347
21
-5.9749080314960628
0
LINE
8
BLACK
6
CONTINUOUS
10
8.8465764173228347
20
-5.9749080314960628
11
8.8465586220472439
21
-5.9749233464566931
0
LINE
8
BLACK
6
CONTINUOUS
10
8.8465586220472439
20
-5.9749233464566931
11
8.8455054724409443
21
-5.9757249212598422
0
LINE
8
BLACK
6
CONTINUOUS
10
8.8455054724409443
20
-5.9757249212598422
11
8.8454865354330714
21
-5.9757376771653545
0
LINE
8
BLACK
6
CONTINUOUS
10
8.8454865354330714
20
-5.9757376771653545
11
8.8442852755905506
21
-5.9764487007874019
0
LINE
8
BLACK
6
CONTINUOUS
10
8.8442852755905506
20
-5.9764487007874019
11
8.8442658267716538
21
-5.976458779527559
0
LINE
8
BLACK
6
CONTINUOUS
10
8.8442658267716538
20
-5.976458779527559
11
8.8429449212598428
21
-5.9770537007874012
0
LINE
8
BLACK
6
CONTINUOUS
10
8.8429449212598428
20
-5.9770537007874012
11
8.8429255905511805
21
-5.9770612204724411
0
LINE
8
BLACK
6
CONTINUOUS
10
8.8429255905511805
20
-5.9770612204724411
11
8.8414406692913392
21
-5.9775494488188974
0
LINE
8
BLACK
6
CONTINUOUS
10
8.8414406692913392
20
-5.9775494488188974
11
8.8414218503937008
21
-5.9775546062992122
0
LINE
8
BLACK
6
CONTINUOUS
10
8.8414218503937008
20
-5.9775546062992122
11
8.8398164960629924
21
-5.9779111023622047
0
LINE
8
BLACK
6
CONTINUOUS
10
8.8398164960629924
20
-5.9779111023622047
11
8.8397985433070865
21
-5.9779142125984253
0
LINE
8
BLACK
6
CONTINUOUS
10
8.8397985433070865
20
-5.9779142125984253
11
8.8380187401574801
21
-5.9781396850393698
0
LINE
8
BLACK
6
CONTINUOUS
10
8.8380187401574801
20
-5.9781396850393698
11
8.8380018897637793
21
-5.9781411023622049
0
LINE
8
BLACK
6
CONTINUOUS
10
8.8380018897637793
20
-5.9781411023622049
11
8.8361013779527564
21
-5.9782172834645664
0
LINE
8
BLACK
6
CONTINUOUS
10
8.8361013779527564
20
-5.9782172834645664
11
8.8360796456692903
21
-5.9782169685039372
0
LINE
8
BLACK
6
CONTINUOUS
10
8.8360796456692903
20
-5.9782169685039372
11
8.8330897637795278
21
-5.9780060236220471
0
LINE
8
BLACK
6
CONTINUOUS
10
8.8330897637795278
20
-5.9780060236220471
11
8.8330628740157486
21
-5.9780022440944878
0
LINE
8
BLACK
6
CONTINUOUS
10
8.8330628740157486
20
-5.9780022440944878
11
8.8291061811023628
21
-5.9771654724409444
0
LINE
8
BLACK
6
CONTINUOUS
10
8.8291061811023628
20
-5.9771654724409444
11
8.8290781496062998
21
-5.9771573228346453
0
LINE
8
BLACK
6
CONTINUOUS
10
8.8290781496062998
20
-5.9771573228346453
11
8.8258271259842509
21
-5.9759453149606294
0
LINE
8
BLACK
6
CONTINUOUS
10
8.8258271259842509
20
-5.9759453149606294
11
8.825773267716535
21
-5.9759148425196846
0
LINE
8
BLACK
6
CONTINUOUS
10
8.825773267716535
20
-5.9759148425196846
11
8.8253683070866131
21
-5.9755922834645672
0
LINE
8
BLACK
6
CONTINUOUS
10
8.8253683070866131
20
-5.9755922834645672
11
8.8253005118110242
21
-5.9754881102362205
0
LINE
8
BLACK
6
CONTINUOUS
10
8.8253005118110242
20
-5.9754881102362205
11
8.8252124803149599
21
-5.9751514566929131
0
LINE
8
BLACK
6
CONTINUOUS
10
8.8252124803149599
20
-5.9751514566929131
11
8.8252133858267712
21
-5.9750485039370078
0
LINE
8
BLACK
6
CONTINUOUS
10
8.8252133858267712
20
-5.9750485039370078
11
8.8253217322834647
21
-5.9746620078740156
0
LINE
8
BLACK
6
CONTINUOUS
10
8.8253217322834647
20
-5.9746620078740156
11
8.8253312204724406
21
-5.9746355511811018
0
LINE
8
BLACK
6
CONTINUOUS
10
8.8253312204724406
20
-5.9746355511811018
11
8.8261581889763772
21
-5.9727652362204724
0
LINE
8
BLACK
6
CONTINUOUS
10
8.8261581889763772
20
-5.9727652362204724
11
8.8261831496062992
21
-5.9727236220472442
0
LINE
8
BLACK
6
CONTINUOUS
10
8.8261831496062992
20
-5.9727236220472442
11
8.8264909842519685
21
-5.9723298031496066
0
LINE
8
BLACK
6
CONTINUOUS
10
8.8264909842519685
20
-5.9723298031496066
11
8.826593110236221
21
-5.9722614173228346
0
LINE
8
BLACK
6
CONTINUOUS
10
8.826593110236221
20
-5.9722614173228346
11
8.8269517322834652
21
-5.9721612598425198
0
LINE
8
BLACK
6
CONTINUOUS
10
8.8269517322834652
20
-5.9721612598425198
11
8.827051732283465
21
-5.9721597244094484
0
LINE
8
BLACK
6
CONTINUOUS
10
8.827051732283465
20
-5.9721597244094484
11
8.8274862992125982
21
-5.9722666929133856
0
LINE
8
BLACK
6
CONTINUOUS
10
8.8274862992125982
20
-5.9722666929133856
11
8.8275177165354322
21
-5.9722772834645665
0
LINE
8
BLACK
6
CONTINUOUS
10
8.8275177165354322
20
-5.9722772834645665
11
8.8296790551181097
21
-5.9732166141732286
0
LINE
8
BLACK
6
CONTINUOUS
10
8.8296790551181097
20
-5.9732166141732286
11
8.8330507480314964
21
-5.9741634251968501
0
LINE
8
BLACK
6
CONTINUOUS
10
8.8330507480314964
20
-5.9741634251968501
11
8.8361010236220476
21
-5.9744627559055115
0
LINE
8
BLACK
6
CONTINUOUS
10
8.8361010236220476
20
-5.9744627559055115
11
8.8367824015748031
21
-5.9744486614173224
0
LINE
8
BLACK
6
CONTINUOUS
10
8.8367824015748031
20
-5.9744486614173224
11
8.839587637795276
21
-5.974051299212598
0
LINE
8
BLACK
6
CONTINUOUS
10
8.839587637795276
20
-5.974051299212598
11
8.8418633464566927
21
-5.9731802362204727
0
LINE
8
BLACK
6
CONTINUOUS
10
8.8418633464566927
20
-5.9731802362204727
11
8.8436529921259837
21
-5.9718965354330704
0
LINE
8
BLACK
6
CONTINUOUS
10
8.8436529921259837
20
-5.9718965354330704
11
8.8443653543307086
21
-5.9711170078740157
0
LINE
8
BLACK
6
CONTINUOUS
10
8.8443653543307086
20
-5.9711170078740157
11
8.84496248031496
21
-5.9702412992125984
0
LINE
8
BLACK
6
CONTINUOUS
10
8.84496248031496
20
-5.9702412992125984
11
8.8454441338582672
21
-5.9692609842519682
0
LINE
8
BLACK
6
CONTINUOUS
10
8.8454441338582672
20
-5.9692609842519682
11
8.845795314960629
21
-5.9681948031496059
0
LINE
8
BLACK
6
CONTINUOUS
10
8.845795314960629
20
-5.9681948031496059
11
8.8460166929133859
21
-5.9670112992125981
0
LINE
8
BLACK
6
CONTINUOUS
10
8.8460166929133859
20
-5.9670112992125981
11
8.8460918110236211
21
-5.9657414566929132
0
LINE
8
BLACK
6
CONTINUOUS
10
8.8460918110236211
20
-5.9657414566929132
11
8.8460866535433063
21
-5.9653885826771651
0
LINE
8
BLACK
6
CONTINUOUS
10
8.8460866535433063
20
-5.9653885826771651
11
8.845742913385827
21
-5.9629860236220473
0
LINE
8
BLACK
6
CONTINUOUS
10
8.845742913385827
20
-5.9629860236220473
11
8.8449111811023613
21
-5.9610311811023617
0
LINE
8
BLACK
6
CONTINUOUS
10
8.8449111811023613
20
-5.9610311811023617
11
8.8443212992125986
21
-5.9602027165354325
0
LINE
8
BLACK
6
CONTINUOUS
10
8.8443212992125986
20
-5.9602027165354325
11
8.8436109055118113
21
-5.9594656692913386
0
LINE
8
BLACK
6
CONTINUOUS
10
8.8436109055118113
20
-5.9594656692913386
11
8.8427529133858265
21
-5.9588048031496061
0
LINE
8
BLACK
6
CONTINUOUS
10
8.8427529133858265
20
-5.9588048031496061
11
8.841772637795275
21
-5.9582507874015747
0
LINE
8
BLACK
6
CONTINUOUS
10
8.841772637795275
20
-5.9582507874015747
11
8.8406030314960624
21
-5.9577827952755902
0
LINE
8
BLACK
6
CONTINUOUS
10
8.8406030314960624
20
-5.9577827952755902
11
8.8393006299212598
21
-5.9574398818897638
0
LINE
8
BLACK
6
CONTINUOUS
10
8.8393006299212598
20
-5.9574398818897638
11
8.8377689763779532
21
-5.957215275590551
0
LINE
8
BLACK
6
CONTINUOUS
10
8.8377689763779532
20
-5.957215275590551
11
8.8360971653543299
21
-5.9571398425196849
0
LINE
8
BLACK
6
CONTINUOUS
10
8.8360971653543299
20
-5.9571398425196849
11
8.8326618110236215
21
-5.9574288188976379
0
LINE
8
BLACK
6
CONTINUOUS
10
8.8326618110236215
20
-5.9574288188976379
11
8.8301443307086611
21
-5.9581211811023618
0
LINE
8
BLACK
6
CONTINUOUS
10
8.8301443307086611
20
-5.9581211811023618
11
8.829915748031496
21
-5.958200433070866
0
LINE
8
BLACK
6
CONTINUOUS
10
8.829915748031496
20
-5.958200433070866
11
8.8298629527559047
21
-5.9582109448818894
0
LINE
8
BLACK
6
CONTINUOUS
10
8.8298629527559047
20
-5.9582109448818894
11
8.8294342519685038
21
-5.9582364173228344
0
LINE
8
BLACK
6
CONTINUOUS
10
8.8294342519685038
20
-5.9582364173228344
11
8.8293544881889758
21
-5.9582246062992121
0
LINE
8
BLACK
6
CONTINUOUS
10
8.8293544881889758
20
-5.9582246062992121
11
8.8289145275590553
21
-5.9580624409448815
0
LINE
8
BLACK
6
CONTINUOUS
10
8.8289145275590553
20
-5.9580624409448815
11
8.8288803543307086
21
-5.9580459842519682
0
LINE
8
BLACK
6
CONTINUOUS
10
8.8288803543307086
20
-5.9580459842519682
11
8.8278875196850386
21
-5.9574425984251969
0
LINE
8
BLACK
6
CONTINUOUS
10
8.8278875196850386
20
-5.9574425984251969
11
8.8278746062992131
21
-5.9574340157480314
0
LINE
8
BLACK
6
CONTINUOUS
10
8.8278746062992131
20
-5.9574340157480314
11
8.8276575196850384
21
-5.9572774015748031
0
LINE
8
BLACK
6
CONTINUOUS
10
8.8276575196850384
20
-5.9572774015748031
11
8.8276107086614175
21
-5.9572296456692913
0
LINE
8
BLACK
6
CONTINUOUS
10
8.8276107086614175
20
-5.9572296456692913
11
8.8273574409448816
21
-5.9568630708661416
0
LINE
8
BLACK
6
CONTINUOUS
10
8.8273574409448816
20
-5.9568630708661416
11
8.8273253543307089
21
-5.9567842913385824
0
LINE
8
BLACK
6
CONTINUOUS
10
8.8273253543307089
20
-5.9567842913385824
11
8.8272451968503933
21
-5.9563146456692913
0
LINE
8
BLACK
6
CONTINUOUS
10
8.8272451968503933
20
-5.9563146456692913
11
8.8272424015748037
21
-5.9562815354330709
0
LINE
8
BLACK
6
CONTINUOUS
10
8.8272424015748037
20
-5.9562815354330709
11
8.8272424015748037
21
-5.9396148425196849
0
LINE
8
BLACK
6
CONTINUOUS
10
8.8272424015748037
20
-5.9396148425196849
11
8.8272523622047245
21
-5.939552992125984
0
LINE
8
BLACK
6
CONTINUOUS
10
8.8272523622047245
20
-5.939552992125984
11
8.8274337795275581
21
-5.9390048031496061
0
LINE
8
BLACK
6
CONTINUOUS
10
8.8274337795275581
20
-5.9390048031496061
11
8.8275025590551177
21
-5.9389091732283461
0
LINE
8
BLACK
6
CONTINUOUS
10
8.8275025590551177
20
-5.9389091732283461
11
8.8277765748031491
21
-5.9387037007874017
0
LINE
8
BLACK
6
CONTINUOUS
10
8.8277765748031491
20
-5.9387037007874017
11
8.8278565748031497
21
-5.9386680708661412
0
LINE
8
BLACK
6
CONTINUOUS
10
8.8278565748031497
20
-5.9386680708661412
11
8.8282281102362195
21
-5.9385947637795278
0
LINE
8
BLACK
6
CONTINUOUS
10
8.8282281102362195
20
-5.9385947637795278
11
8.8282662204724414
21
-5.9385910236220472
0
LINE
8
BLACK
6
CONTINUOUS
10
8.8282662204724414
20
-5.9385910236220472
11
8.8471157086614163
21
-5.9385910236220472
0
LINE
8
BLACK
6
CONTINUOUS
10
8.8471157086614163
20
-5.9385910236220472
11
8.8471771653543296
21
-5.9386008661417318
0
LINE
8
BLACK
6
CONTINUOUS
10
8.7693320866141722
20
-5.9384328740157475
11
8.7696837795275595
21
-5.9385451181102358
0
LINE
8
BLACK
6
CONTINUOUS
10
8.7696837795275595
20
-5.9385451181102358
11
8.7697685826771643
21
-5.9385991338582675
0
LINE
8
BLACK
6
CONTINUOUS
10
8.7697685826771643
20
-5.9385991338582675
11
8.7700570078740157
21
-5.9389116141732279
0
LINE
8
BLACK
6
CONTINUOUS
10
8.7700570078740157
20
-5.9389116141732279
11
8.7700805511811026
21
-5.938942834645669
0
LINE
8
BLACK
6
CONTINUOUS
10
8.7700805511811026
20
-5.938942834645669
11
8.7711815748031494
21
-5.9407530314960626
0
LINE
8
BLACK
6
CONTINUOUS
10
8.7711815748031494
20
-5.9407530314960626
11
8.77120342519685
21
-5.9408039370078738
0
LINE
8
BLACK
6
CONTINUOUS
10
8.77120342519685
20
-5.9408039370078738
11
8.7713522047244101
21
-5.9413540551181105
0
LINE
8
BLACK
6
CONTINUOUS
10
8.7713522047244101
20
-5.9413540551181105
11
8.7713457480314965
21
-5.9414764566929135
0
LINE
8
BLACK
6
CONTINUOUS
10
8.7713457480314965
20
-5.9414764566929135
11
8.7712246062992119
21
-5.9417896850393701
0
LINE
8
BLACK
6
CONTINUOUS
10
8.7712246062992119
20
-5.9417896850393701
11
8.7711620472440934
21
-5.9418738976377954
0
LINE
8
BLACK
6
CONTINUOUS
10
8.7711620472440934
20
-5.9418738976377954
11
8.7708603543307078
21
-5.9421091338582679
0
LINE
8
BLACK
6
CONTINUOUS
10
8.7708603543307078
20
-5.9421091338582679
11
8.7708355118110237
21
-5.9421256692913387
0
LINE
8
BLACK
6
CONTINUOUS
10
8.7708355118110237
20
-5.9421256692913387
11
8.7690877952755901
21
-5.9431042913385825
0
LINE
8
BLACK
6
CONTINUOUS
10
8.7690877952755901
20
-5.9431042913385825
11
8.765087244094488
21
-5.9456698818897635
0
LINE
8
BLACK
6
CONTINUOUS
10
8.765087244094488
20
-5.9456698818897635
11
8.7618494094488195
21
-5.9482988582677168
0
LINE
8
BLACK
6
CONTINUOUS
10
8.7618494094488195
20
-5.9482988582677168
11
8.7592765748031489
21
-5.951036141732283
0
LINE
8
BLACK
6
CONTINUOUS
10
8.7592765748031489
20
-5.951036141732283
11
8.757300157480314
21
-5.9539130314960627
0
LINE
8
BLACK
6
CONTINUOUS
10
8.757300157480314
20
-5.9539130314960627
11
8.7563415748031499
21
-5.9559688582677168
0
LINE
8
BLACK
6
CONTINUOUS
10
8.7563415748031499
20
-5.9559688582677168
11
8.7573431889763782
21
-5.9549659842519684
0
LINE
8
BLACK
6
CONTINUOUS
10
8.7573431889763782
20
-5.9549659842519684
11
8.7573782677165344
21
-5.9549380708661417
0
LINE
8
BLACK
6
CONTINUOUS
10
8.7573782677165344
20
-5.9549380708661417
11
8.7596094488188978
21
-5.9535459448818893
0
LINE
8
BLACK
6
CONTINUOUS
10
8.7596094488188978
20
-5.9535459448818893
11
8.7596396850393692
21
-5.9535305511811023
0
LINE
8
BLACK
6
CONTINUOUS
10
8.7596396850393692
20
-5.9535305511811023
11
8.7608738976377953
21
-5.9530299212598425
0
LINE
8
BLACK
6
CONTINUOUS
10
8.7608738976377953
20
-5.9530299212598425
11
8.7608949606299209
21
-5.9530227165354326
0
LINE
8
BLACK
6
CONTINUOUS
10
8.7608949606299209
20
-5.9530227165354326
11
8.7622059842519686
21
-5.9526568503937005
0
LINE
8
BLACK
6
CONTINUOUS
10
8.7622059842519686
20
-5.9526568503937005
11
8.7622273228346454
21
-5.9526521653543307
0
LINE
8
BLACK
6
CONTINUOUS
10
8.7622273228346454
20
-5.9526521653543307
11
8.7635970078740151
21
-5.9524296456692909
0
LINE
8
BLACK
6
CONTINUOUS
10
8.7635970078740151
20
-5.9524296456692909
11
8.7636181889763769
21
-5.9524273622047241
0
LINE
8
BLACK
6
CONTINUOUS
10
8.7636181889763769
20
-5.9524273622047241
11
8.7650507874015737
21
-5.952351614173228
0
LINE
8
BLACK
6
CONTINUOUS
10
8.7650507874015737
20
-5.952351614173228
11
8.7650639763779523
21
-5.9523513779527555
0
LINE
8
BLACK
6
CONTINUOUS
10
8.7650639763779523
20
-5.9523513779527555
11
8.76552216535433
21
-5.9523579133858266
0
LINE
8
BLACK
6
CONTINUOUS
10
8.76552216535433
20
-5.9523579133858266
11
8.7655347637795273
21
-5.9523584645669292
0
LINE
8
BLACK
6
CONTINUOUS
10
8.7655347637795273
20
-5.9523584645669292
11
8.7670490157480305
21
-5.952477204724409
0
LINE
8
BLACK
6
CONTINUOUS
10
8.7670490157480305
20
-5.952477204724409
11
8.7670691338582678
21
-5.9524798425196845
0
LINE
8
BLACK
6
CONTINUOUS
10
8.7670691338582678
20
-5.9524798425196845
11
8.7685031889763785
21
-5.9527428740157475
0
LINE
8
BLACK
6
CONTINUOUS
10
8.7685031889763785
20
-5.9527428740157475
11
8.7685237401574803
21
-5.9527477952755907
0
LINE
8
BLACK
6
CONTINUOUS
10
8.7685237401574803
20
-5.9527477952755907
11
8.7698727165354331
21
-5.9531486614173224
0
LINE
8
BLACK
6
CONTINUOUS
10
8.7698727165354331
20
-5.9531486614173224
11
8.7698933070866136
21
-5.9531560236220473
0
LINE
8
BLACK
6
CONTINUOUS
10
8.7698933070866136
20
-5.9531560236220473
11
8.7711525590551176
21
-5.9536882677165357
0
LINE
8
BLACK
6
CONTINUOUS
10
8.7711525590551176
20
-5.9536882677165357
11
8.7711726771653549
21
-5.9536981889763778
0
LINE
8
BLACK
6
CONTINUOUS
10
8.7711726771653549
20
-5.9536981889763778
11
8.7723416141732287
21
-5.9543581889763777
0
LINE
8
BLACK
6
CONTINUOUS
10
8.7723416141732287
20
-5.9543581889763777
11
8.7723608267716529
21
-5.9543705511811025
0
LINE
8
BLACK
6
CONTINUOUS
10
8.7723608267716529
20
-5.9543705511811025
11
8.7734297244094481
21
-5.9551499212598422
0
LINE
8
BLACK
6
CONTINUOUS
10
8.7734297244094481
20
-5.9551499212598422
11
8.773447519685039
21
-5.9551645669291338
0
LINE
8
BLACK
6
CONTINUOUS
10
8.773447519685039
20
-5.9551645669291338
11
8.7744180314960634
21
-5.9560637007874018
0
LINE
8
BLACK
6
CONTINUOUS
10
8.7744180314960634
20
-5.9560637007874018
11
8.7744340157480316
21
-5.9560803543307088
0
LINE
8
BLACK
6
CONTINUOUS
10
8.7744340157480316
20
-5.9560803543307088
11
8.775293228346456
21
-5.957087440944882
0
LINE
8
BLACK
6
CONTINUOUS
10
8.775293228346456
20
-5.957087440944882
11
8.7753070472440946
21
-5.9571056692913382
0
LINE
8
BLACK
6
CONTINUOUS
10
8.7753070472440946
20
-5.9571056692913382
11
8.7760561023622046
21
-5.9582244881889759
0
LINE
8
BLACK
6
CONTINUOUS
10
8.7760561023622046
20
-5.9582244881889759
11
8.7760675196850393
21
-5.9582438976377947
0
LINE
8
BLACK
6
CONTINUOUS
10
8.7760675196850393
20
-5.9582438976377947
11
8.7766931496062988
21
-5.9594590157480312
0
LINE
8
BLACK
6
CONTINUOUS
10
8.7766931496062988
20
-5.9594590157480312
11
8.7767021259842526
21
-5.9594791338582676
0
LINE
8
BLACK
6
CONTINUOUS
10
8.7767021259842526
20
-5.9594791338582676
11
8.7772029527559052
21
-5.9607956299212601
0
LINE
8
BLACK
6
CONTINUOUS
10
8.7772029527559052
20
-5.9607956299212601
11
8.7772094881889764
21
-5.9608160236220469
0
LINE
8
BLACK
6
CONTINUOUS
10
8.7772094881889764
20
-5.9608160236220469
11
8.777574291338583
21
-5.9622165748031497
0
LINE
8
BLACK
6
CONTINUOUS
10
8.777574291338583
20
-5.9622165748031497
11
8.7775784251968503
21
-5.9622368110236224
0
LINE
8
BLACK
6
CONTINUOUS
10
8.7775784251968503
20
-5.9622368110236224
11
8.7778029921259844
21
-5.9637248425196852
0
LINE
8
BLACK
6
CONTINUOUS
10
8.7778029921259844
20
-5.9637248425196852
11
8.7778049606299202
21
-5.9637446062992128
0
LINE
8
BLACK
6
CONTINUOUS
10
8.7778049606299202
20
-5.9637446062992128
11
8.7778809842519685
21
-5.9653036220472435
0
LINE
8
BLACK
6
CONTINUOUS
10
8.7778809842519685
20
-5.9653036220472435
11
8.7778811811023623
21
-5.9653179133858263
0
LINE
8
BLACK
6
CONTINUOUS
10
8.7778811811023623
20
-5.9653179133858263
11
8.777864251968504
21
-5.9660292125984249
0
LINE
8
BLACK
6
CONTINUOUS
10
8.777864251968504
20
-5.9660292125984249
11
8.7778633070866139
21
-5.966044094488189
0
LINE
8
BLACK
6
CONTINUOUS
10
8.7778633070866139
20
-5.966044094488189
11
8.7777170078740152
21
-5.9675089763779523
0
LINE
8
BLACK
6
CONTINUOUS
10
8.7777170078740152
20
-5.9675089763779523
11
8.777713818897638
21
-5.9675296456692912
0
LINE
8
BLACK
6
CONTINUOUS
10
8.777713818897638
20
-5.9675296456692912
11
8.7774224015748032
21
-5.9689253543307084
0
LINE
8
BLACK
6
CONTINUOUS
10
8.7774224015748032
20
-5.9689253543307084
11
8.7774168503937009
21
-5.9689461811023623
0
LINE
8
BLACK
6
CONTINUOUS
10
8.7774168503937009
20
-5.9689461811023623
11
8.7769853149606298
21
-5.9702688976377951
0
LINE
8
BLACK
6
CONTINUOUS
10
8.7769853149606298
20
-5.9702688976377951
11
8.7769773228346448
21
-5.970289409448819
0
LINE
8
BLACK
6
CONTINUOUS
10
8.7769773228346448
20
-5.970289409448819
11
8.7764121653543299
21
-5.9715304724409446
0
LINE
8
BLACK
6
CONTINUOUS
10
8.7764121653543299
20
-5.9715304724409446
11
8.7764017716535427
21
-5.9715503149606297
0
LINE
8
BLACK
6
CONTINUOUS
10
8.7764017716535427
20
-5.9715503149606297
11
8.7757066535433061
21
-5.9727069291338584
0
LINE
8
BLACK
6
CONTINUOUS
10
8.7757066535433061
20
-5.9727069291338584
11
8.7756938976377956
21
-5.9727255905511809
0
LINE
8
BLACK
6
CONTINUOUS
10
8.7756938976377956
20
-5.9727255905511809
11
8.7748763779527561
21
-5.9737877165354325
0
LINE
8
BLACK
6
CONTINUOUS
10
8.7748763779527561
20
-5.9737877165354325
11
8.7748615748031487
21
-5.9738048031496058
0
LINE
8
BLACK
6
CONTINUOUS
10
8.7748615748031487
20
-5.9738048031496058
11
8.7739241338582676
21
-5.9747695275590553
0
LINE
8
BLACK
6
CONTINUOUS
10
8.7739241338582676
20
-5.9747695275590553
11
8.7739075196850393
21
-5.9747847637795273
0
LINE
8
BLACK
6
CONTINUOUS
10
8.7739075196850393
20
-5.9747847637795273
11
8.7728590157480308
21
-5.9756418503937008
0
LINE
8
BLACK
6
CONTINUOUS
10
8.7728590157480308
20
-5.9756418503937008
11
8.7728410236220462
21
-5.975654960629921
0
LINE
8
BLACK
6
CONTINUOUS
10
8.7728410236220462
20
-5.975654960629921
11
8.7716834645669284
21
-5.9764004330708662
0
LINE
8
BLACK
6
CONTINUOUS
10
8.7716834645669284
20
-5.9764004330708662
11
8.771664448818898
21
-5.9764112204724409
0
LINE
8
BLACK
6
CONTINUOUS
10
8.771664448818898
20
-5.9764112204724409
11
8.7704074015748024
21
-5.9770356692913387
0
LINE
8
BLACK
6
CONTINUOUS
10
8.7704074015748024
20
-5.9770356692913387
11
8.7703878346456694
21
-5.9770440944881891
0
LINE
8
BLACK
6
CONTINUOUS
10
8.7703878346456694
20
-5.9770440944881891
11
8.7690340157480318
21
-5.9775422834645671
0
LINE
8
BLACK
6
CONTINUOUS
10
8.7690340157480318
20
-5.9775422834645671
11
8.7690142125984245
21
-5.9775484251968507
0
LINE
8
BLACK
6
CONTINUOUS
10
8.7690142125984245
20
-5.9775484251968507
11
8.7675728346456694
21
-5.9779122834645664
0
LINE
8
BLACK
6
CONTINUOUS
10
8.7675728346456694
20
-5.9779122834645664
11
8.7675531889763771
21
-5.977916181102362
0
LINE
8
BLACK
6
CONTINUOUS
10
8.7675531889763771
20
-5.977916181102362
11
8.7660285433070868
21
-5.978139488188976
0
LINE
8
BLACK
6
CONTINUOUS
10
8.7660285433070868
20
-5.978139488188976
11
8.7660093307086608
21
-5.9781413385826774
0
LINE
8
BLACK
6
CONTINUOUS
10
8.7660093307086608
20
-5.9781413385826774
11
8.7644094094488185
21
-5.9782172047244089
0
LINE
8
BLACK
6
CONTINUOUS
10
8.7644094094488185
20
-5.9782172047244089
11
8.7643911417322826
21
-5.9782172440944876
0
LINE
8
BLACK
6
CONTINUOUS
10
8.7643911417322826
20
-5.9782172440944876
11
8.7628775196850395
21
-5.9781485039370077
0
LINE
8
BLACK
6
CONTINUOUS
10
8.7628775196850395
20
-5.9781485039370077
11
8.7628586220472435
21
-5.9781467322834647
0
LINE
8
BLACK
6
CONTINUOUS
10
8.7628586220472435
20
-5.9781467322834647
11
8.7613667322834647
21
-5.9779337007874016
0
LINE
8
BLACK
6
CONTINUOUS
10
8.7613667322834647
20
-5.9779337007874016
11
8.7613468110236212
21
-5.977929803149606
0
LINE
8
BLACK
6
CONTINUOUS
10
8.7613468110236212
20
-5.977929803149606
11
8.7599369685039363
21
-5.9775773228346454
0
LINE
8
BLACK
6
CONTINUOUS
10
8.7599369685039363
20
-5.9775773228346454
11
8.7599168110236221
21
-5.9775711023622042
0
LINE
8
BLACK
6
CONTINUOUS
10
8.7599168110236221
20
-5.9775711023622042
11
8.7585976377952761
21
-5.9770861023622048
0
LINE
8
BLACK
6
CONTINUOUS
10
8.7585976377952761
20
-5.9770861023622048
11
8.7585776377952751
21
-5.9770774803149607
0
LINE
8
BLACK
6
CONTINUOUS
10
8.7585776377952751
20
-5.9770774803149607
11
8.757348031496063
21
-5.9764638582677163
0
LINE
8
BLACK
6
CONTINUOUS
10
8.757348031496063
20
-5.9764638582677163
11
8.7573287401574795
21
-5.9764527952755904
0
LINE
8
BLACK
6
CONTINUOUS
10
8.7573287401574795
20
-5.9764527952755904
11
8.7561886220472438
21
-5.9757124409448821
0
LINE
8
BLACK
6
CONTINUOUS
10
8.7561886220472438
20
-5.9757124409448821
11
8.7561705118110229
21
-5.975699173228346
0
LINE
8
BLACK
6
CONTINUOUS
10
8.7561705118110229
20
-5.975699173228346
11
8.7551288188976368
21
-5.9748391338582678
0
LINE
8
BLACK
6
CONTINUOUS
10
8.7551288188976368
20
-5.9748391338582678
11
8.755112283464566
21
-5.9748238188976375
0
LINE
8
BLACK
6
CONTINUOUS
10
8.755112283464566
20
-5.9748238188976375
11
8.7541634645669291
21
-5.973837755905512
0
LINE
8
BLACK
6
CONTINUOUS
10
8.7541634645669291
20
-5.973837755905512
11
8.7541489370078747
21
-5.9738208267716537
0
LINE
8
BLACK
6
CONTINUOUS
10
8.7541489370078747
20
-5.9738208267716537
11
8.753309173228347
21
-5.9727226771653541
0
LINE
8
BLACK
6
CONTINUOUS
10
8.753309173228347
20
-5.9727226771653541
11
8.7532968897637797
21
-5.9727046062992128
0
LINE
8
BLACK
6
CONTINUOUS
10
8.7532968897637797
20
-5.9727046062992128
11
8.7525598818897627
21
-5.9714796062992122
0
LINE
8
BLACK
6
CONTINUOUS
10
8.7525598818897627
20
-5.9714796062992122
11
8.7525498818897631
21
-5.9714607874015746
0
LINE
8
BLACK
6
CONTINUOUS
10
8.7525498818897631
20
-5.9714607874015746
11
8.7519342519685033
21
-5.9701307480314956
0
LINE
8
BLACK
6
CONTINUOUS
10
8.7519342519685033
20
-5.9701307480314956
11
8.7519266535433076
21
-5.9701116929133855
0
LINE
8
BLACK
6
CONTINUOUS
10
8.7519266535433076
20
-5.9701116929133855
11
8.7514294488188966
21
-5.9686563779527555
0
LINE
8
BLACK
6
CONTINUOUS
10
8.7514294488188966
20
-5.9686563779527555
11
8.7514240157480305
21
-5.9686374803149604
0
LINE
8
BLACK
6
CONTINUOUS
10
8.7514240157480305
20
-5.9686374803149604
11
8.7510617716535428
21
-5.9670847244094487
0
LINE
8
BLACK
6
CONTINUOUS
10
8.7510617716535428
20
-5.9670847244094487
11
8.7510583858267719
21
-5.9670662598425199
0
LINE
8
BLACK
6
CONTINUOUS
10
8.7510583858267719
20
-5.9670662598425199
11
8.750833307086614
21
-5.9653950787401575
0
LINE
8
BLACK
6
CONTINUOUS
10
8.750833307086614
20
-5.9653950787401575
11
8.7508317322834639
21
-5.9653773228346454
0
LINE
8
BLACK
6
CONTINUOUS
10
8.7508317322834639
20
-5.9653773228346454
11
8.7508008267716537
21
-5.9646628740157475
0
LINE
8
BLACK
6
CONTINUOUS
10
8.7508008267716537
20
-5.9646628740157475
11
8.7550631889763775
21
-5.9646628740157475
0
LINE
8
BLACK
6
CONTINUOUS
10
8.7550631889763775
20
-5.9646628740157475
11
8.7550833858267723
21
-5.965325157480315
0
LINE
8
BLACK
6
CONTINUOUS
10
8.7550833858267723
20
-5.965325157480315
11
8.7552369685039366
21
-5.9665924409448818
0
LINE
8
BLACK
6
CONTINUOUS
10
8.7552369685039366
20
-5.9665924409448818
11
8.7555331496062987
21
-5.9677931102362205
0
LINE
8
BLACK
6
CONTINUOUS
10
8.7555331496062987
20
-5.9677931102362205
11
8.7559652362204723
21
-5.9689227559055116
0
LINE
8
BLACK
6
CONTINUOUS
10
8.7559652362204723
20
-5.9689227559055116
11
8.756522283464566
21
-5.9699644094488189
0
LINE
8
BLACK
6
CONTINUOUS
10
8.756522283464566
20
-5.9699644094488189
11
8.7579859448818898
21
-5.9717655905511808
0
LINE
8
BLACK
6
CONTINUOUS
10
8.7579859448818898
20
-5.9717655905511808
11
8.759831456692913
21
-5.9731100393700789
0
LINE
8
BLACK
6
CONTINUOUS
10
8.759831456692913
20
-5.9731100393700789
11
8.7619946062992131
21
-5.9739521259842521
0
LINE
8
BLACK
6
CONTINUOUS
10
8.7619946062992131
20
-5.9739521259842521
11
8.7631621259842518
21
-5.9741674015748032
0
LINE
8
BLACK
6
CONTINUOUS
10
8.7631621259842518
20
-5.9741674015748032
11
8.7644046456692912
21
-5.974241771653543
0
LINE
8
BLACK
6
CONTINUOUS
10
8.7644046456692912
20
-5.974241771653543
11
8.7646709842519677
21
-5.9742387795275587
0
LINE
8
BLACK
6
CONTINUOUS
10
8.7646709842519677
20
-5.9742387795275587
11
8.7659783070866144
21
-5.9741362992125984
0
LINE
8
BLACK
6
CONTINUOUS
10
8.7659783070866144
20
-5.9741362992125984
11
8.7671951181102354
21
-5.9738949999999997
0
LINE
8
BLACK
6
CONTINUOUS
10
8.7671951181102354
20
-5.9738949999999997
11
8.7683137401574793
21
-5.9735246850393695
0
LINE
8
BLACK
6
CONTINUOUS
10
8.7683137401574793
20
-5.9735246850393695
11
8.7693374015748038
21
-5.9730313385826772
0
LINE
8
BLACK
6
CONTINUOUS
10
8.7693374015748038
20
-5.9730313385826772
11
8.7702603149606304
21
-5.9724225984251964
0
LINE
8
BLACK
6
CONTINUOUS
10
8.7702603149606304
20
-5.9724225984251964
11
8.7710791732283457
21
-5.97170437007874
0
LINE
8
BLACK
6
CONTINUOUS
10
8.7710791732283457
20
-5.97170437007874
11
8.771792283464567
21
-5.9708785433070863
0
LINE
8
BLACK
6
CONTINUOUS
10
8.771792283464567
20
-5.9708785433070863
11
8.7723903543307085
21
-5.9699543307086609
0
LINE
8
BLACK
6
CONTINUOUS
10
8.7723903543307085
20
-5.9699543307086609
11
8.7728718503937007
21
-5.9689273622047239
0
LINE
8
BLACK
6
CONTINUOUS
10
8.7728718503937007
20
-5.9689273622047239
11
8.7732244094488188
21
-5.9678124015748031
0
LINE
8
BLACK
6
CONTINUOUS
10
8.7732244094488188
20
-5.9678124015748031
11
8.773443661417323
21
-5.9666012598425198
0
LINE
8
BLACK
6
CONTINUOUS
10
8.773443661417323
20
-5.9666012598425198
11
8.7735184645669282
21
-5.9653091732283468
0
LINE
8
BLACK
6
CONTINUOUS
10
8.7735184645669282
20
-5.9653091732283468
11
8.7735110236220475
21
-5.9649217322834645
0
LINE
8
BLACK
6
CONTINUOUS
10
8.7735110236220475
20
-5.9649217322834645
11
8.7733882677165358
21
-5.9636953149606295
0
LINE
8
BLACK
6
CONTINUOUS
10
8.7733882677165358
20
-5.9636953149606295
11
8.7731219685039363
21
-5.9625325196850394
0
LINE
8
BLACK
6
CONTINUOUS
10
8.7731219685039363
20
-5.9625325196850394
11
8.7727182283464558
21
-5.9614369291338578
0
LINE
8
BLACK
6
CONTINUOUS
10
8.7727182283464558
20
-5.9614369291338578
11
8.772187637795275
21
-5.9604254330708661
0
LINE
8
BLACK
6
CONTINUOUS
10
8.772187637795275
20
-5.9604254330708661
11
8.7707636220472445
21
-5.958666102362205
0
LINE
8
BLACK
6
CONTINUOUS
10
8.7707636220472445
20
-5.958666102362205
11
8.7689272047244096
21
-5.9573385433070865
0
LINE
8
BLACK
6
CONTINUOUS
10
8.7689272047244096
20
-5.9573385433070865
11
8.7678868897637798
21
-5.9568606692913386
0
LINE
8
BLACK
6
CONTINUOUS
10
8.7678868897637798
20
-5.9568606692913386
11
8.7667561023622049
21
-5.9565070472440942
0
LINE
8
BLACK
6
CONTINUOUS
10
8.7667561023622049
20
-5.9565070472440942
11
8.7655588188976381
21
-5.9562907874015742
0
LINE
8
BLACK
6
CONTINUOUS
10
8.7655588188976381
20
-5.9562907874015742
11
8.7642834251968509
21
-5.9562163779527557
0
LINE
8
BLACK
6
CONTINUOUS
10
8.7642834251968509
20
-5.9562163779527557
11
8.7642727952755912
21
-5.9562163779527557
0
LINE
8
BLACK
6
CONTINUOUS
10
8.7642727952755912
20
-5.9562163779527557
11
8.7630153937007869
21
-5.9562992125984247
0
LINE
8
BLACK
6
CONTINUOUS
10
8.7630153937007869
20
-5.9562992125984247
11
8.7618207086614177
21
-5.9565324409448817
0
LINE
8
BLACK
6
CONTINUOUS
10
8.7618207086614177
20
-5.9565324409448817
11
8.7606528740157472
21
-5.9569197244094489
0
LINE
8
BLACK
6
CONTINUOUS
10
8.7606528740157472
20
-5.9569197244094489
11
8.7595660629921266
21
-5.9574420472440943
0
LINE
8
BLACK
6
CONTINUOUS
10
8.7595660629921266
20
-5.9574420472440943
11
8.7585565748031495
21
-5.9580963385826768
0
LINE
8
BLACK
6
CONTINUOUS
10
8.7585565748031495
20
-5.9580963385826768
11
8.7576576771653549
21
-5.9588572440944878
0
LINE
8
BLACK
6
CONTINUOUS
10
8.7576576771653549
20
-5.9588572440944878
11
8.7562222047244092
21
-5.9606440944881891
0
LINE
8
BLACK
6
CONTINUOUS
10
8.7562222047244092
20
-5.9606440944881891
11
8.7553530708661409
21
-5.9626194881889765
0
LINE
8
BLACK
6
CONTINUOUS
10
8.7553530708661409
20
-5.9626194881889765
11
8.7550631889763775
21
-5.9646628740157475
0
LINE
8
BLACK
6
CONTINUOUS
10
8.7550631889763775
20
-5.9646628740157475
11
8.7508008267716537
21
-5.9646628740157475
0
LINE
8
BLACK
6
CONTINUOUS
10
8.7508008267716537
20
-5.9646628740157475
11
8.7508007480314962
21
-5.9646606692913382
0
LINE
8
BLACK
6
CONTINUOUS
10
8.7508007480314962
20
-5.9646606692913382
11
8.7507556299212599
21
-5.9636173228346454
0
LINE
8
BLACK
6
CONTINUOUS
10
8.7507556299212599
20
-5.9636173228346454
11
8.7507559842519687
21
-5.9635942125984247
0
LINE
8
BLACK
6
CONTINUOUS
10
8.7507559842519687
20
-5.9635942125984247
11
8.7510316929133865
21
-5.9598924803149602
0
LINE
8
BLACK
6
CONTINUOUS
10
8.7510316929133865
20
-5.9598924803149602
11
8.7510348031496061
21
-5.9598692913385829
0
LINE
8
BLACK
6
CONTINUOUS
10
8.7510348031496061
20
-5.9598692913385829
11
8.7514094094488186
21
-5.9579553937007876
0
LINE
8
BLACK
6
CONTINUOUS
10
8.7514094094488186
20
-5.9579553937007876
11
8.7514132677165346
21
-5.9579392913385822
0
LINE
8
BLACK
6
CONTINUOUS
10
8.7514132677165346
20
-5.9579392913385822
11
8.7519312992125986
21
-5.956119094488189
0
LINE
8
BLACK
6
CONTINUOUS
10
8.7519312992125986
20
-5.956119094488189
11
8.7519365748031497
21
-5.956103228346457
0
LINE
8
BLACK
6
CONTINUOUS
10
8.7519365748031497
20
-5.956103228346457
11
8.7526346062992122
21
-5.954261377952756
0
LINE
8
BLACK
6
CONTINUOUS
10
8.7526346062992122
20
-5.954261377952756
11
8.7526411417322834
21
-5.9542460629921257
0
LINE
8
BLACK
6
CONTINUOUS
10
8.7526411417322834
20
-5.9542460629921257
11
8.7534752362204724
21
-5.9525054724409445
0
LINE
8
BLACK
6
CONTINUOUS
10
8.7534752362204724
20
-5.9525054724409445
11
8.7534829921259849
21
-5.9524909055118105
0
LINE
8
BLACK
6
CONTINUOUS
10
8.7534829921259849
20
-5.9524909055118105
11
8.7545357874015739
21
-5.9506975590551177
0
LINE
8
BLACK
6
CONTINUOUS
10
8.7545357874015739
20
-5.9506975590551177
11
8.7545445275590552
21
-5.9506839763779524
0
LINE
8
BLACK
6
CONTINUOUS
10
8.7545445275590552
20
-5.9506839763779524
11
8.7557250393700787
21
-5.9490048818897634
0
LINE
8
BLACK
6
CONTINUOUS
10
8.7557250393700787
20
-5.9490048818897634
11
8.7557346062992121
21
-5.9489924015748032
0
LINE
8
BLACK
6
CONTINUOUS
10
8.7557346062992121
20
-5.9489924015748032
11
8.757200826771653
21
-5.9472258661417321
0
LINE
8
BLACK
6
CONTINUOUS
10
8.757200826771653
20
-5.9472258661417321
11
8.7572108661417314
21
-5.9472146456692911
0
LINE
8
BLACK
6
CONTINUOUS
10
8.7572108661417314
20
-5.9472146456692911
11
8.7587900393700782
21
-5.945584094488189
0
LINE
8
BLACK
6
CONTINUOUS
10
8.7587900393700782
20
-5.945584094488189
11
8.7588005905511803
21
-5.9455739763779523
0
LINE
8
BLACK
6
CONTINUOUS
10
8.7588005905511803
20
-5.9455739763779523
11
8.7607914173228352
21
-5.9438020866141734
0
LINE
8
BLACK
6
CONTINUOUS
10
8.7607914173228352
20
-5.9438020866141734
11
8.7608020078740161
21
-5.9437933070866142
0
LINE
8
BLACK
6
CONTINUOUS
10
8.7608020078740161
20
-5.9437933070866142
11
8.762869763779527
21
-5.9421975196850392
0
LINE
8
BLACK
6
CONTINUOUS
10
8.762869763779527
20
-5.9421975196850392
11
8.7628809055118104
21
-5.9421895275590551
0
LINE
8
BLACK
6
CONTINUOUS
10
8.7628809055118104
20
-5.9421895275590551
11
8.7657927952755905
21
-5.940249803149606
0
LINE
8
BLACK
6
CONTINUOUS
10
8.7657927952755905
20
-5.940249803149606
11
8.7658036614173227
21
-5.9402430314960633
0
LINE
8
BLACK
6
CONTINUOUS
10
8.7658036614173227
20
-5.9402430314960633
11
8.7686553937007865
21
-5.9386004724409451
0
LINE
8
BLACK
6
CONTINUOUS
10
8.7686553937007865
20
-5.9386004724409451
11
8.7686987401574807
21
-5.9385820472440942
0
LINE
8
BLACK
6
CONTINUOUS
10
8.7686987401574807
20
-5.9385820472440942
11
8.7692173228346455
21
-5.9384313779527558
0
LINE
8
BLACK
6
CONTINUOUS
10
8.7692173228346455
20
-5.9384313779527558
11
8.7693320866141722
21
-5.9384328740157475
0
LINE
8
BLACK
6
CONTINUOUS
10
8.8594470078740155
20
-5.9519861417322835
11
8.8599942519685033
21
-5.9521660236220475
0
LINE
8
BLACK
6
CONTINUOUS
10
8.8599942519685033
20
-5.9521660236220475
11
8.8600901574803146
21
-5.9522347244094487
0
LINE
8
BLACK
6
CONTINUOUS
10
8.8600901574803146
20
-5.9522347244094487
11
8.8602964566929128
21
-5.9525091338582676
0
LINE
8
BLACK
6
CONTINUOUS
10
8.8602964566929128
20
-5.9525091338582676
11
8.8603322440944883
21
-5.9525893700787398
0
LINE
8
BLACK
6
CONTINUOUS
10
8.8603322440944883
20
-5.9525893700787398
11
8.8604056692913389
21
-5.9529620472440943
0
LINE
8
BLACK
6
CONTINUOUS
10
8.8604056692913389
20
-5.9529620472440943
11
8.8604093700787399
21
-5.9530001181102357
0
LINE
8
BLACK
6
CONTINUOUS
10
8.8604093700787399
20
-5.9530001181102357
11
8.8604093700787399
21
-5.9655027165354326
0
LINE
8
BLACK
6
CONTINUOUS
10
8.8604093700787399
20
-5.9655027165354326
11
8.8605735826771657
21
-5.967573897637795
0
LINE
8
BLACK
6
CONTINUOUS
10
8.8605735826771657
20
-5.967573897637795
11
8.8612349212598431
21
-5.9698609448818898
0
LINE
8
BLACK
6
CONTINUOUS
10
8.8612349212598431
20
-5.9698609448818898
11
8.8623180314960628
21
-5.9716518110236221
0
LINE
8
BLACK
6
CONTINUOUS
10
8.8623180314960628
20
-5.9716518110236221
11
8.8637708267716526
21
-5.9729651968503932
0
LINE
8
BLACK
6
CONTINUOUS
10
8.8637708267716526
20
-5.9729651968503932
11
8.8646198031496066
21
-5.9734359842519682
0
LINE
8
BLACK
6
CONTINUOUS
10
8.8646198031496066
20
-5.9734359842519682
11
8.865559094488189
21
-5.9737838976377953
0
LINE
8
BLACK
6
CONTINUOUS
10
8.865559094488189
20
-5.9737838976377953
11
8.866595039370079
21
-5.9740014173228344
0
LINE
8
BLACK
6
CONTINUOUS
10
8.866595039370079
20
-5.9740014173228344
11
8.8677096062992131
21
-5.9740754724409451
0
LINE
8
BLACK
6
CONTINUOUS
10
8.8677096062992131
20
-5.9740754724409451
11
8.8688909842519674
21
-5.973988503937008
0
LINE
8
BLACK
6
CONTINUOUS
10
8.8688909842519674
20
-5.973988503937008
11
8.8700105118110226
21
-5.9737521653543304
0
LINE
8
BLACK
6
CONTINUOUS
10
8.8700105118110226
20
-5.9737521653543304
11
8.8710238976377944
21
-5.9733829527559053
0
LINE
8
BLACK
6
CONTINUOUS
10
8.8710238976377944
20
-5.9733829527559053
11
8.8719916535433061
21
-5.9728590944881885
0
LINE
8
BLACK
6
CONTINUOUS
10
8.8719916535433061
20
-5.9728590944881885
11
8.8728414960629927
21
-5.9722200393700788
0
LINE
8
BLACK
6
CONTINUOUS
10
8.8728414960629927
20
-5.9722200393700788
11
8.8736308267716542
21
-5.9714188188976376
0
LINE
8
BLACK
6
CONTINUOUS
10
8.8736308267716542
20
-5.9714188188976376
11
8.8742844881889766
21
-5.9705270866141733
0
LINE
8
BLACK
6
CONTINUOUS
10
8.8742844881889766
20
-5.9705270866141733
11
8.8748302362204718
21
-5.9695083858267717
0
LINE
8
BLACK
6
CONTINUOUS
10
8.8748302362204718
20
-5.9695083858267717
11
8.8752221259842514
21
-5.9684484251968506
0
LINE
8
BLACK
6
CONTINUOUS
10
8.8752221259842514
20
-5.9684484251968506
11
8.8755596850393701
21
-5.9662669291338579
0
LINE
8
BLACK
6
CONTINUOUS
10
8.8755596850393701
20
-5.9662669291338579
11
8.8755596850393701
21
-5.9530001181102357
0
LINE
8
BLACK
6
CONTINUOUS
10
8.8755596850393701
20
-5.9530001181102357
11
8.875569645669291
21
-5.9529382677165357
0
LINE
8
BLACK
6
CONTINUOUS
10
8.875569645669291
20
-5.9529382677165357
11
8.8757511023622051
21
-5.9523900787401569
0
LINE
8
BLACK
6
CONTINUOUS
10
8.8757511023622051
20
-5.9523900787401569
11
8.8758198818897629
21
-5.9522944488188978
0
LINE
8
BLACK
6
CONTINUOUS
10
8.8758198818897629
20
-5.9522944488188978
11
8.8760938976377943
21
-5.9520889763779525
0
LINE
8
BLACK
6
CONTINUOUS
10
8.8760938976377943
20
-5.9520889763779525
11
8.8761738976377949
21
-5.9520533464566929
0
LINE
8
BLACK
6
CONTINUOUS
10
8.8761738976377949
20
-5.9520533464566929
11
8.8765453937007877
21
-5.9519800393700786
0
LINE
8
BLACK
6
CONTINUOUS
10
8.8765453937007877
20
-5.9519800393700786
11
8.8765835039370078
21
-5.951976299212598
0
LINE
8
BLACK
6
CONTINUOUS
10
8.8765835039370078
20
-5.951976299212598
11
8.8788432283464562
21
-5.951976299212598
0
LINE
8
BLACK
6
CONTINUOUS
10
8.8788432283464562
20
-5.951976299212598
11
8.8789051574803146
21
-5.9519862992125985
0
LINE
8
BLACK
6
CONTINUOUS
10
8.8789051574803146
20
-5.9519862992125985
11
8.8794533464566925
21
-5.9521679527559055
0
LINE
8
BLACK
6
CONTINUOUS
10
8.8794533464566925
20
-5.9521679527559055
11
8.87954905511811
21
-5.9522368897637792
0
LINE
8
BLACK
6
CONTINUOUS
10
8.87954905511811
20
-5.9522368897637792
11
8.8797545275590544
21
-5.9525116141732282
0
LINE
8
BLACK
6
CONTINUOUS
10
8.8797545275590544
20
-5.9525116141732282
11
8.8797900393700786
21
-5.952591574803149
0
LINE
8
BLACK
6
CONTINUOUS
10
8.8797900393700786
20
-5.952591574803149
11
8.879863346456693
21
-5.9529645669291336
0
LINE
8
BLACK
6
CONTINUOUS
10
8.879863346456693
20
-5.9529645669291336
11
8.8798670472440939
21
-5.9530025196850396
0
LINE
8
BLACK
6
CONTINUOUS
10
8.8798670472440939
20
-5.9530025196850396
11
8.8798670472440939
21
-5.9767320866141729
0
LINE
8
BLACK
6
CONTINUOUS
10
8.8798670472440939
20
-5.9767320866141729
11
8.8798572047244093
21
-5.9767935433070862
0
LINE
8
BLACK
6
CONTINUOUS
10
8.8798572047244093
20
-5.9767935433070862
11
8.879677362204724
21
-5.9773407874015749
0
LINE
8
BLACK
6
CONTINUOUS
10
8.879677362204724
20
-5.9773407874015749
11
8.8796086220472432
21
-5.9774366929133853
0
LINE
8
BLACK
6
CONTINUOUS
10
8.8796086220472432
20
-5.9774366929133853
11
8.8793342125984243
21
-5.9776429527559056
0
LINE
8
BLACK
6
CONTINUOUS
10
8.8793342125984243
20
-5.9776429527559056
11
8.8792540157480317
21
-5.9776787401574802
0
LINE
8
BLACK
6
CONTINUOUS
10
8.8792540157480317
20
-5.9776787401574802
11
8.8788812992125976
21
-5.9777522047244096
0
LINE
8
BLACK
6
CONTINUOUS
10
8.8788812992125976
20
-5.9777522047244096
11
8.8788432283464562
21
-5.9777559055118106
0
LINE
8
BLACK
6
CONTINUOUS
10
8.8788432283464562
20
-5.9777559055118106
11
8.8770787401574793
21
-5.9777559055118106
0
LINE
8
BLACK
6
CONTINUOUS
10
8.8770787401574793
20
-5.9777559055118106
11
8.877017125984251
21
-5.9777460236220472
0
LINE
8
BLACK
6
CONTINUOUS
10
8.877017125984251
20
-5.9777460236220472
11
8.8764689370078731
21
-5.9775653543307081
0
LINE
8
BLACK
6
CONTINUOUS
10
8.8764689370078731
20
-5.9775653543307081
11
8.8763731102362211
21
-5.9774965748031494
0
LINE
8
BLACK
6
CONTINUOUS
10
8.8763731102362211
20
-5.9774965748031494
11
8.876167637795275
21
-5.9772228346456693
0
LINE
8
BLACK
6
CONTINUOUS
10
8.876167637795275
20
-5.9772228346456693
11
8.8761319291338587
21
-5.9771426377952759
0
LINE
8
BLACK
6
CONTINUOUS
10
8.8761319291338587
20
-5.9771426377952759
11
8.8760586220472444
21
-5.9767700787401576
0
LINE
8
BLACK
6
CONTINUOUS
10
8.8760586220472444
20
-5.9767700787401576
11
8.8760549999999991
21
-5.9767381102362203
0
LINE
8
BLACK
6
CONTINUOUS
10
8.8760549999999991
20
-5.9767381102362203
11
8.8759644488188982
21
-5.9737789370078742
0
LINE
8
BLACK
6
CONTINUOUS
10
8.8759644488188982
20
-5.9737789370078742
11
8.8758762598425189
21
-5.9739222440944877
0
LINE
8
BLACK
6
CONTINUOUS
10
8.8758762598425189
20
-5.9739222440944877
11
8.8758554724409446
21
-5.9739501574803144
0
LINE
8
BLACK
6
CONTINUOUS
10
8.8758554724409446
20
-5.9739501574803144
11
8.8742991338582673
21
-5.9756933858267711
0
LINE
8
BLACK
6
CONTINUOUS
10
8.8742991338582673
20
-5.9756933858267711
11
8.8742619685039372
21
-5.975725748031496
0
LINE
8
BLACK
6
CONTINUOUS
10
8.8742619685039372
20
-5.975725748031496
11
8.8722792519685036
21
-5.977056299212598
0
LINE
8
BLACK
6
CONTINUOUS
10
8.8722792519685036
20
-5.977056299212598
11
8.8722365354330712
21
-5.9770779527559057
0
LINE
8
BLACK
6
CONTINUOUS
10
8.8722365354330712
20
-5.9770779527559057
11
8.8699225196850389
21
-5.9779151574803144
0
LINE
8
BLACK
6
CONTINUOUS
10
8.8699225196850389
20
-5.9779151574803144
11
8.8698775196850388
21
-5.9779256692913387
0
LINE
8
BLACK
6
CONTINUOUS
10
8.8698775196850388
20
-5.9779256692913387
11
8.8672901181102368
21
-5.9782162204724409
0
LINE
8
BLACK
6
CONTINUOUS
10
8.8672901181102368
20
-5.9782162204724409
11
8.8672521259842512
21
-5.9782167716535435
0
LINE
8
BLACK
6
CONTINUOUS
10
8.8672521259842512
20
-5.9782167716535435
11
8.8651337007874016
21
-5.9780438976377948
0
LINE
8
BLACK
6
CONTINUOUS
10
8.8651337007874016
20
-5.9780438976377948
11
8.8651059448818899
21
-5.9780396456692912
0
LINE
8
BLACK
6
CONTINUOUS
10
8.8651059448818899
20
-5.9780396456692912
11
8.863824881889764
21
-5.9777475196850389
0
LINE
8
BLACK
6
CONTINUOUS
10
8.863824881889764
20
-5.9777475196850389
11
8.8638025590551184
21
-5.9777410236220474
0
LINE
8
BLACK
6
CONTINUOUS
10
8.8638025590551184
20
-5.9777410236220474
11
8.8626029527559052
21
-5.9773133858267711
0
LINE
8
BLACK
6
CONTINUOUS
10
8.8626029527559052
20
-5.9773133858267711
11
8.862580866141732
21
-5.977303937007874
0
LINE
8
BLACK
6
CONTINUOUS
10
8.862580866141732
20
-5.977303937007874
11
8.8614693307086618
21
-5.9767468110236219
0
LINE
8
BLACK
6
CONTINUOUS
10
8.8614693307086618
20
-5.9767468110236219
11
8.8614481102362195
21
-5.9767344881889759
0
LINE
8
BLACK
6
CONTINUOUS
10
8.8614481102362195
20
-5.9767344881889759
11
8.860428228346457
21
-5.9760525984251966
0
LINE
8
BLACK
6
CONTINUOUS
10
8.860428228346457
20
-5.9760525984251966
11
8.8604085039370073
21
-5.9760375196850388
0
LINE
8
BLACK
6
CONTINUOUS
10
8.8604085039370073
20
-5.9760375196850388
11
8.8594799606299208
21
-5.9752304724409449
0
LINE
8
BLACK
6
CONTINUOUS
10
8.8594799606299208
20
-5.9752304724409449
11
8.8594623622047237
21
-5.9752131102362203
0
LINE
8
BLACK
6
CONTINUOUS
10
8.8594623622047237
20
-5.9752131102362203
11
8.8586372440944885
21
-5.9742902755905511
0
LINE
8
BLACK
6
CONTINUOUS
10
8.8586372440944885
20
-5.9742902755905511
11
8.8586220866141723
21
-5.9742710629921261
0
LINE
8
BLACK
6
CONTINUOUS
10
8.8586220866141723
20
-5.9742710629921261
11
8.8578975196850394
21
-5.9732240157480314
0
LINE
8
BLACK
6
CONTINUOUS
10
8.8578975196850394
20
-5.9732240157480314
11
8.8578851968503933
21
-5.9732036614173225
0
LINE
8
BLACK
6
CONTINUOUS
10
8.8578851968503933
20
-5.9732036614173225
11
8.8572775984251972
21
-5.972048779527559
0
LINE
8
BLACK
6
CONTINUOUS
10
8.8572775984251972
20
-5.972048779527559
11
8.8572681102362196
21
-5.9720278346456688
0
LINE
8
BLACK
6
CONTINUOUS
10
8.8572681102362196
20
-5.9720278346456688
11
8.8567766535433066
21
-5.9707507086614173
0
LINE
8
BLACK
6
CONTINUOUS
10
8.8567766535433066
20
-5.9707507086614173
11
8.8567698818897629
21
-5.9707297244094484
0
LINE
8
BLACK
6
CONTINUOUS
10
8.8567698818897629
20
-5.9707297244094484
11
8.8564104724409454
21
-5.9693528346456688
0
LINE
8
BLACK
6
CONTINUOUS
10
8.8564104724409454
20
-5.9693528346456688
11
8.8564062598425188
21
-5.969332283464567
0
LINE
8
BLACK
6
CONTINUOUS
10
8.8564062598425188
20
-5.969332283464567
11
8.8561824803149598
21
-5.9678394488188973
0
LINE
8
BLACK
6
CONTINUOUS
10
8.8561824803149598
20
-5.9678394488188973
11
8.8561805511811027
21
-5.9678196850393697
0
LINE
8
BLACK
6
CONTINUOUS
10
8.8561805511811027
20
-5.9678196850393697
11
8.8561046456692907
21
-5.9662361417322831
0
LINE
8
BLACK
6
CONTINUOUS
10
8.8561046456692907
20
-5.9662361417322831
11
8.8561044094488182
21
-5.9662267322834648
0
LINE
8
BLACK
6
CONTINUOUS
10
8.8561044094488182
20
-5.9662267322834648
11
8.8561044094488182
21
-5.9530001181102357
0
LINE
8
BLACK
6
CONTINUOUS
10
8.8561044094488182
20
-5.9530001181102357
11
8.8561142913385833
21
-5.9529385826771648
0
LINE
8
BLACK
6
CONTINUOUS
10
8.8561142913385833
20
-5.9529385826771648
11
8.8562947244094481
21
-5.9523903937007869
0
LINE
8
BLACK
6
CONTINUOUS
10
8.8562947244094481
20
-5.9523903937007869
11
8.8563633464566927
21
-5.9522946456692916
0
LINE
8
BLACK
6
CONTINUOUS
10
8.8563633464566927
20
-5.9522946456692916
11
8.856636417322834
21
-5.9520891732283463
0
LINE
8
BLACK
6
CONTINUOUS
10
8.856636417322834
20
-5.9520891732283463
11
8.8567166141732283
21
-5.9520533464566929
0
LINE
8
BLACK
6
CONTINUOUS
10
8.8567166141732283
20
-5.9520533464566929
11
8.8570876771653548
21
-5.9519800393700786
0
LINE
8
BLACK
6
CONTINUOUS
10
8.8570876771653548
20
-5.9519800393700786
11
8.8571258267716537
21
-5.951976299212598
0
LINE
8
BLACK
6
CONTINUOUS
10
8.8571258267716537
20
-5.951976299212598
11
8.8593855511811022
21
-5.951976299212598
0
LINE
8
BLACK
6
CONTINUOUS
10
8.8593855511811022
20
-5.951976299212598
11
8.8594470078740155
21
-5.9519861417322835
0
LINE
8
BLACK
6
CONTINUOUS
10
8.7868718110236212
20
-5.9718290551181097
11
8.7869150000000005
21
-5.9718385826771652
0
LINE
8
BLACK
6
CONTINUOUS
10
8.7869150000000005
20
-5.9718385826771652
11
8.7875687795275592
21
-5.9720621259842517
0
LINE
8
BLACK
6
CONTINUOUS
10
8.7875687795275592
20
-5.9720621259842517
11
8.7876105118110228
21
-5.9720821653543306
0
LINE
8
BLACK
6
CONTINUOUS
10
8.7876105118110228
20
-5.9720821653543306
11
8.788178976377953
21
-5.9724427952755903
0
LINE
8
BLACK
6
CONTINUOUS
10
8.788178976377953
20
-5.9724427952755903
11
8.7882289763779529
21
-5.9724882283464567
0
LINE
8
BLACK
6
CONTINUOUS
10
8.7882289763779529
20
-5.9724882283464567
11
8.7890540944881881
21
-5.9735501574803145
0
LINE
8
BLACK
6
CONTINUOUS
10
8.7890540944881881
20
-5.9735501574803145
11
8.7890909448818899
21
-5.9736288188976374
0
LINE
8
BLACK
6
CONTINUOUS
10
8.7890909448818899
20
-5.9736288188976374
11
8.7893796456692908
21
-5.974947086614173
0
LINE
8
BLACK
6
CONTINUOUS
10
8.7893796456692908
20
-5.974947086614173
11
8.789383110236221
21
-5.9750100393700789
0
LINE
8
BLACK
6
CONTINUOUS
10
8.789383110236221
20
-5.9750100393700789
11
8.7893078740157478
21
-5.9757164960629918
0
LINE
8
BLACK
6
CONTINUOUS
10
8.7893078740157478
20
-5.9757164960629918
11
8.7892985826771657
21
-5.9757588582677164
0
LINE
8
BLACK
6
CONTINUOUS
10
8.7892985826771657
20
-5.9757588582677164
11
8.7890766141732275
21
-5.9764139763779527
0
LINE
8
BLACK
6
CONTINUOUS
10
8.7890766141732275
20
-5.9764139763779527
11
8.7890575590551183
21
-5.9764543307086617
0
LINE
8
BLACK
6
CONTINUOUS
10
8.7890575590551183
20
-5.9764543307086617
11
8.7887042519685039
21
-5.9770255511811019
0
LINE
8
BLACK
6
CONTINUOUS
10
8.7887042519685039
20
-5.9770255511811019
11
8.7886594881889764
21
-5.9770759842519681
0
LINE
8
BLACK
6
CONTINUOUS
10
8.7886594881889764
20
-5.9770759842519681
11
8.7876412992125985
21
-5.9778870866141727
0
LINE
8
BLACK
6
CONTINUOUS
10
8.7876412992125985
20
-5.9778870866141727
11
8.7875609448818892
21
-5.9779253543307087
0
LINE
8
BLACK
6
CONTINUOUS
10
8.7875609448818892
20
-5.9779253543307087
11
8.7862535433070867
21
-5.9782128346456691
0
LINE
8
BLACK
6
CONTINUOUS
10
8.7862535433070867
20
-5.9782128346456691
11
8.7861907874015746
21
-5.978216377952756
0
LINE
8
BLACK
6
CONTINUOUS
10
8.7861907874015746
20
-5.978216377952756
11
8.7854896850393693
21
-5.9781430708661416
0
LINE
8
BLACK
6
CONTINUOUS
10
8.7854896850393693
20
-5.9781430708661416
11
8.7854472047244094
21
-5.9781338188976374
0
LINE
8
BLACK
6
CONTINUOUS
10
8.7854472047244094
20
-5.9781338188976374
11
8.7847905905511805
21
-5.9779122440944876
0
LINE
8
BLACK
6
CONTINUOUS
10
8.7847905905511805
20
-5.9779122440944876
11
8.7847495275590557
21
-5.9778928346456688
0
LINE
8
BLACK
6
CONTINUOUS
10
8.7847495275590557
20
-5.9778928346456688
11
8.7841818897637793
21
-5.9775396062992128
0
LINE
8
BLACK
6
CONTINUOUS
10
8.7841818897637793
20
-5.9775396062992128
11
8.7841310629921256
21
-5.9774940157480314
0
LINE
8
BLACK
6
CONTINUOUS
10
8.7841310629921256
20
-5.9774940157480314
11
8.783315
21
-5.9764542125984255
0
LINE
8
BLACK
6
CONTINUOUS
10
8.783315
20
-5.9764542125984255
11
8.783283267716536
21
-5.9763954330708664
0
LINE
8
BLACK
6
CONTINUOUS
10
8.783283267716536
20
-5.9763954330708664
11
8.783067992125984
21
-5.9757552755905508
0
LINE
8
BLACK
6
CONTINUOUS
10
8.783067992125984
20
-5.9757552755905508
11
8.7830588188976382
21
-5.9757133070866137
0
LINE
8
BLACK
6
CONTINUOUS
10
8.7830588188976382
20
-5.9757133070866137
11
8.7829840944881887
21
-5.9750100000000002
0
LINE
8
BLACK
6
CONTINUOUS
10
8.7829840944881887
20
-5.9750100000000002
11
8.7829842913385825
21
-5.9749664960629918
0
LINE
8
BLACK
6
CONTINUOUS
10
8.7829842913385825
20
-5.9749664960629918
11
8.783068779527559
21
-5.9742387795275587
0
LINE
8
BLACK
6
CONTINUOUS
10
8.783068779527559
20
-5.9742387795275587
11
8.7830790551181099
21
-5.9741949606299212
0
LINE
8
BLACK
6
CONTINUOUS
10
8.7830790551181099
20
-5.9741949606299212
11
8.7833109448818902
21
-5.9735494881889766
0
LINE
8
BLACK
6
CONTINUOUS
10
8.7833109448818902
20
-5.9735494881889766
11
8.7833305905511807
21
-5.9735096456692913
0
LINE
8
BLACK
6
CONTINUOUS
10
8.7833305905511807
20
-5.9735096456692913
11
8.7836955905511811
21
-5.9729412992125983
0
LINE
8
BLACK
6
CONTINUOUS
10
8.7836955905511811
20
-5.9729412992125983
11
8.7837402755905511
21
-5.9728923622047239
0
LINE
8
BLACK
6
CONTINUOUS
10
8.7837402755905511
20
-5.9728923622047239
11
8.7847736220472434
21
-5.9720877165354329
0
LINE
8
BLACK
6
CONTINUOUS
10
8.7847736220472434
20
-5.9720877165354329
11
8.7848528740157477
21
-5.9720506299212595
0
LINE
8
BLACK
6
CONTINUOUS
10
8.7848528740157477
20
-5.9720506299212595
11
8.786169566929134
21
-5.9717653937007871
0
LINE
8
BLACK
6
CONTINUOUS
10
8.786169566929134
20
-5.9717653937007871
11
8.7862317716535436
21
-5.9717620078740152
0
LINE
8
BLACK
6
CONTINUOUS
10
8.7862317716535436
20
-5.9717620078740152
11
8.7868718110236212
21
-5.9718290551181097
0
LINE
8
BLACK
6
CONTINUOUS
10
8.8061886220472445
20
-5.9381436220472441
11
8.8062096062992126
21
-5.9381451181102358
0
LINE
8
BLACK
6
CONTINUOUS
10
8.8062096062992126
20
-5.9381451181102358
11
8.8094463385826778
21
-5.9385524015748032
0
LINE
8
BLACK
6
CONTINUOUS
10
8.8094463385826778
20
-5.9385524015748032
11
8.8094840157480316
21
-5.9385609842519687
0
LINE
8
BLACK
6
CONTINUOUS
10
8.8094840157480316
20
-5.9385609842519687
11
8.8122339370078731
21
-5.9394778346456691
0
LINE
8
BLACK
6
CONTINUOUS
10
8.8122339370078731
20
-5.9394778346456691
11
8.8122731102362195
21
-5.9394958661417325
0
LINE
8
BLACK
6
CONTINUOUS
10
8.8122731102362195
20
-5.9394958661417325
11
8.8145552755905516
21
-5.9408677559055114
0
LINE
8
BLACK
6
CONTINUOUS
10
8.8145552755905516
20
-5.9408677559055114
11
8.8145832677165359
21
-5.9408881496062991
0
LINE
8
BLACK
6
CONTINUOUS
10
8.8145832677165359
20
-5.9408881496062991
11
8.8155545669291335
21
-5.9417356692913383
0
LINE
8
BLACK
6
CONTINUOUS
10
8.8155545669291335
20
-5.9417356692913383
11
8.8155714566929131
21
-5.9417522440944879
0
LINE
8
BLACK
6
CONTINUOUS
10
8.8155714566929131
20
-5.9417522440944879
11
8.8164261417322827
21
-5.942701496062992
0
LINE
8
BLACK
6
CONTINUOUS
10
8.8164261417322827
20
-5.942701496062992
11
8.8164409842519689
21
-5.9427201574803146
0
LINE
8
BLACK
6
CONTINUOUS
10
8.8164409842519689
20
-5.9427201574803146
11
8.817184251968504
21
-5.9437794881889765
0
LINE
8
BLACK
6
CONTINUOUS
10
8.817184251968504
20
-5.9437794881889765
11
8.8171966141732288
21
-5.9437996062992129
0
LINE
8
BLACK
6
CONTINUOUS
10
8.8171966141732288
20
-5.9437996062992129
11
8.8178148031496058
21
-5.9449534645669289
0
LINE
8
BLACK
6
CONTINUOUS
10
8.8178148031496058
20
-5.9449534645669289
11
8.8178245275590541
21
-5.9449744488188978
0
LINE
8
BLACK
6
CONTINUOUS
10
8.8178245275590541
20
-5.9449744488188978
11
8.8183238582677159
21
-5.9462459842519682
0
LINE
8
BLACK
6
CONTINUOUS
10
8.8183238582677159
20
-5.9462459842519682
11
8.8183308267716534
21
-5.9462672440944884
0
LINE
8
BLACK
6
CONTINUOUS
10
8.8183308267716534
20
-5.9462672440944884
11
8.8186935039370073
21
-5.9476273228346459
0
LINE
8
BLACK
6
CONTINUOUS
10
8.8186935039370073
20
-5.9476273228346459
11
8.8186978740157471
21
-5.9476482677165352
0
LINE
8
BLACK
6
CONTINUOUS
10
8.8186978740157471
20
-5.9476482677165352
11
8.8189248031496064
21
-5.9491310629921257
0
LINE
8
BLACK
6
CONTINUOUS
10
8.8189248031496064
20
-5.9491310629921257
11
8.8189268503936997
21
-5.9491512204724408
0
LINE
8
BLACK
6
CONTINUOUS
10
8.8189268503936997
20
-5.9491512204724408
11
8.8190032283464568
21
-5.9507163779527561
0
LINE
8
BLACK
6
CONTINUOUS
10
8.8190032283464568
20
-5.9507163779527561
11
8.8190032283464568
21
-5.9507356692913387
0
LINE
8
BLACK
6
CONTINUOUS
10
8.8190032283464568
20
-5.9507356692913387
11
8.8189235433070863
21
-5.9523546850393698
0
LINE
8
BLACK
6
CONTINUOUS
10
8.8189235433070863
20
-5.9523546850393698
11
8.8189216535433061
21
-5.9523738976377949
0
LINE
8
BLACK
6
CONTINUOUS
10
8.8189216535433061
20
-5.9523738976377949
11
8.8186920866141723
21
-5.9539201574803151
0
LINE
8
BLACK
6
CONTINUOUS
10
8.8186920866141723
20
-5.9539201574803151
11
8.8186883858267713
21
-5.9539387401574801
0
LINE
8
BLACK
6
CONTINUOUS
10
8.8186883858267713
20
-5.9539387401574801
11
8.8182997244094494
21
-5.9555020078740153
0
LINE
8
BLACK
6
CONTINUOUS
10
8.8182997244094494
20
-5.9555020078740153
11
8.8182944094488178
21
-5.9555198425196849
0
LINE
8
BLACK
6
CONTINUOUS
10
8.8182944094488178
20
-5.9555198425196849
11
8.8177235433070873
21
-5.9571433070866142
0
LINE
8
BLACK
6
CONTINUOUS
10
8.8177235433070873
20
-5.9571433070866142
11
8.8177169685039374
21
-5.9571596456692912
0
LINE
8
BLACK
6
CONTINUOUS
10
8.8177169685039374
20
-5.9571596456692912
11
8.8169608661417325
21
-5.9588182677165351
0
LINE
8
BLACK
6
CONTINUOUS
10
8.8169608661417325
20
-5.9588182677165351
11
8.8169533858267712
21
-5.9588329527559054
0
LINE
8
BLACK
6
CONTINUOUS
10
8.8169533858267712
20
-5.9588329527559054
11
8.8159450787401568
21
-5.9606294488188976
0
LINE
8
BLACK
6
CONTINUOUS
10
8.8159450787401568
20
-5.9606294488188976
11
8.8159372440944885
21
-5.9606422440944877
0
LINE
8
BLACK
6
CONTINUOUS
10
8.8159372440944885
20
-5.9606422440944877
11
8.8147010236220478
21
-5.9624980314960627
0
LINE
8
BLACK
6
CONTINUOUS
10
8.8147010236220478
20
-5.9624980314960627
11
8.814693149606299
21
-5.9625090157480312
0
LINE
8
BLACK
6
CONTINUOUS
10
8.814693149606299
20
-5.9625090157480312
11
8.8130885433070869
21
-5.9645923622047246
0
LINE
8
BLACK
6
CONTINUOUS
10
8.8130885433070869
20
-5.9645923622047246
11
8.8130809842519682
21
-5.9646015748031491
0
LINE
8
BLACK
6
CONTINUOUS
10
8.8130809842519682
20
-5.9646015748031491
11
8.8111829921259837
21
-5.9667791732283462
0
LINE
8
BLACK
6
CONTINUOUS
10
8.8111829921259837
20
-5.9667791732283462
11
8.81117716535433
21
-5.9667855905511811
0
LINE
8
BLACK
6
CONTINUOUS
10
8.81117716535433
20
-5.9667855905511811
11
8.808728346456693
21
-5.9693569291338582
0
LINE
8
BLACK
6
CONTINUOUS
10
8.808728346456693
20
-5.9693569291338582
11
8.8087218897637793
21
-5.9693634251968506
0
LINE
8
BLACK
6
CONTINUOUS
10
8.8087218897637793
20
-5.9693634251968506
11
8.8066656692913377
21
-5.9713307874015751
0
LINE
8
BLACK
6
CONTINUOUS
10
8.8066656692913377
20
-5.9713307874015751
11
8.806655196850393
21
-5.9713400787401572
0
LINE
8
BLACK
6
CONTINUOUS
10
8.806655196850393
20
-5.9713400787401572
11
8.8036449606299207
21
-5.9738355511811019
0
LINE
8
BLACK
6
CONTINUOUS
10
8.8036449606299207
20
-5.9738355511811019
11
8.8191383464566933
21
-5.9738355511811019
0
LINE
8
BLACK
6
CONTINUOUS
10
8.8191383464566933
20
-5.9738355511811019
11
8.8192001968503941
21
-5.9738455118110236
0
LINE
8
BLACK
6
CONTINUOUS
10
8.8192001968503941
20
-5.9738455118110236
11
8.819748385826772
21
-5.9740269685039369
0
LINE
8
BLACK
6
CONTINUOUS
10
8.819748385826772
20
-5.9740269685039369
11
8.819844015748032
21
-5.9740957480314956
0
LINE
8
BLACK
6
CONTINUOUS
10
8.819844015748032
20
-5.9740957480314956
11
8.8200494881889764
21
-5.974369763779527
0
LINE
8
BLACK
6
CONTINUOUS
10
8.8200494881889764
20
-5.974369763779527
11
8.8200851181102369
21
-5.9744497637795275
0
LINE
8
BLACK
6
CONTINUOUS
10
8.8200851181102369
20
-5.9744497637795275
11
8.8201584251968494
21
-5.9748212598425194
0
LINE
8
BLACK
6
CONTINUOUS
10
8.8201584251968494
20
-5.9748212598425194
11
8.820162165354331
21
-5.9748593700787405
0
LINE
8
BLACK
6
CONTINUOUS
10
8.820162165354331
20
-5.9748593700787405
11
8.820162165354331
21
-5.9767344881889759
0
LINE
8
BLACK
6
CONTINUOUS
10
8.820162165354331
20
-5.9767344881889759
11
8.8201522440944888
21
-5.976796141732283
0
LINE
8
BLACK
6
CONTINUOUS
10
8.8201522440944888
20
-5.976796141732283
11
8.8199724015748036
21
-5.9773413779527553
0
LINE
8
BLACK
6
CONTINUOUS
10
8.8199724015748036
20
-5.9773413779527553
11
8.819903622047244
21
-5.9774371653543303
0
LINE
8
BLACK
6
CONTINUOUS
10
8.819903622047244
20
-5.9774371653543303
11
8.819629212598425
21
-5.9776431102362206
0
LINE
8
BLACK
6
CONTINUOUS
10
8.819629212598425
20
-5.9776431102362206
11
8.8195490944881882
21
-5.9776788188976377
0
LINE
8
BLACK
6
CONTINUOUS
10
8.8195490944881882
20
-5.9776788188976377
11
8.8191763779527559
21
-5.9777522047244096
0
LINE
8
BLACK
6
CONTINUOUS
10
8.8191763779527559
20
-5.9777522047244096
11
8.8191383464566933
21
-5.9777559055118106
0
LINE
8
BLACK
6
CONTINUOUS
10
8.8191383464566933
20
-5.9777559055118106
11
8.7961540551181105
21
-5.9777559055118106
0
LINE
8
BLACK
6
CONTINUOUS
10
8.7961540551181105
20
-5.9777559055118106
11
8.7960928740157485
21
-5.9777461417322835
0
LINE
8
BLACK
6
CONTINUOUS
10
8.7960928740157485
20
-5.9777461417322835
11
8.7955456299212589
21
-5.9775672440944883
0
LINE
8
BLACK
6
CONTINUOUS
10
8.7955456299212589
20
-5.9775672440944883
11
8.7954496850393706
21
-5.9774987007874012
0
LINE
8
BLACK
6
CONTINUOUS
10
8.7954496850393706
20
-5.9774987007874012
11
8.7952433858267707
21
-5.9772252755905511
0
LINE
8
BLACK
6
CONTINUOUS
10
8.7952433858267707
20
-5.9772252755905511
11
8.7952074015748032
21
-5.9771448425196851
0
LINE
8
BLACK
6
CONTINUOUS
10
8.7952074015748032
20
-5.9771448425196851
11
8.7951339763779526
21
-5.9767725984251969
0
LINE
8
BLACK
6
CONTINUOUS
10
8.7951339763779526
20
-5.9767725984251969
11
8.7951302362204729
21
-5.9767344881889759
0
LINE
8
BLACK
6
CONTINUOUS
10
8.7951302362204729
20
-5.9767344881889759
11
8.7951302362204729
21
-5.9759075196850393
0
LINE
8
BLACK
6
CONTINUOUS
10
8.7951302362204729
20
-5.9759075196850393
11
8.7951316535433062
21
-5.9758839763779523
0
LINE
8
BLACK
6
CONTINUOUS
10
8.7951316535433062
20
-5.9758839763779523
11
8.7951744488188979
21
-5.9755288188976374
0
LINE
8
BLACK
6
CONTINUOUS
10
8.7951744488188979
20
-5.9755288188976374
11
8.7951933858267708
21
-5.9754651968503936
0
LINE
8
BLACK
6
CONTINUOUS
10
8.7951933858267708
20
-5.9754651968503936
11
8.7953714173228352
21
-5.9751046850393701
0
LINE
8
BLACK
6
CONTINUOUS
10
8.7953714173228352
20
-5.9751046850393701
11
8.7954212204724413
21
-5.9750411811023625
0
LINE
8
BLACK
6
CONTINUOUS
10
8.7954212204724413
20
-5.9750411811023625
11
8.7957509055118113
21
-5.9747640157480317
0
LINE
8
BLACK
6
CONTINUOUS
10
8.7957509055118113
20
-5.9747640157480317
11
8.7957635433070855
21
-5.9747542519685037
0
LINE
8
BLACK
6
CONTINUOUS
10
8.7957635433070855
20
-5.9747542519685037
11
8.7998833464566921
21
-5.97182531496063
0
LINE
8
BLACK
6
CONTINUOUS
10
8.7998833464566921
20
-5.97182531496063
11
8.8040259448818894
21
-5.9683546456692911
0
LINE
8
BLACK
6
CONTINUOUS
10
8.8040259448818894
20
-5.9683546456692911
11
8.8079136614173219
21
-5.9644224015748026
0
LINE
8
BLACK
6
CONTINUOUS
10
8.8079136614173219
20
-5.9644224015748026
11
8.8091192913385825
21
-5.9630275196850393
0
LINE
8
BLACK
6
CONTINUOUS
10
8.8091192913385825
20
-5.9630275196850393
11
8.8117689370078747
21
-5.959431968503937
0
LINE
8
BLACK
6
CONTINUOUS
10
8.8117689370078747
20
-5.959431968503937
11
8.8134494881889758
21
-5.9562888582677163
0
LINE
8
BLACK
6
CONTINUOUS
10
8.8134494881889758
20
-5.9562888582677163
11
8.8143693700787402
21
-5.953432244094488
0
LINE
8
BLACK
6
CONTINUOUS
10
8.8143693700787402
20
-5.953432244094488
11
8.8145821259842521
21
-5.9520700393700787
0
LINE
8
BLACK
6
CONTINUOUS
10
8.8145821259842521
20
-5.9520700393700787
11
8.8146407480314952
21
-5.9507231102362201
0
LINE
8
BLACK
6
CONTINUOUS
10
8.8146407480314952
20
-5.9507231102362201
11
8.8146394094488194
21
-5.9506356299212593
0
LINE
8
BLACK
6
CONTINUOUS
10
8.8146394094488194
20
-5.9506356299212593
11
8.8143068503937005
21
-5.9482129527559051
0
LINE
8
BLACK
6
CONTINUOUS
10
8.8143068503937005
20
-5.9482129527559051
11
8.8134558267716532
21
-5.9461608267716537
0
LINE
8
BLACK
6
CONTINUOUS
10
8.8134558267716532
20
-5.9461608267716537
11
8.812855629921259
21
-5.9452826377952759
0
LINE
8
BLACK
6
CONTINUOUS
10
8.812855629921259
20
-5.9452826377952759
11
8.8121369685039372
21
-5.9444957480314962
0
LINE
8
BLACK
6
CONTINUOUS
10
8.8121369685039372
20
-5.9444957480314962
11
8.8112997637795267
21
-5.9438050000000002
0
LINE
8
BLACK
6
CONTINUOUS
10
8.8112997637795267
20
-5.9438050000000002
11
8.8103545275590545
21
-5.9432237007874011
0
LINE
8
BLACK
6
CONTINUOUS
10
8.8103545275590545
20
-5.9432237007874011
11
8.8092846456692904
21
-5.9427498818897639
0
LINE
8
BLACK
6
CONTINUOUS
10
8.8092846456692904
20
-5.9427498818897639
11
8.8081116141732281
21
-5.9424016929133856
0
LINE
8
BLACK
6
CONTINUOUS
10
8.8081116141732281
20
-5.9424016929133856
11
8.8068120078740151
21
-5.9421824409448813
0
LINE
8
BLACK
6
CONTINUOUS
10
8.8068120078740151
20
-5.9421824409448813
11
8.8054089370078739
21
-5.9421074803149603
0
LINE
8
BLACK
6
CONTINUOUS
10
8.8054089370078739
20
-5.9421074803149603
11
8.8053459448818892
21
-5.9421075590551178
0
LINE
8
BLACK
6
CONTINUOUS
10
8.8053459448818892
20
-5.9421075590551178
11
8.8034362204724399
21
-5.9422045669291341
0
LINE
8
BLACK
6
CONTINUOUS
10
8.8034362204724399
20
-5.9422045669291341
11
8.8017460236220462
21
-5.9424548425196848
0
LINE
8
BLACK
6
CONTINUOUS
10
8.8017460236220462
20
-5.9424548425196848
11
8.799155472440944
21
-5.943183188976378
0
LINE
8
BLACK
6
CONTINUOUS
10
8.799155472440944
20
-5.943183188976378
11
8.7971150787401573
21
-5.9440742913385822
0
LINE
8
BLACK
6
CONTINUOUS
10
8.7971150787401573
20
-5.9440742913385822
11
8.7970652362204724
21
-5.9440886220472438
0
LINE
8
BLACK
6
CONTINUOUS
10
8.7970652362204724
20
-5.9440886220472438
11
8.796472598425197
21
-5.9441766929133859
0
LINE
8
BLACK
6
CONTINUOUS
10
8.796472598425197
20
-5.9441766929133859
11
8.7963497637795278
21
-5.9441550000000003
0
LINE
8
BLACK
6
CONTINUOUS
10
8.7963497637795278
20
-5.9441550000000003
11
8.7960597637795281
21
-5.9439976377952757
0
LINE
8
BLACK
6
CONTINUOUS
10
8.7960597637795281
20
-5.9439976377952757
11
8.7959920078740161
21
-5.9439369291338577
0
LINE
8
BLACK
6
CONTINUOUS
10
8.7959920078740161
20
-5.9439369291338577
11
8.7957712204724405
21
-5.9436192125984251
0
LINE
8
BLACK
6
CONTINUOUS
10
8.7957712204724405
20
-5.9436192125984251
11
8.7957557086614173
21
-5.9435927165354325
0
LINE
8
BLACK
6
CONTINUOUS
10
8.7957557086614173
20
-5.9435927165354325
11
8.7949287401574807
21
-5.9418858661417318
0
LINE
8
BLACK
6
CONTINUOUS
10
8.7949287401574807
20
-5.9418858661417318
11
8.7949120866141737
21
-5.9418344094488189
0
LINE
8
BLACK
6
CONTINUOUS
10
8.7949120866141737
20
-5.9418344094488189
11
8.7948034645669289
21
-5.9412220472440946
0
LINE
8
BLACK
6
CONTINUOUS
10
8.7948034645669289
20
-5.9412220472440946
11
8.7948213385826772
21
-5.9410993700787404
0
LINE
8
BLACK
6
CONTINUOUS
10
8.7948213385826772
20
-5.9410993700787404
11
8.794961062992126
21
-5.9408209448818896
0
LINE
8
BLACK
6
CONTINUOUS
10
8.794961062992126
20
-5.9408209448818896
11
8.7950233464566931
21
-5.9407485039370078
0
LINE
8
BLACK
6
CONTINUOUS
10
8.7950233464566931
20
-5.9407485039370078
11
8.7953240157480312
21
-5.940535905511811
0
LINE
8
BLACK
6
CONTINUOUS
10
8.7953240157480312
20
-5.940535905511811
11
8.7953469685039369
21
-5.9405219291338582
0
LINE
8
BLACK
6
CONTINUOUS
10
8.7953469685039369
20
-5.9405219291338582
11
8.7954981889763779
21
-5.9404434251968503
0
LINE
8
BLACK
6
CONTINUOUS
10
8.7954981889763779
20
-5.9404434251968503
11
8.7955133464566924
21
-5.9404363779527554
0
LINE
8
BLACK
6
CONTINUOUS
10
8.7955133464566924
20
-5.9404363779527554
11
8.798457834645669
21
-5.9392126771653544
0
LINE
8
BLACK
6
CONTINUOUS
10
8.798457834645669
20
-5.9392126771653544
11
8.7984875196850396
21
-5.9392030314960627
0
LINE
8
BLACK
6
CONTINUOUS
10
8.7984875196850396
20
-5.9392030314960627
11
8.8017904724409455
21
-5.9384113779527556
0
LINE
8
BLACK
6
CONTINUOUS
10
8.8017904724409455
20
-5.9384113779527556
11
8.8018211811023619
21
-5.9384065354330708
0
LINE
8
BLACK
6
CONTINUOUS
10
8.8018211811023619
20
-5.9384065354330708
11
8.805398976377953
21
-5.9381300787401576
0
LINE
8
BLACK
6
CONTINUOUS
10
8.805398976377953
20
-5.9381300787401576
11
8.8054177165354321
21
-5.9381295275590551
0
LINE
8
BLACK
6
CONTINUOUS
10
8.8054177165354321
20
-5.9381295275590551
11
8.8061886220472445
21
-5.9381436220472441
0
LINE
8
BLACK
6
CONTINUOUS
10
8.7971853937007864
20
-5.8894916535433071
11
8.7976662204724416
21
-5.8895549212598421
0
LINE
8
BLACK
6
CONTINUOUS
10
8.7976662204724416
20
-5.8895549212598421
11
8.7976662204724416
21
-5.8897637795275593
0
LINE
8
BLACK
6
CONTINUOUS
10
8.7976662204724416
20
-5.8897637795275593
11
8.7976662204724416
21
-5.8934149212598426
0
LINE
8
BLACK
6
CONTINUOUS
10
8.7976662204724416
20
-5.8934149212598426
11
8.7963982283464563
21
-5.900606220472441
0
LINE
8
BLACK
6
CONTINUOUS
10
8.7963982283464563
20
-5.900606220472441
11
8.7939007480314952
21
-5.9074681102362208
0
LINE
8
BLACK
6
CONTINUOUS
10
8.7939007480314952
20
-5.9074681102362208
11
8.7902496456692916
21
-5.9137920866141727
0
LINE
8
BLACK
6
CONTINUOUS
10
8.7902496456692916
20
-5.9137920866141727
11
8.78555590551181
21
-5.919385984251968
0
LINE
8
BLACK
6
CONTINUOUS
10
8.78555590551181
20
-5.919385984251968
11
8.7799621259842517
21
-5.924079842519685
0
LINE
8
BLACK
6
CONTINUOUS
10
8.7799621259842517
20
-5.924079842519685
11
8.7736382283464565
21
-5.9277310629921258
0
LINE
8
BLACK
6
CONTINUOUS
10
8.7736382283464565
20
-5.9277310629921258
11
8.7667764173228342
21
-5.9302287007874011
0
LINE
8
BLACK
6
CONTINUOUS
10
8.7667764173228342
20
-5.9302287007874011
11
8.7595851181102358
21
-5.9314968503937004
0
LINE
8
BLACK
6
CONTINUOUS
10
8.7595851181102358
20
-5.9314968503937004
11
8.7559339763779533
21
-5.931496929133858
0
LINE
8
BLACK
6
CONTINUOUS
10
8.7559339763779533
20
-5.931496929133858
11
8.7559339763779533
21
-5.9314960629921263
0
LINE
8
BLACK
6
CONTINUOUS
10
8.7559339763779533
20
-5.9314960629921263
11
8.7551664566929137
21
-5.9314961023622041
0
LINE
8
BLACK
6
CONTINUOUS
10
8.7551664566929137
20
-5.9314961023622041
11
8.755166417322835
21
-5.9314960629921263
0
LINE
8
BLACK
6
CONTINUOUS
10
8.755166417322835
20
-5.9314960629921263
11
8.5556709055118105
21
-5.9314960629921263
0
LINE
8
BLACK
6
CONTINUOUS
10
8.5556709055118105
20
-5.9314960629921263
11
8.5569157480314963
21
-5.9276647637795277
0
LINE
8
BLACK
6
CONTINUOUS
10
8.5569157480314963
20
-5.9276647637795277
11
8.5570572047244085
21
-5.926771653543307
0
LINE
8
BLACK
6
CONTINUOUS
10
8.5570572047244085
20
-5.926771653543307
11
8.7559339370078746
21
-5.926771653543307
0
LINE
8
BLACK
6
CONTINUOUS
10
8.7559339370078746
20
-5.926771653543307
11
8.755936929133858
21
-5.9267722440944883
0
LINE
8
BLACK
6
CONTINUOUS
10
8.755936929133858
20
-5.9267722440944883
11
8.7623602755905505
21
-5.9262101574803152
0
LINE
8
BLACK
6
CONTINUOUS
10
8.7623602755905505
20
-5.9262101574803152
11
8.7685914173228348
21
-5.924540393700787
0
LINE
8
BLACK
6
CONTINUOUS
10
8.7685914173228348
20
-5.924540393700787
11
8.7744379133858263
21
-5.9218140157480317
0
LINE
8
BLACK
6
CONTINUOUS
10
8.7744379133858263
20
-5.9218140157480317
11
8.7797221653543307
21
-5.9181138188976377
0
LINE
8
BLACK
6
CONTINUOUS
10
8.7797221653543307
20
-5.9181138188976377
11
8.784283661417323
21
-5.9135522440944879
0
LINE
8
BLACK
6
CONTINUOUS
10
8.784283661417323
20
-5.9135522440944879
11
8.787983700787402
21
-5.9082679133858269
0
LINE
8
BLACK
6
CONTINUOUS
10
8.787983700787402
20
-5.9082679133858269
11
8.7907099606299219
21
-5.9024213385826769
0
LINE
8
BLACK
6
CONTINUOUS
10
8.7907099606299219
20
-5.9024213385826769
11
8.7923795669291334
21
-5.8961901968503936
0
LINE
8
BLACK
6
CONTINUOUS
10
8.7923795669291334
20
-5.8961901968503936
11
8.7929418110236224
21
-5.8897637795275593
0
LINE
8
BLACK
6
CONTINUOUS
10
8.7929418110236224
20
-5.8897637795275593
11
8.7929418110236224
21
-5.8889962598425196
0
LINE
8
BLACK
6
CONTINUOUS
10
8.7929418110236224
20
-5.8889962598425196
11
8.7933320078740156
21
-5.8884591338582677
0
LINE
8
BLACK
6
CONTINUOUS
10
8.7933320078740156
20
-5.8884591338582677
11
8.7971853937007864
21
-5.8894916535433071
0
LINE
8
BLACK
6
CONTINUOUS
10
8.2944133464566931
20
-5.6238996456692911
11
8.3012626377952756
21
-5.626386929133858
0
LINE
8
BLACK
6
CONTINUOUS
10
8.3012626377952756
20
-5.626386929133858
11
8.3075772834645676
21
-5.6300236220472444
0
LINE
8
BLACK
6
CONTINUOUS
10
8.3075772834645676
20
-5.6300236220472444
11
8.3131661023622048
21
-5.6346996062992121
0
LINE
8
BLACK
6
CONTINUOUS
10
8.3131661023622048
20
-5.6346996062992121
11
8.3178599999999996
21
-5.640273385826772
0
LINE
8
BLACK
6
CONTINUOUS
10
8.3178599999999996
20
-5.640273385826772
11
8.3215168503937011
21
-5.646576338582677
0
LINE
8
BLACK
6
CONTINUOUS
10
8.3215168503937011
20
-5.646576338582677
11
8.324026102362204
21
-5.6534176377952754
0
LINE
8
BLACK
6
CONTINUOUS
10
8.324026102362204
20
-5.6534176377952754
11
8.3253117322834651
21
-5.66059031496063
0
LINE
8
BLACK
6
CONTINUOUS
10
8.3253117322834651
20
-5.66059031496063
11
8.3253225590551185
21
-5.6642202755905506
0
LINE
8
BLACK
6
CONTINUOUS
10
8.3253225590551185
20
-5.6642202755905506
11
8.3253252755905507
21
-5.6642335433070867
0
LINE
8
BLACK
6
CONTINUOUS
10
8.3253252755905507
20
-5.6642335433070867
11
8.325561023622047
21
-5.7362785039370081
0
LINE
8
BLACK
6
CONTINUOUS
10
8.325561023622047
20
-5.7362785039370081
11
8.3234870866141737
21
-5.7368342519685038
0
LINE
8
BLACK
6
CONTINUOUS
10
8.3234870866141737
20
-5.7368342519685038
11
8.3208406692913393
21
-5.7375433464566932
0
LINE
8
BLACK
6
CONTINUOUS
10
8.3208406692913393
20
-5.7375433464566932
11
8.3206033464566929
21
-5.6650163385826771
0
LINE
8
BLACK
6
CONTINUOUS
10
8.3206033464566929
20
-5.6650163385826771
11
8.3206033070866141
21
-5.6650162598425196
0
LINE
8
BLACK
6
CONTINUOUS
10
8.3206033070866141
20
-5.6650162598425196
11
8.3206008661417314
21
-5.6642487401574799
0
LINE
8
BLACK
6
CONTINUOUS
10
8.3206008661417314
20
-5.6642487401574799
11
8.3205982283464568
21
-5.6642487795275587
0
LINE
8
BLACK
6
CONTINUOUS
10
8.3205982283464568
20
-5.6642487795275587
11
8.3200179527559062
21
-5.6578375984251963
0
LINE
8
BLACK
6
CONTINUOUS
10
8.3200179527559062
20
-5.6578375984251963
11
8.3183353937007869
21
-5.6516240551181101
0
LINE
8
BLACK
6
CONTINUOUS
10
8.3183353937007869
20
-5.6516240551181101
11
8.315601417322835
21
-5.6457961023622047
0
LINE
8
BLACK
6
CONTINUOUS
10
8.315601417322835
20
-5.6457961023622047
11
8.311898818897637
21
-5.6405301181102363
0
LINE
8
BLACK
6
CONTINUOUS
10
8.311898818897637
20
-5.6405301181102363
11
8.3073396456692912
21
-5.6359855511811023
0
LINE
8
BLACK
6
CONTINUOUS
10
8.3073396456692912
20
-5.6359855511811023
11
8.3020618503937005
21
-5.6322998425196849
0
LINE
8
BLACK
6
CONTINUOUS
10
8.3020618503937005
20
-5.6322998425196849
11
8.2962251574803147
21
-5.6295845669291333
0
LINE
8
BLACK
6
CONTINUOUS
10
8.2962251574803147
20
-5.6295845669291333
11
8.290006259842519
21
-5.6279219291338585
0
LINE
8
BLACK
6
CONTINUOUS
10
8.290006259842519
20
-5.6279219291338585
11
8.2835932677165349
21
-5.6273622047244096
0
LINE
8
BLACK
6
CONTINUOUS
10
8.2835932677165349
20
-5.6273622047244096
11
8.2828257480314953
21
-5.6273622440944884
0
LINE
8
BLACK
6
CONTINUOUS
10
8.2828257480314953
20
-5.6273622440944884
11
8.2828257086614165
21
-5.6273622047244096
0
LINE
8
BLACK
6
CONTINUOUS
10
8.2828257086614165
20
-5.6273622047244096
11
7.6632136614173225
21
-5.6273622047244096
0
LINE
8
BLACK
6
CONTINUOUS
10
7.6632136614173225
20
-5.6273622047244096
11
7.6639619685039371
21
-5.6226377952755904
0
LINE
8
BLACK
6
CONTINUOUS
10
7.6639619685039371
20
-5.6226377952755904
11
8.2835931102362199
21
-5.6226377952755904
0
LINE
8
BLACK
6
CONTINUOUS
10
8.2835931102362199
20
-5.6226377952755904
11
8.2872365748031491
21
-5.6226370078740153
0
LINE
8
BLACK
6
CONTINUOUS
10
8.2872365748031491
20
-5.6226370078740153
11
8.2944133464566931
21
-5.6238996456692911
0
LINE
8
BLACK
6
CONTINUOUS
10
8.8492863385826777
20
-5.6273622047244096
11
8.4026221259842515
21
-5.6273622047244096
0
LINE
8
BLACK
6
CONTINUOUS
10
8.4026221259842515
20
-5.6273622047244096
11
8.4018546062992119
21
-5.6273622047244096
0
LINE
8
BLACK
6
CONTINUOUS
10
8.4018546062992119
20
-5.6273622047244096
11
8.4018546062992119
21
-5.6273624803149609
0
LINE
8
BLACK
6
CONTINUOUS
10
8.4018546062992119
20
-5.6273624803149609
11
8.3954282677165359
21
-5.6279246850393703
0
LINE
8
BLACK
6
CONTINUOUS
10
8.3954282677165359
20
-5.6279246850393703
11
8.3891971653543305
21
-5.6295942519685038
0
LINE
8
BLACK
6
CONTINUOUS
10
8.3891971653543305
20
-5.6295942519685038
11
8.3833506692913389
21
-5.632320472440945
0
LINE
8
BLACK
6
CONTINUOUS
10
8.3833506692913389
20
-5.632320472440945
11
8.3780664173228345
21
-5.6360205118110231
0
LINE
8
BLACK
6
CONTINUOUS
10
8.3780664173228345
20
-5.6360205118110231
11
8.3735049212598422
21
-5.6405819685039367
0
LINE
8
BLACK
6
CONTINUOUS
10
8.3735049212598422
20
-5.6405819685039367
11
8.3698048425196845
21
-5.645866220472441
0
LINE
8
BLACK
6
CONTINUOUS
10
8.3698048425196845
20
-5.645866220472441
11
8.3670785826771645
21
-5.6517126771653539
0
LINE
8
BLACK
6
CONTINUOUS
10
8.3670785826771645
20
-5.6517126771653539
11
8.3654089763779531
21
-5.6579437401574806
0
LINE
8
BLACK
6
CONTINUOUS
10
8.3654089763779531
20
-5.6579437401574806
11
8.3648467322834641
21
-5.6643700787401574
0
LINE
8
BLACK
6
CONTINUOUS
10
8.3648467322834641
20
-5.6643700787401574
11
8.3648467322834641
21
-5.7370576377952753
0
LINE
8
BLACK
6
CONTINUOUS
10
8.3648467322834641
20
-5.7370576377952753
11
8.3640129133858263
21
-5.7368342519685038
0
LINE
8
BLACK
6
CONTINUOUS
10
8.3640129133858263
20
-5.7368342519685038
11
8.3601223228346448
21
-5.7357917322834648
0
LINE
8
BLACK
6
CONTINUOUS
10
8.3601223228346448
20
-5.7357917322834648
11
8.3601223228346448
21
-5.6643700787401574
0
LINE
8
BLACK
6
CONTINUOUS
10
8.3601223228346448
20
-5.6643700787401574
11
8.3601223228346448
21
-5.6607189763779528
0
LINE
8
BLACK
6
CONTINUOUS
10
8.3601223228346448
20
-5.6607189763779528
11
8.3613903543307089
21
-5.6535277165354332
0
LINE
8
BLACK
6
CONTINUOUS
10
8.3613903543307089
20
-5.6535277165354332
11
8.36388783464567
21
-5.6466659448818897
0
LINE
8
BLACK
6
CONTINUOUS
10
8.36388783464567
20
-5.6466659448818897
11
8.3675389370078737
21
-5.6403420472440944
0
LINE
8
BLACK
6
CONTINUOUS
10
8.3675389370078737
20
-5.6403420472440944
11
8.3722327165354322
21
-5.6347482677165353
0
LINE
8
BLACK
6
CONTINUOUS
10
8.3722327165354322
20
-5.6347482677165353
11
8.377826535433071
21
-5.6300545275590546
0
LINE
8
BLACK
6
CONTINUOUS
10
8.377826535433071
20
-5.6300545275590546
11
8.3841504330708663
21
-5.6264034645669287
0
LINE
8
BLACK
6
CONTINUOUS
10
8.3841504330708663
20
-5.6264034645669287
11
8.3910122834645673
21
-5.6239060236220473
0
LINE
8
BLACK
6
CONTINUOUS
10
8.3910122834645673
20
-5.6239060236220473
11
8.398203543307087
21
-5.6226380314960629
0
LINE
8
BLACK
6
CONTINUOUS
10
8.398203543307087
20
-5.6226380314960629
11
8.4018531889763786
21
-5.6226380314960629
0
LINE
8
BLACK
6
CONTINUOUS
10
8.4018531889763786
20
-5.6226380314960629
11
8.4018546062992119
21
-5.6226377952755904
0
LINE
8
BLACK
6
CONTINUOUS
10
8.4018546062992119
20
-5.6226377952755904
11
8.8485380314960622
21
-5.6226377952755904
0
LINE
8
BLACK
6
CONTINUOUS
10
8.8485380314960622
20
-5.6226377952755904
11
8.8492863385826777
21
-5.6273622047244096
0
LINE
8
BLACK
6
CONTINUOUS
10
8.3360292519685029
20
-5.5908341732283464
11
8.3365764960629924
21
-5.5910140551181104
0
LINE
8
BLACK
6
CONTINUOUS
10
8.3365764960629924
20
-5.5910140551181104
11
8.3366724015748037
21
-5.5910827559055116
0
LINE
8
BLACK
6
CONTINUOUS
10
8.3366724015748037
20
-5.5910827559055116
11
8.3368787007874019
21
-5.5913571653543306
0
LINE
8
BLACK
6
CONTINUOUS
10
8.3368787007874019
20
-5.5913571653543306
11
8.3369144881889756
21
-5.5914374015748027
0
LINE
8
BLACK
6
CONTINUOUS
10
8.3369144881889756
20
-5.5914374015748027
11
8.3369879133858262
21
-5.5918100787401572
0
LINE
8
BLACK
6
CONTINUOUS
10
8.3369879133858262
20
-5.5918100787401572
11
8.336991614173229
21
-5.5918481496062995
0
LINE
8
BLACK
6
CONTINUOUS
10
8.336991614173229
20
-5.5918481496062995
11
8.336991614173229
21
-5.5936679527559052
0
LINE
8
BLACK
6
CONTINUOUS
10
8.336991614173229
20
-5.5936679527559052
11
8.3369817322834638
21
-5.5937295669291336
0
LINE
8
BLACK
6
CONTINUOUS
10
8.3369817322834638
20
-5.5937295669291336
11
8.3368011023622053
21
-5.5942777559055115
0
LINE
8
BLACK
6
CONTINUOUS
10
8.3368011023622053
20
-5.5942777559055115
11
8.336732283464567
21
-5.5943735826771652
0
LINE
8
BLACK
6
CONTINUOUS
10
8.336732283464567
20
-5.5943735826771652
11
8.336458503937008
21
-5.5945790551181105
0
LINE
8
BLACK
6
CONTINUOUS
10
8.336458503937008
20
-5.5945790551181105
11
8.3363783464566925
21
-5.5946147637795276
0
LINE
8
BLACK
6
CONTINUOUS
10
8.3363783464566925
20
-5.5946147637795276
11
8.3360057874015752
21
-5.5946880708661419
0
LINE
8
BLACK
6
CONTINUOUS
10
8.3360057874015752
20
-5.5946880708661419
11
8.3359677952755895
21
-5.5946917716535429
0
LINE
8
BLACK
6
CONTINUOUS
10
8.3359677952755895
20
-5.5946917716535429
11
8.3203465748031498
21
-5.5946917716535429
0
LINE
8
BLACK
6
CONTINUOUS
10
8.3203465748031498
20
-5.5946917716535429
11
8.3203465748031498
21
-5.6063955511811026
0
LINE
8
BLACK
6
CONTINUOUS
10
8.3203465748031498
20
-5.6063955511811026
11
8.3227209842519692
21
-5.6058562204724405
0
LINE
8
BLACK
6
CONTINUOUS
10
8.3227209842519692
20
-5.6058562204724405
11
8.3227474015748033
21
-5.6058520866141732
0
LINE
8
BLACK
6
CONTINUOUS
10
8.3227474015748033
20
-5.6058520866141732
11
8.3260294488188968
21
-5.6055638188976378
0
LINE
8
BLACK
6
CONTINUOUS
10
8.3260294488188968
20
-5.6055638188976378
11
8.3260490551181103
21
-5.6055630708661415
0
LINE
8
BLACK
6
CONTINUOUS
10
8.3260490551181103
20
-5.6055630708661415
11
8.3266153543307091
21
-5.6055699606299214
0
LINE
8
BLACK
6
CONTINUOUS
10
8.3266153543307091
20
-5.6055699606299214
11
8.3266341732283458
21
-5.6055711023622043
0
LINE
8
BLACK
6
CONTINUOUS
10
8.3266341732283458
20
-5.6055711023622043
11
8.3299554330708663
21
-5.6059313385826774
0
LINE
8
BLACK
6
CONTINUOUS
10
8.3299554330708663
20
-5.6059313385826774
11
8.3299922047244088
21
-5.605938937007874
0
LINE
8
BLACK
6
CONTINUOUS
10
8.3299922047244088
20
-5.605938937007874
11
8.3327423622047245
21
-5.6067864960629921
0
LINE
8
BLACK
6
CONTINUOUS
10
8.3327423622047245
20
-5.6067864960629921
11
8.332782007874016
21
-5.6068036614173229
0
LINE
8
BLACK
6
CONTINUOUS
10
8.332782007874016
20
-5.6068036614173229
11
8.3350193700787401
21
-5.6080816535433069
0
LINE
8
BLACK
6
CONTINUOUS
10
8.3350193700787401
20
-5.6080816535433069
11
8.3350576377952752
21
-5.6081101968503937
0
LINE
8
BLACK
6
CONTINUOUS
10
8.3350576377952752
20
-5.6081101968503937
11
8.3368289763779533
21
-5.6098004330708662
0
LINE
8
BLACK
6
CONTINUOUS
10
8.3368289763779533
20
-5.6098004330708662
11
8.3368533070866135
21
-5.6098284645669292
0
LINE
8
BLACK
6
CONTINUOUS
10
8.3368533070866135
20
-5.6098284645669292
11
8.3375743700787392
21
-5.6108387795275592
0
LINE
8
BLACK
6
CONTINUOUS
10
8.3375743700787392
20
-5.6108387795275592
11
8.3375873622047241
21
-5.6108596062992122
0
LINE
8
BLACK
6
CONTINUOUS
10
8.3375873622047241
20
-5.6108596062992122
11
8.338188228346457
21
-5.6119724409448821
0
LINE
8
BLACK
6
CONTINUOUS
10
8.338188228346457
20
-5.6119724409448821
11
8.3381982677165354
21
-5.6119941338582677
0
LINE
8
BLACK
6
CONTINUOUS
10
8.3381982677165354
20
-5.6119941338582677
11
8.3386881889763771
21
-5.6132441732283462
0
LINE
8
BLACK
6
CONTINUOUS
10
8.3386881889763771
20
-5.6132441732283462
11
8.3386952755905508
21
-5.6132658661417318
0
LINE
8
BLACK
6
CONTINUOUS
10
8.3386952755905508
20
-5.6132658661417318
11
8.3390521259842512
21
-5.6146204724409445
0
LINE
8
BLACK
6
CONTINUOUS
10
8.3390521259842512
20
-5.6146204724409445
11
8.339056456692914
21
-5.614641535433071
0
LINE
8
BLACK
6
CONTINUOUS
10
8.339056456692914
20
-5.614641535433071
11
8.3392833858267714
21
-5.6161598031496061
0
LINE
8
BLACK
6
CONTINUOUS
10
8.3392833858267714
20
-5.6161598031496061
11
8.3392853149606303
21
-5.6161796850393699
0
LINE
8
BLACK
6
CONTINUOUS
10
8.3392853149606303
20
-5.6161796850393699
11
8.3393616929133856
21
-5.6178065748031498
0
LINE
8
BLACK
6
CONTINUOUS
10
8.3393616929133856
20
-5.6178065748031498
11
8.3393618503937006
21
-5.6178214960629917
0
LINE
8
BLACK
6
CONTINUOUS
10
8.3393618503937006
20
-5.6178214960629917
11
8.3393346062992126
21
-5.6187588582677161
0
LINE
8
BLACK
6
CONTINUOUS
10
8.3393346062992126
20
-5.6187588582677161
11
8.33933216535433
21
-5.6187844881889761
0
LINE
8
BLACK
6
CONTINUOUS
10
8.33933216535433
20
-5.6187844881889761
11
8.3388766141732287
21
-5.6216091732283466
0
LINE
8
BLACK
6
CONTINUOUS
10
8.3388766141732287
20
-5.6216091732283466
11
8.3388650000000002
21
-5.6216510629921261
0
LINE
8
BLACK
6
CONTINUOUS
10
8.3388650000000002
20
-5.6216510629921261
11
8.3378862992125988
21
-5.6240928740157479
0
LINE
8
BLACK
6
CONTINUOUS
10
8.3378862992125988
20
-5.6240928740157479
11
8.3378705118110226
21
-5.6241240157480314
0
LINE
8
BLACK
6
CONTINUOUS
10
8.3378705118110226
20
-5.6241240157480314
11
8.3371923622047248
21
-5.6252086614173225
0
LINE
8
BLACK
6
CONTINUOUS
10
8.3371923622047248
20
-5.6252086614173225
11
8.3371785433070862
21
-5.6252279921259838
0
LINE
8
BLACK
6
CONTINUOUS
10
8.3371785433070862
20
-5.6252279921259838
11
8.336377952755905
21
-5.6262188188976374
0
LINE
8
BLACK
6
CONTINUOUS
10
8.336377952755905
20
-5.6262188188976374
11
8.3363618503937005
21
-5.6262364566929133
0
LINE
8
BLACK
6
CONTINUOUS
10
8.3363618503937005
20
-5.6262364566929133
11
8.3354285433070867
21
-5.6271413385826774
0
LINE
8
BLACK
6
CONTINUOUS
10
8.3354285433070867
20
-5.6271413385826774
11
8.3354107480314958
21
-5.6271566535433069
0
LINE
8
BLACK
6
CONTINUOUS
10
8.3354107480314958
20
-5.6271566535433069
11
8.3343575984251963
21
-5.6279582283464569
0
LINE
8
BLACK
6
CONTINUOUS
10
8.3343575984251963
20
-5.6279582283464569
11
8.3343386614173234
21
-5.6279709842519683
0
LINE
8
BLACK
6
CONTINUOUS
10
8.3343386614173234
20
-5.6279709842519683
11
8.3331374015748025
21
-5.6286820078740156
0
LINE
8
BLACK
6
CONTINUOUS
10
8.3331374015748025
20
-5.6286820078740156
11
8.3331179527559058
21
-5.6286920866141728
0
LINE
8
BLACK
6
CONTINUOUS
10
8.3331179527559058
20
-5.6286920866141728
11
8.3317970472440948
21
-5.6292870078740158
0
LINE
8
BLACK
6
CONTINUOUS
10
8.3317970472440948
20
-5.6292870078740158
11
8.3317777165354325
21
-5.6292945275590549
0
LINE
8
BLACK
6
CONTINUOUS
10
8.3317777165354325
20
-5.6292945275590549
11
8.3302927559055124
21
-5.629782755905512
0
LINE
8
BLACK
6
CONTINUOUS
10
8.3302927559055124
20
-5.629782755905512
11
8.330273937007874
21
-5.6297879133858268
0
LINE
8
BLACK
6
CONTINUOUS
10
8.330273937007874
20
-5.6297879133858268
11
8.3286685826771656
21
-5.6301444094488184
0
LINE
8
BLACK
6
CONTINUOUS
10
8.3286685826771656
20
-5.6301444094488184
11
8.3286506299212597
21
-5.630147519685039
0
LINE
8
BLACK
6
CONTINUOUS
10
8.3286506299212597
20
-5.630147519685039
11
8.3268708267716534
21
-5.6303729921259844
0
LINE
8
BLACK
6
CONTINUOUS
10
8.3268708267716534
20
-5.6303729921259844
11
8.3268539763779525
21
-5.6303744094488186
0
LINE
8
BLACK
6
CONTINUOUS
10
8.3268539763779525
20
-5.6303744094488186
11
8.3249535039370084
21
-5.630450590551181
0
LINE
8
BLACK
6
CONTINUOUS
10
8.3249535039370084
20
-5.630450590551181
11
8.3249317716535423
21
-5.630450275590551
0
LINE
8
BLACK
6
CONTINUOUS
10
8.3249317716535423
20
-5.630450275590551
11
8.321941850393701
21
-5.6302393307086609
0
LINE
8
BLACK
6
CONTINUOUS
10
8.321941850393701
20
-5.6302393307086609
11
8.3219149606299219
21
-5.6302355511811024
0
LINE
8
BLACK
6
CONTINUOUS
10
8.3219149606299219
20
-5.6302355511811024
11
8.317958267716536
21
-5.6293987795275591
0
LINE
8
BLACK
6
CONTINUOUS
10
8.317958267716536
20
-5.6293987795275591
11
8.317930236220473
21
-5.6293906299212599
0
LINE
8
BLACK
6
CONTINUOUS
10
8.317930236220473
20
-5.6293906299212599
11
8.3146792125984241
21
-5.6281786220472441
0
LINE
8
BLACK
6
CONTINUOUS
10
8.3146792125984241
20
-5.6281786220472441
11
8.3146253543307083
21
-5.6281481496062993
0
LINE
8
BLACK
6
CONTINUOUS
10
8.3146253543307083
20
-5.6281481496062993
11
8.3142203937007864
21
-5.6278255905511809
0
LINE
8
BLACK
6
CONTINUOUS
10
8.3142203937007864
20
-5.6278255905511809
11
8.3141525984251974
21
-5.6277213779527555
0
LINE
8
BLACK
6
CONTINUOUS
10
8.3141525984251974
20
-5.6277213779527555
11
8.3140646062992118
21
-5.627384724409449
0
LINE
8
BLACK
6
CONTINUOUS
10
8.3140646062992118
20
-5.627384724409449
11
8.3140655118110232
21
-5.6272818110236216
0
LINE
8
BLACK
6
CONTINUOUS
10
8.3140655118110232
20
-5.6272818110236216
11
8.3141738582677167
21
-5.6268953149606302
0
LINE
8
BLACK
6
CONTINUOUS
10
8.3141738582677167
20
-5.6268953149606302
11
8.3141833464566925
21
-5.6268688582677164
0
LINE
8
BLACK
6
CONTINUOUS
10
8.3141833464566925
20
-5.6268688582677164
11
8.3150103149606291
21
-5.6249985433070862
0
LINE
8
BLACK
6
CONTINUOUS
10
8.3150103149606291
20
-5.6249985433070862
11
8.3150352362204725
21
-5.6249569291338579
0
LINE
8
BLACK
6
CONTINUOUS
10
8.3150352362204725
20
-5.6249569291338579
11
8.315343031496063
21
-5.6245631102362204
0
LINE
8
BLACK
6
CONTINUOUS
10
8.315343031496063
20
-5.6245631102362204
11
8.3154451968503942
21
-5.6244947244094483
0
LINE
8
BLACK
6
CONTINUOUS
10
8.3154451968503942
20
-5.6244947244094483
11
8.3158038188976384
21
-5.6243945669291335
0
LINE
8
BLACK
6
CONTINUOUS
10
8.3158038188976384
20
-5.6243945669291335
11
8.3159038188976382
21
-5.6243930314960631
0
LINE
8
BLACK
6
CONTINUOUS
10
8.3159038188976382
20
-5.6243930314960631
11
8.3163383858267714
21
-5.6245000000000003
0
LINE
8
BLACK
6
CONTINUOUS
10
8.3163383858267714
20
-5.6245000000000003
11
8.3163698031496054
21
-5.6245105905511812
0
LINE
8
BLACK
6
CONTINUOUS
10
8.3163698031496054
20
-5.6245105905511812
11
8.3185311417322829
21
-5.6254499212598423
0
LINE
8
BLACK
6
CONTINUOUS
10
8.3185311417322829
20
-5.6254499212598423
11
8.3219028346456696
21
-5.6263967322834647
0
LINE
8
BLACK
6
CONTINUOUS
10
8.3219028346456696
20
-5.6263967322834647
11
8.3249531496062996
21
-5.6266960629921261
0
LINE
8
BLACK
6
CONTINUOUS
10
8.3249531496062996
20
-5.6266960629921261
11
8.3256344881889763
21
-5.6266819685039371
0
LINE
8
BLACK
6
CONTINUOUS
10
8.3256344881889763
20
-5.6266819685039371
11
8.3284397244094492
21
-5.6262846062992127
0
LINE
8
BLACK
6
CONTINUOUS
10
8.3284397244094492
20
-5.6262846062992127
11
8.3307154724409447
21
-5.6254135433070864
0
LINE
8
BLACK
6
CONTINUOUS
10
8.3307154724409447
20
-5.6254135433070864
11
8.3325051181102356
21
-5.6241298425196851
0
LINE
8
BLACK
6
CONTINUOUS
10
8.3325051181102356
20
-5.6241298425196851
11
8.3332174803149606
21
-5.6233503149606294
0
LINE
8
BLACK
6
CONTINUOUS
10
8.3332174803149606
20
-5.6233503149606294
11
8.333814606299212
21
-5.6224746062992121
0
LINE
8
BLACK
6
CONTINUOUS
10
8.333814606299212
20
-5.6224746062992121
11
8.3342962204724405
21
-5.6214943307086616
0
LINE
8
BLACK
6
CONTINUOUS
10
8.3342962204724405
20
-5.6214943307086616
11
8.3346473622047235
21
-5.6204281496062993
0
LINE
8
BLACK
6
CONTINUOUS
10
8.3346473622047235
20
-5.6204281496062993
11
8.3348688188976379
21
-5.619244566929134
0
LINE
8
BLACK
6
CONTINUOUS
10
8.3348688188976379
20
-5.619244566929134
11
8.3349438976377943
21
-5.6179747637795279
0
LINE
8
BLACK
6
CONTINUOUS
10
8.3349438976377943
20
-5.6179747637795279
11
8.3349387401574795
21
-5.6176218897637797
0
LINE
8
BLACK
6
CONTINUOUS
10
8.3349387401574795
20
-5.6176218897637797
11
8.3345950000000002
21
-5.6152192519685036
0
LINE
8
BLACK
6
CONTINUOUS
10
8.3345950000000002
20
-5.6152192519685036
11
8.3337633858267708
21
-5.6132645275590551
0
LINE
8
BLACK
6
CONTINUOUS
10
8.3337633858267708
20
-5.6132645275590551
11
8.3331733858267718
21
-5.6124360236220472
0
LINE
8
BLACK
6
CONTINUOUS
10
8.3331733858267718
20
-5.6124360236220472
11
8.3324629921259845
21
-5.6116989763779523
0
LINE
8
BLACK
6
CONTINUOUS
10
8.3324629921259845
20
-5.6116989763779523
11
8.3316050393700785
21
-5.6110381102362208
0
LINE
8
BLACK
6
CONTINUOUS
10
8.3316050393700785
20
-5.6110381102362208
11
8.330624763779527
21
-5.6104840944881884
0
LINE
8
BLACK
6
CONTINUOUS
10
8.330624763779527
20
-5.6104840944881884
11
8.3294551181102356
21
-5.6100161023622048
0
LINE
8
BLACK
6
CONTINUOUS
10
8.3294551181102356
20
-5.6100161023622048
11
8.328152716535433
21
-5.6096731889763776
0
LINE
8
BLACK
6
CONTINUOUS
10
8.328152716535433
20
-5.6096731889763776
11
8.3266210629921265
21
-5.6094485826771656
0
LINE
8
BLACK
6
CONTINUOUS
10
8.3266210629921265
20
-5.6094485826771656
11
8.3249492913385819
21
-5.6093731496062995
0
LINE
8
BLACK
6
CONTINUOUS
10
8.3249492913385819
20
-5.6093731496062995
11
8.3215138976377947
21
-5.6096621259842516
0
LINE
8
BLACK
6
CONTINUOUS
10
8.3215138976377947
20
-5.6096621259842516
11
8.3189964173228343
21
-5.6103544881889764
0
LINE
8
BLACK
6
CONTINUOUS
10
8.3189964173228343
20
-5.6103544881889764
11
8.318767874015748
21
-5.6104337401574798
0
LINE
8
BLACK
6
CONTINUOUS
10
8.318767874015748
20
-5.6104337401574798
11
8.3187150787401567
21
-5.610444251968504
0
LINE
8
BLACK
6
CONTINUOUS
10
8.3187150787401567
20
-5.610444251968504
11
8.3182863779527558
21
-5.610469724409449
0
LINE
8
BLACK
6
CONTINUOUS
10
8.3182863779527558
20
-5.610469724409449
11
8.3182066141732278
21
-5.6104579527559055
0
LINE
8
BLACK
6
CONTINUOUS
10
8.3182066141732278
20
-5.6104579527559055
11
8.3177666141732285
21
-5.6102957874015749
0
LINE
8
BLACK
6
CONTINUOUS
10
8.3177666141732285
20
-5.6102957874015749
11
8.3177324409448818
21
-5.6102792913385828
0
LINE
8
BLACK
6
CONTINUOUS
10
8.3177324409448818
20
-5.6102792913385828
11
8.3167396062992118
21
-5.6096759055118106
0
LINE
8
BLACK
6
CONTINUOUS
10
8.3167396062992118
20
-5.6096759055118106
11
8.3167266929133863
21
-5.6096673228346452
0
LINE
8
BLACK
6
CONTINUOUS
10
8.3167266929133863
20
-5.6096673228346452
11
8.3165096062992117
21
-5.6095107086614169
0
LINE
8
BLACK
6
CONTINUOUS
10
8.3165096062992117
20
-5.6095107086614169
11
8.3164627952755907
21
-5.609462952755905
0
LINE
8
BLACK
6
CONTINUOUS
10
8.3164627952755907
20
-5.609462952755905
11
8.3162095275590548
21
-5.6090963779527554
0
LINE
8
BLACK
6
CONTINUOUS
10
8.3162095275590548
20
-5.6090963779527554
11
8.3161774409448821
21
-5.6090175984251971
0
LINE
8
BLACK
6
CONTINUOUS
10
8.3161774409448821
20
-5.6090175984251971
11
8.3160972834645666
21
-5.608547952755905
0
LINE
8
BLACK
6
CONTINUOUS
10
8.3160972834645666
20
-5.608547952755905
11
8.3160944881889769
21
-5.6085148425196847
0
LINE
8
BLACK
6
CONTINUOUS
10
8.3160944881889769
20
-5.6085148425196847
11
8.3160944881889769
21
-5.5918481496062995
0
LINE
8
BLACK
6
CONTINUOUS
10
8.3160944881889769
20
-5.5918481496062995
11
8.3161044488188978
21
-5.5917862992125986
0
LINE
8
BLACK
6
CONTINUOUS
10
8.3161044488188978
20
-5.5917862992125986
11
8.3162859055118101
21
-5.5912381102362207
0
LINE
8
BLACK
6
CONTINUOUS
10
8.3162859055118101
20
-5.5912381102362207
11
8.3163546850393697
21
-5.5911424803149607
0
LINE
8
BLACK
6
CONTINUOUS
10
8.3163546850393697
20
-5.5911424803149607
11
8.3166287007874011
21
-5.5909370078740155
0
LINE
8
BLACK
6
CONTINUOUS
10
8.3166287007874011
20
-5.5909370078740155
11
8.3167087007874017
21
-5.5909013779527559
0
LINE
8
BLACK
6
CONTINUOUS
10
8.3167087007874017
20
-5.5909013779527559
11
8.3170801968503927
21
-5.5908280708661415
0
LINE
8
BLACK
6
CONTINUOUS
10
8.3170801968503927
20
-5.5908280708661415
11
8.3171183070866146
21
-5.5908243307086609
0
LINE
8
BLACK
6
CONTINUOUS
10
8.3171183070866146
20
-5.5908243307086609
11
8.3359677952755895
21
-5.5908243307086609
0
LINE
8
BLACK
6
CONTINUOUS
10
8.3359677952755895
20
-5.5908243307086609
11
8.3360292519685029
21
-5.5908341732283464
0
LINE
8
BLACK
6
CONTINUOUS
10
8.3482990944881887
20
-5.6042194488188972
11
8.3488463385826766
21
-5.6043993307086613
0
LINE
8
BLACK
6
CONTINUOUS
10
8.3488463385826766
20
-5.6043993307086613
11
8.3489422440944878
21
-5.6044680314960624
0
LINE
8
BLACK
6
CONTINUOUS
10
8.3489422440944878
20
-5.6044680314960624
11
8.349148543307086
21
-5.6047424409448814
0
LINE
8
BLACK
6
CONTINUOUS
10
8.349148543307086
20
-5.6047424409448814
11
8.3491843307086615
21
-5.6048226771653544
0
LINE
8
BLACK
6
CONTINUOUS
10
8.3491843307086615
20
-5.6048226771653544
11
8.3492577559055121
21
-5.6051953543307089
0
LINE
8
BLACK
6
CONTINUOUS
10
8.3492577559055121
20
-5.6051953543307089
11
8.3492614566929131
21
-5.6052334251968503
0
LINE
8
BLACK
6
CONTINUOUS
10
8.3492614566929131
20
-5.6052334251968503
11
8.3492614566929131
21
-5.6177360236220473
0
LINE
8
BLACK
6
CONTINUOUS
10
8.3492614566929131
20
-5.6177360236220473
11
8.3494256692913389
21
-5.6198072047244096
0
LINE
8
BLACK
6
CONTINUOUS
10
8.3494256692913389
20
-5.6198072047244096
11
8.3500870472440951
21
-5.6220942519685035
0
LINE
8
BLACK
6
CONTINUOUS
10
8.3500870472440951
20
-5.6220942519685035
11
8.3511701574803148
21
-5.6238851181102358
0
LINE
8
BLACK
6
CONTINUOUS
10
8.3511701574803148
20
-5.6238851181102358
11
8.3526229133858259
21
-5.6251985039370078
0
LINE
8
BLACK
6
CONTINUOUS
10
8.3526229133858259
20
-5.6251985039370078
11
8.3534719291338586
21
-5.6256692913385828
0
LINE
8
BLACK
6
CONTINUOUS
10
8.3534719291338586
20
-5.6256692913385828
11
8.3544111811023622
21
-5.626017204724409
0
LINE
8
BLACK
6
CONTINUOUS
10
8.3544111811023622
20
-5.626017204724409
11
8.355447165354331
21
-5.6262347244094491
0
LINE
8
BLACK
6
CONTINUOUS
10
8.355447165354331
20
-5.6262347244094491
11
8.3565616929133864
21
-5.6263087795275588
0
LINE
8
BLACK
6
CONTINUOUS
10
8.3565616929133864
20
-5.6263087795275588
11
8.3577431102362194
21
-5.6262218110236217
0
LINE
8
BLACK
6
CONTINUOUS
10
8.3577431102362194
20
-5.6262218110236217
11
8.3588625196850384
21
-5.625985472440945
0
LINE
8
BLACK
6
CONTINUOUS
10
8.3588625196850384
20
-5.625985472440945
11
8.3598760629921252
21
-5.6256162204724411
0
LINE
8
BLACK
6
CONTINUOUS
10
8.3598760629921252
20
-5.6256162204724411
11
8.3608437795275581
21
-5.6250924015748032
0
LINE
8
BLACK
6
CONTINUOUS
10
8.3608437795275581
20
-5.6250924015748032
11
8.3616935826771659
21
-5.6244533464566926
0
LINE
8
BLACK
6
CONTINUOUS
10
8.3616935826771659
20
-5.6244533464566926
11
8.3624829133858274
21
-5.6236521259842522
0
LINE
8
BLACK
6
CONTINUOUS
10
8.3624829133858274
20
-5.6236521259842522
11
8.3631365748031499
21
-5.6227603937007871
0
LINE
8
BLACK
6
CONTINUOUS
10
8.3631365748031499
20
-5.6227603937007871
11
8.3636823228346451
21
-5.6217416929133854
0
LINE
8
BLACK
6
CONTINUOUS
10
8.3636823228346451
20
-5.6217416929133854
11
8.3640742125984247
21
-5.6206817322834643
0
LINE
8
BLACK
6
CONTINUOUS
10
8.3640742125984247
20
-5.6206817322834643
11
8.3644118110236221
21
-5.6185002362204726
0
LINE
8
BLACK
6
CONTINUOUS
10
8.3644118110236221
20
-5.6185002362204726
11
8.3644118110236221
21
-5.6052334251968503
0
LINE
8
BLACK
6
CONTINUOUS
10
8.3644118110236221
20
-5.6052334251968503
11
8.3644217716535429
21
-5.6051715748031494
0
LINE
8
BLACK
6
CONTINUOUS
10
8.3644217716535429
20
-5.6051715748031494
11
8.3646031889763783
21
-5.6046233858267716
0
LINE
8
BLACK
6
CONTINUOUS
10
8.3646031889763783
20
-5.6046233858267716
11
8.3646719685039361
21
-5.6045277559055116
0
LINE
8
BLACK
6
CONTINUOUS
10
8.3646719685039361
20
-5.6045277559055116
11
8.3649459842519676
21
-5.6043222834645672
0
LINE
8
BLACK
6
CONTINUOUS
10
8.3649459842519676
20
-5.6043222834645672
11
8.3650259842519681
21
-5.6042866535433067
0
LINE
8
BLACK
6
CONTINUOUS
10
8.3650259842519681
20
-5.6042866535433067
11
8.3653974803149609
21
-5.6042133464566932
0
LINE
8
BLACK
6
CONTINUOUS
10
8.3653974803149609
20
-5.6042133464566932
11
8.365435590551181
21
-5.6042096062992126
0
LINE
8
BLACK
6
CONTINUOUS
10
8.365435590551181
20
-5.6042096062992126
11
8.3676953543307082
21
-5.6042096062992126
0
LINE
8
BLACK
6
CONTINUOUS
10
8.3676953543307082
20
-5.6042096062992126
11
8.3677572834645666
21
-5.6042196062992122
0
LINE
8
BLACK
6
CONTINUOUS
10
8.3677572834645666
20
-5.6042196062992122
11
8.3683054330708657
21
-5.6044012598425192
0
LINE
8
BLACK
6
CONTINUOUS
10
8.3683054330708657
20
-5.6044012598425192
11
8.3684011417322832
21
-5.6044701968503938
0
LINE
8
BLACK
6
CONTINUOUS
10
8.3684011417322832
20
-5.6044701968503938
11
8.3686066141732276
21
-5.6047449212598428
0
LINE
8
BLACK
6
CONTINUOUS
10
8.3686066141732276
20
-5.6047449212598428
11
8.3686421259842518
21
-5.6048248818897637
0
LINE
8
BLACK
6
CONTINUOUS
10
8.3686421259842518
20
-5.6048248818897637
11
8.3687154330708662
21
-5.6051978740157482
0
LINE
8
BLACK
6
CONTINUOUS
10
8.3687154330708662
20
-5.6051978740157482
11
8.3687191338582672
21
-5.6052358267716533
0
LINE
8
BLACK
6
CONTINUOUS
10
8.3687191338582672
20
-5.6052358267716533
11
8.3687191338582672
21
-5.6289653937007875
0
LINE
8
BLACK
6
CONTINUOUS
10
8.3687191338582672
20
-5.6289653937007875
11
8.3687092913385825
21
-5.6290268503937009
0
LINE
8
BLACK
6
CONTINUOUS
10
8.3687092913385825
20
-5.6290268503937009
11
8.3685294488188973
21
-5.6295740944881887
0
LINE
8
BLACK
6
CONTINUOUS
10
8.3685294488188973
20
-5.6295740944881887
11
8.3684607086614164
21
-5.62967
0
LINE
8
BLACK
6
CONTINUOUS
10
8.3684607086614164
20
-5.62967
11
8.3681862992125975
21
-5.6298762598425194
0
LINE
8
BLACK
6
CONTINUOUS
10
8.3681862992125975
20
-5.6298762598425194
11
8.368106102362205
21
-5.629912047244094
0
LINE
8
BLACK
6
CONTINUOUS
10
8.368106102362205
20
-5.629912047244094
11
8.3677334251968496
21
-5.6299855118110234
0
LINE
8
BLACK
6
CONTINUOUS
10
8.3677334251968496
20
-5.6299855118110234
11
8.3676953543307082
21
-5.6299892125984252
0
LINE
8
BLACK
6
CONTINUOUS
10
8.3676953543307082
20
-5.6299892125984252
11
8.3659308267716526
21
-5.6299892125984252
0
LINE
8
BLACK
6
CONTINUOUS
10
8.3659308267716526
20
-5.6299892125984252
11
8.3658692125984242
21
-5.629979330708661
0
LINE
8
BLACK
6
CONTINUOUS
10
8.3658692125984242
20
-5.629979330708661
11
8.3653210236220463
21
-5.6297986614173228
0
LINE
8
BLACK
6
CONTINUOUS
10
8.3653210236220463
20
-5.6297986614173228
11
8.3652251968503943
21
-5.6297298818897641
0
LINE
8
BLACK
6
CONTINUOUS
10
8.3652251968503943
20
-5.6297298818897641
11
8.3650197244094482
21
-5.629456141732283
0
LINE
8
BLACK
6
CONTINUOUS
10
8.3650197244094482
20
-5.629456141732283
11
8.364984015748032
21
-5.6293759448818896
0
LINE
8
BLACK
6
CONTINUOUS
10
8.364984015748032
20
-5.6293759448818896
11
8.3649107086614176
21
-5.6290033858267714
0
LINE
8
BLACK
6
CONTINUOUS
10
8.3649107086614176
20
-5.6290033858267714
11
8.3649070866141724
21
-5.6289714173228349
0
LINE
8
BLACK
6
CONTINUOUS
10
8.3649070866141724
20
-5.6289714173228349
11
8.3648165354330715
21
-5.626012244094488
0
LINE
8
BLACK
6
CONTINUOUS
10
8.3648165354330715
20
-5.626012244094488
11
8.3647283464566922
21
-5.6261555511811023
0
LINE
8
BLACK
6
CONTINUOUS
10
8.3647283464566922
20
-5.6261555511811023
11
8.3647075590551179
21
-5.6261834645669291
0
LINE
8
BLACK
6
CONTINUOUS
10
8.3647075590551179
20
-5.6261834645669291
11
8.3631512598425193
21
-5.6279266929133858
0
LINE
8
BLACK
6
CONTINUOUS
10
8.3631512598425193
20
-5.6279266929133858
11
8.3631140944881892
21
-5.6279590551181098
0
LINE
8
BLACK
6
CONTINUOUS
10
8.3631140944881892
20
-5.6279590551181098
11
8.3611313385826769
21
-5.6292896062992126
0
LINE
8
BLACK
6
CONTINUOUS
10
8.3611313385826769
20
-5.6292896062992126
11
8.3610886220472445
21
-5.6293112598425195
0
LINE
8
BLACK
6
CONTINUOUS
10
8.3610886220472445
20
-5.6293112598425195
11
8.3587746456692908
21
-5.6301484645669291
0
LINE
8
BLACK
6
CONTINUOUS
10
8.3587746456692908
20
-5.6301484645669291
11
8.3587296456692908
21
-5.6301589763779525
0
LINE
8
BLACK
6
CONTINUOUS
10
8.3587296456692908
20
-5.6301589763779525
11
8.35614220472441
21
-5.6304495275590547
0
LINE
8
BLACK
6
CONTINUOUS
10
8.35614220472441
20
-5.6304495275590547
11
8.3561042125984244
21
-5.6304500787401572
0
LINE
8
BLACK
6
CONTINUOUS
10
8.3561042125984244
20
-5.6304500787401572
11
8.3539858267716536
21
-5.6302772047244094
0
LINE
8
BLACK
6
CONTINUOUS
10
8.3539858267716536
20
-5.6302772047244094
11
8.3539580708661418
21
-5.630272952755905
0
LINE
8
BLACK
6
CONTINUOUS
10
8.3539580708661418
20
-5.630272952755905
11
8.3526769685039373
21
-5.6299808267716536
0
LINE
8
BLACK
6
CONTINUOUS
10
8.3526769685039373
20
-5.6299808267716536
11
8.3526546456692916
21
-5.6299743307086612
0
LINE
8
BLACK
6
CONTINUOUS
10
8.3526546456692916
20
-5.6299743307086612
11
8.3514550787401571
21
-5.6295466929133857
0
LINE
8
BLACK
6
CONTINUOUS
10
8.3514550787401571
20
-5.6295466929133857
11
8.351432992125984
21
-5.6295372440944877
0
LINE
8
BLACK
6
CONTINUOUS
10
8.351432992125984
20
-5.6295372440944877
11
8.3503214173228351
21
-5.6289801181102357
0
LINE
8
BLACK
6
CONTINUOUS
10
8.3503214173228351
20
-5.6289801181102357
11
8.3503001968503927
21
-5.6289677559055118
0
LINE
8
BLACK
6
CONTINUOUS
10
8.3503001968503927
20
-5.6289677559055118
11
8.349280354330709
21
-5.6282858661417325
0
LINE
8
BLACK
6
CONTINUOUS
10
8.349280354330709
20
-5.6282858661417325
11
8.3492606299212593
21
-5.6282708267716535
0
LINE
8
BLACK
6
CONTINUOUS
10
8.3492606299212593
20
-5.6282708267716535
11
8.3483320472440941
21
-5.6274637795275586
0
LINE
8
BLACK
6
CONTINUOUS
10
8.3483320472440941
20
-5.6274637795275586
11
8.3483144488188969
21
-5.6274464173228349
0
LINE
8
BLACK
6
CONTINUOUS
10
8.3483144488188969
20
-5.6274464173228349
11
8.3474893700787405
21
-5.6265235826771649
0
LINE
8
BLACK
6
CONTINUOUS
10
8.3474893700787405
20
-5.6265235826771649
11
8.347474251968503
21
-5.6265043700787398
0
LINE
8
BLACK
6
CONTINUOUS
10
8.347474251968503
20
-5.6265043700787398
11
8.3467496456692913
21
-5.6254573228346452
0
LINE
8
BLACK
6
CONTINUOUS
10
8.3467496456692913
20
-5.6254573228346452
11
8.3467372834645666
21
-5.6254369685039372
0
LINE
8
BLACK
6
CONTINUOUS
10
8.3467372834645666
20
-5.6254369685039372
11
8.3461297244094492
21
-5.6242820866141727
0
LINE
8
BLACK
6
CONTINUOUS
10
8.3461297244094492
20
-5.6242820866141727
11
8.3461202362204716
21
-5.6242611417322834
0
LINE
8
BLACK
6
CONTINUOUS
10
8.3461202362204716
20
-5.6242611417322834
11
8.3456287401574798
21
-5.6229840157480311
0
LINE
8
BLACK
6
CONTINUOUS
10
8.3456287401574798
20
-5.6229840157480311
11
8.3456219685039361
21
-5.622963031496063
0
LINE
8
BLACK
6
CONTINUOUS
10
8.3456219685039361
20
-5.622963031496063
11
8.3452625590551186
21
-5.6215861417322834
0
LINE
8
BLACK
6
CONTINUOUS
10
8.3452625590551186
20
-5.6215861417322834
11
8.3452583464566921
21
-5.6215655905511808
0
LINE
8
BLACK
6
CONTINUOUS
10
8.3452583464566921
20
-5.6215655905511808
11
8.3450346062992118
21
-5.6200727559055119
0
LINE
8
BLACK
6
CONTINUOUS
10
8.3450346062992118
20
-5.6200727559055119
11
8.3450326771653547
21
-5.6200530314960631
0
LINE
8
BLACK
6
CONTINUOUS
10
8.3450326771653547
20
-5.6200530314960631
11
8.3449567322834639
21
-5.6184694881889765
0
LINE
8
BLACK
6
CONTINUOUS
10
8.3449567322834639
20
-5.6184694881889765
11
8.3449564960629914
21
-5.6184600393700785
0
LINE
8
BLACK
6
CONTINUOUS
10
8.3449564960629914
20
-5.6184600393700785
11
8.3449564960629914
21
-5.6052334251968503
0
LINE
8
BLACK
6
CONTINUOUS
10
8.3449564960629914
20
-5.6052334251968503
11
8.3449663779527565
21
-5.6051718897637794
0
LINE
8
BLACK
6
CONTINUOUS
10
8.3449663779527565
20
-5.6051718897637794
11
8.3451468110236213
21
-5.6046237007874016
0
LINE
8
BLACK
6
CONTINUOUS
10
8.3451468110236213
20
-5.6046237007874016
11
8.3452154330708659
21
-5.6045279527559053
0
LINE
8
BLACK
6
CONTINUOUS
10
8.3452154330708659
20
-5.6045279527559053
11
8.3454885039370073
21
-5.6043224803149609
0
LINE
8
BLACK
6
CONTINUOUS
10
8.3454885039370073
20
-5.6043224803149609
11
8.3455687007874015
21
-5.6042866535433067
0
LINE
8
BLACK
6
CONTINUOUS
10
8.3455687007874015
20
-5.6042866535433067
11
8.3459397637795281
21
-5.6042133464566932
0
LINE
8
BLACK
6
CONTINUOUS
10
8.3459397637795281
20
-5.6042133464566932
11
8.345977913385827
21
-5.6042096062992126
0
LINE
8
BLACK
6
CONTINUOUS
10
8.345977913385827
20
-5.6042096062992126
11
8.3482376377952754
21
-5.6042096062992126
0
LINE
8
BLACK
6
CONTINUOUS
10
8.3482376377952754
20
-5.6042096062992126
11
8.3482990944881887
21
-5.6042194488188972
0
LINE
8
BLACK
6
CONTINUOUS
10
6.8461122047244096
20
-5.5848625196850392
11
6.8461122834645671
21
-5.5848626377952755
0
LINE
8
BLACK
6
CONTINUOUS
10
6.8461122834645671
20
-5.5848626377952755
11
6.8461122047244096
21
-5.5856301574803151
0
LINE
8
BLACK
6
CONTINUOUS
10
6.8461122047244096
20
-5.5856301574803151
11
6.8461141732283464
21
-5.5856301574803151
0
LINE
8
BLACK
6
CONTINUOUS
10
6.8461141732283464
20
-5.5856301574803151
11
6.8466758267716532
21
-5.5920564960629919
0
LINE
8
BLACK
6
CONTINUOUS
10
6.8466758267716532
20
-5.5920564960629919
11
6.8483449212598426
21
-5.5982876377952753
0
LINE
8
BLACK
6
CONTINUOUS
10
6.8483449212598426
20
-5.5982876377952753
11
6.8510708267716538
21
-5.6041342125984253
0
LINE
8
BLACK
6
CONTINUOUS
10
6.8510708267716538
20
-5.6041342125984253
11
6.8547706692913382
21
-5.609418582677165
0
LINE
8
BLACK
6
CONTINUOUS
10
6.8547706692913382
20
-5.609418582677165
11
6.8593319685039367
21
-5.613980118110236
0
LINE
8
BLACK
6
CONTINUOUS
10
6.8593319685039367
20
-5.613980118110236
11
6.8646161417322835
21
-5.6176801968503938
0
LINE
8
BLACK
6
CONTINUOUS
10
6.8646161417322835
20
-5.6176801968503938
11
6.8704625984251964
21
-5.6204063779527562
0
LINE
8
BLACK
6
CONTINUOUS
10
6.8704625984251964
20
-5.6204063779527562
11
6.8766936614173231
21
-5.6220758267716535
0
LINE
8
BLACK
6
CONTINUOUS
10
6.8766936614173231
20
-5.6220758267716535
11
6.8831199606299212
21
-5.6226377952755904
0
LINE
8
BLACK
6
CONTINUOUS
10
6.8831199606299212
20
-5.6226377952755904
11
6.8838874803149608
21
-5.6226377559055116
0
LINE
8
BLACK
6
CONTINUOUS
10
6.8838874803149608
20
-5.6226377559055116
11
6.8838875196850395
21
-5.6226377952755904
0
LINE
8
BLACK
6
CONTINUOUS
10
6.8838875196850395
20
-5.6226377952755904
11
7.5360380314960631
21
-5.6226377952755904
0
LINE
8
BLACK
6
CONTINUOUS
10
7.5360380314960631
20
-5.6226377952755904
11
7.5367863385826768
21
-5.6273622047244096
0
LINE
8
BLACK
6
CONTINUOUS
10
7.5367863385826768
20
-5.6273622047244096
11
6.8831201968503937
21
-5.6273622047244096
0
LINE
8
BLACK
6
CONTINUOUS
10
6.8831201968503937
20
-5.6273622047244096
11
6.8794690944881891
21
-5.6273623622047246
0
LINE
8
BLACK
6
CONTINUOUS
10
6.8794690944881891
20
-5.6273623622047246
11
6.8722777559055119
21
-5.6260946062992128
0
LINE
8
BLACK
6
CONTINUOUS
10
6.8722777559055119
20
-5.6260946062992128
11
6.8654159055118109
21
-5.6235972047244092
0
LINE
8
BLACK
6
CONTINUOUS
10
6.8654159055118109
20
-5.6235972047244092
11
6.8590920078740156
21
-5.6199461023622046
0
LINE
8
BLACK
6
CONTINUOUS
10
6.8590920078740156
20
-5.6199461023622046
11
6.8534982677165353
21
-5.6152522440944876
0
LINE
8
BLACK
6
CONTINUOUS
10
6.8534982677165353
20
-5.6152522440944876
11
6.8488046850393696
21
-5.6096582677165356
0
LINE
8
BLACK
6
CONTINUOUS
10
6.8488046850393696
20
-5.6096582677165356
11
6.845153897637795
21
-5.6033341732283466
0
LINE
8
BLACK
6
CONTINUOUS
10
6.845153897637795
20
-5.6033341732283466
11
6.8426568503937002
21
-5.5964721653543306
0
LINE
8
BLACK
6
CONTINUOUS
10
6.8426568503937002
20
-5.5964721653543306
11
6.8413894094488183
21
-5.5892807874015746
0
LINE
8
BLACK
6
CONTINUOUS
10
6.8413894094488183
20
-5.5892807874015746
11
6.8413897244094484
21
-5.585639803149606
0
LINE
8
BLACK
6
CONTINUOUS
10
6.8413897244094484
20
-5.585639803149606
11
6.8413877952755904
21
-5.5856299212598426
0
LINE
8
BLACK
6
CONTINUOUS
10
6.8413877952755904
20
-5.5856299212598426
11
6.8413877952755904
21
-5.565831929133858
0
LINE
8
BLACK
6
CONTINUOUS
10
6.8413877952755904
20
-5.565831929133858
11
6.8461122047244096
21
-5.565831929133858
0
LINE
8
BLACK
6
CONTINUOUS
10
6.8461122047244096
20
-5.565831929133858
11
6.8461122047244096
21
-5.5848625196850392
0
LINE
8
BLACK
6
CONTINUOUS
10
9.4117863385826777
20
-5.6273622047244096
11
8.9757136614173234
21
-5.6273622047244096
0
LINE
8
BLACK
6
CONTINUOUS
10
8.9757136614173234
20
-5.6273622047244096
11
8.9764619685039371
21
-5.6226377952755904
0
LINE
8
BLACK
6
CONTINUOUS
10
8.9764619685039371
20
-5.6226377952755904
11
9.4110380314960622
21
-5.6226377952755904
0
LINE
8
BLACK
6
CONTINUOUS
10
9.4110380314960622
20
-5.6226377952755904
11
9.4117863385826777
21
-5.6273622047244096
0
LINE
8
BLACK
6
CONTINUOUS
10
9.8461122047244096
20
-5.584862401574803
11
9.8461122047244096
21
-5.5856299212598426
0
LINE
8
BLACK
6
CONTINUOUS
10
9.8461122047244096
20
-5.5856299212598426
11
9.8461122047244096
21
-5.5892809842519684
0
LINE
8
BLACK
6
CONTINUOUS
10
9.8461122047244096
20
-5.5892809842519684
11
9.8448441732283456
21
-5.5964721259842518
0
LINE
8
BLACK
6
CONTINUOUS
10
9.8448441732283456
20
-5.5964721259842518
11
9.8423466141732288
21
-5.6033338188976378
0
LINE
8
BLACK
6
CONTINUOUS
10
9.8423466141732288
20
-5.6033338188976378
11
9.8386954724409446
21
-5.6096575590551181
0
LINE
8
BLACK
6
CONTINUOUS
10
9.8386954724409446
20
-5.6096575590551181
11
9.8340016535433072
21
-5.6152511811023622
0
LINE
8
BLACK
6
CONTINUOUS
10
9.8340016535433072
20
-5.6152511811023622
11
9.8284077952755897
21
-5.6199447244094483
0
LINE
8
BLACK
6
CONTINUOUS
10
9.8284077952755897
20
-5.6199447244094483
11
9.8220838976377944
21
-5.6235955511811024
0
LINE
8
BLACK
6
CONTINUOUS
10
9.8220838976377944
20
-5.6235955511811024
11
9.8152220472440934
21
-5.6260927559055114
0
LINE
8
BLACK
6
CONTINUOUS
10
9.8152220472440934
20
-5.6260927559055114
11
9.8080308661417313
21
-5.6273604330708658
0
LINE
8
BLACK
6
CONTINUOUS
10
9.8080308661417313
20
-5.6273604330708658
11
9.804389803149606
21
-5.627360236220472
0
LINE
8
BLACK
6
CONTINUOUS
10
9.804389803149606
20
-5.627360236220472
11
9.8043799212598426
21
-5.6273622047244096
0
LINE
8
BLACK
6
CONTINUOUS
10
9.8043799212598426
20
-5.6273622047244096
11
9.8043798031496063
21
-5.6273622047244096
0
LINE
8
BLACK
6
CONTINUOUS
10
9.8043798031496063
20
-5.6273622047244096
11
9.5382136614173234
21
-5.6273622047244096
0
LINE
8
BLACK
6
CONTINUOUS
10
9.5382136614173234
20
-5.6273622047244096
11
9.5389619685039371
21
-5.6226377952755904
0
LINE
8
BLACK
6
CONTINUOUS
10
9.5389619685039371
20
-5.6226377952755904
11
9.8036124803149605
21
-5.6226377952755904
0
LINE
8
BLACK
6
CONTINUOUS
10
9.8036124803149605
20
-5.6226377952755904
11
9.8036125196850392
21
-5.6226377559055116
0
LINE
8
BLACK
6
CONTINUOUS
10
9.8036125196850392
20
-5.6226377559055116
11
9.8043800393700788
21
-5.6226377952755904
0
LINE
8
BLACK
6
CONTINUOUS
10
9.8043800393700788
20
-5.6226377952755904
11
9.8043800393700788
21
-5.6226358267716536
0
LINE
8
BLACK
6
CONTINUOUS
10
9.8043800393700788
20
-5.6226358267716536
11
9.8108062598425203
21
-5.6220738976377955
0
LINE
8
BLACK
6
CONTINUOUS
10
9.8108062598425203
20
-5.6220738976377955
11
9.8170372834645665
21
-5.6204046062992123
0
LINE
8
BLACK
6
CONTINUOUS
10
9.8170372834645665
20
-5.6204046062992123
11
9.8228837795275581
21
-5.6176785826771649
0
LINE
8
BLACK
6
CONTINUOUS
10
9.8228837795275581
20
-5.6176785826771649
11
9.8281680314960624
21
-5.6139787401574806
0
LINE
8
BLACK
6
CONTINUOUS
10
9.8281680314960624
20
-5.6139787401574806
11
9.8327295275590547
21
-5.6094174803149608
0
LINE
8
BLACK
6
CONTINUOUS
10
9.8327295275590547
20
-5.6094174803149608
11
9.8364296456692912
21
-5.6041334251968502
0
LINE
8
BLACK
6
CONTINUOUS
10
9.8364296456692912
20
-5.6041334251968502
11
9.8391559448818899
21
-5.5982870866141727
0
LINE
8
BLACK
6
CONTINUOUS
10
9.8391559448818899
20
-5.5982870866141727
11
9.8408255511811014
21
-5.5920561417322832
0
LINE
8
BLACK
6
CONTINUOUS
10
9.8408255511811014
20
-5.5920561417322832
11
9.8413877952755904
21
-5.5856299212598426
0
LINE
8
BLACK
6
CONTINUOUS
10
9.8413877952755904
20
-5.5856299212598426
11
9.8413877952755904
21
-5.584862401574803
0
LINE
8
BLACK
6
CONTINUOUS
10
9.8413877952755904
20
-5.584862401574803
11
9.8413877952755904
21
-5.565831929133858
0
LINE
8
BLACK
6
CONTINUOUS
10
9.8413877952755904
20
-5.565831929133858
11
9.8461122047244096
21
-5.565831929133858
0
LINE
8
BLACK
6
CONTINUOUS
10
9.8461122047244096
20
-5.565831929133858
11
9.8461122047244096
21
-5.584862401574803
0
LINE
8
BLACK
6
CONTINUOUS
10
14.5615372834645669
20
-4.5992888582677161
11
14.5628157086614163
21
-4.6005672834645672
0
LINE
8
BLACK
6
CONTINUOUS
10
14.5628157086614163
20
-4.6005672834645672
11
14.5628157086614163
21
-4.602375236220472
0
LINE
8
BLACK
6
CONTINUOUS
10
14.5628157086614163
20
-4.602375236220472
11
14.5615372834645669
21
-4.6036536614173231
0
LINE
8
BLACK
6
CONTINUOUS
10
14.5615372834645669
20
-4.6036536614173231
11
14.5606333070866132
21
-4.6038334645669288
0
LINE
8
BLACK
6
CONTINUOUS
10
14.5606333070866132
20
-4.6038334645669288
11
14.5485355905511806
21
-4.6038334645669288
0
LINE
8
BLACK
6
CONTINUOUS
10
14.5485355905511806
20
-4.6038334645669288
11
14.5476316141732287
21
-4.6036536614173231
0
LINE
8
BLACK
6
CONTINUOUS
10
14.5476316141732287
20
-4.6036536614173231
11
14.5463531889763775
21
-4.602375236220472
0
LINE
8
BLACK
6
CONTINUOUS
10
14.5463531889763775
20
-4.602375236220472
11
14.5463531889763775
21
-4.6005672834645672
0
LINE
8
BLACK
6
CONTINUOUS
10
14.5463531889763775
20
-4.6005672834645672
11
14.5476316141732287
21
-4.5992888582677161
0
LINE
8
BLACK
6
CONTINUOUS
10
14.5476316141732287
20
-4.5992888582677161
11
14.5485355905511806
21
-4.5991090551181104
0
LINE
8
BLACK
6
CONTINUOUS
10
14.5485355905511806
20
-4.5991090551181104
11
14.5606333070866132
21
-4.5991090551181104
0
LINE
8
BLACK
6
CONTINUOUS
10
14.5606333070866132
20
-4.5991090551181104
11
14.5615372834645669
21
-4.5992888582677161
0
LINE
8
BLACK
6
CONTINUOUS
10
14.3183259842519686
20
-4.5985118503937006
11
14.319604409448818
21
-4.5997902755905509
0
LINE
8
BLACK
6
CONTINUOUS
10
14.319604409448818
20
-4.5997902755905509
11
14.319604409448818
21
-4.6015982283464565
0
LINE
8
BLACK
6
CONTINUOUS
10
14.319604409448818
20
-4.6015982283464565
11
14.3183259842519686
21
-4.6028766535433068
0
LINE
8
BLACK
6
CONTINUOUS
10
14.3183259842519686
20
-4.6028766535433068
11
14.3174220078740149
21
-4.6030564566929133
0
LINE
8
BLACK
6
CONTINUOUS
10
14.3174220078740149
20
-4.6030564566929133
11
14.3053242913385823
21
-4.6030564566929133
0
LINE
8
BLACK
6
CONTINUOUS
10
14.3053242913385823
20
-4.6030564566929133
11
14.3044203149606304
21
-4.6028766535433068
0
LINE
8
BLACK
6
CONTINUOUS
10
14.3044203149606304
20
-4.6028766535433068
11
14.3031418897637792
21
-4.6015982283464565
0
LINE
8
BLACK
6
CONTINUOUS
10
14.3031418897637792
20
-4.6015982283464565
11
14.3031418897637792
21
-4.5997902755905509
0
LINE
8
BLACK
6
CONTINUOUS
10
14.3031418897637792
20
-4.5997902755905509
11
14.3044203149606304
21
-4.5985118503937006
0
LINE
8
BLACK
6
CONTINUOUS
10
14.3044203149606304
20
-4.5985118503937006
11
14.3053242913385823
21
-4.5983320472440941
0
LINE
8
BLACK
6
CONTINUOUS
10
14.3053242913385823
20
-4.5983320472440941
11
14.3174220078740149
21
-4.5983320472440941
0
LINE
8
BLACK
6
CONTINUOUS
10
14.3174220078740149
20
-4.5983320472440941
11
14.3183259842519686
21
-4.5985118503937006
0
LINE
8
BLACK
6
CONTINUOUS
10
14.3862724015748036
20
-4.5625346850393695
11
14.3873377559055111
21
-4.5636000393700789
0
LINE
8
BLACK
6
CONTINUOUS
10
14.3873377559055111
20
-4.5636000393700789
11
14.3874875984251958
21
-4.5643533464566932
0
LINE
8
BLACK
6
CONTINUOUS
10
14.3874875984251958
20
-4.5643533464566932
11
14.3874875984251958
21
-4.5820698818897636
0
LINE
8
BLACK
6
CONTINUOUS
10
14.3874875984251958
20
-4.5820698818897636
11
14.3873377559055111
21
-4.582823188976378
0
LINE
8
BLACK
6
CONTINUOUS
10
14.3873377559055111
20
-4.582823188976378
11
14.3862724015748036
21
-4.5838885433070864
0
LINE
8
BLACK
6
CONTINUOUS
10
14.3862724015748036
20
-4.5838885433070864
11
14.3847657874015749
21
-4.5838885433070864
0
LINE
8
BLACK
6
CONTINUOUS
10
14.3847657874015749
20
-4.5838885433070864
11
14.3837004330708655
21
-4.582823188976378
0
LINE
8
BLACK
6
CONTINUOUS
10
14.3837004330708655
20
-4.582823188976378
11
14.3835505905511809
21
-4.5820698818897636
0
LINE
8
BLACK
6
CONTINUOUS
10
14.3835505905511809
20
-4.5820698818897636
11
14.3835505905511809
21
-4.5663218503937006
0
LINE
8
BLACK
6
CONTINUOUS
10
14.3835505905511809
20
-4.5663218503937006
11
14.3678025590551179
21
-4.5663218503937006
0
LINE
8
BLACK
6
CONTINUOUS
10
14.3678025590551179
20
-4.5663218503937006
11
14.3670492519685045
21
-4.566172007874016
0
LINE
8
BLACK
6
CONTINUOUS
10
14.3670492519685045
20
-4.566172007874016
11
14.3659838976377952
21
-4.5651066535433067
0
LINE
8
BLACK
6
CONTINUOUS
10
14.3659838976377952
20
-4.5651066535433067
11
14.3659838976377952
21
-4.5636000393700789
0
LINE
8
BLACK
6
CONTINUOUS
10
14.3659838976377952
20
-4.5636000393700789
11
14.3670492519685045
21
-4.5625346850393695
0
LINE
8
BLACK
6
CONTINUOUS
10
14.3670492519685045
20
-4.5625346850393695
11
14.3678025590551179
21
-4.5623848425196849
0
LINE
8
BLACK
6
CONTINUOUS
10
14.3678025590551179
20
-4.5623848425196849
11
14.3855190944881883
21
-4.5623848425196849
0
LINE
8
BLACK
6
CONTINUOUS
10
14.3855190944881883
20
-4.5623848425196849
11
14.3862724015748036
21
-4.5625346850393695
0
LINE
8
BLACK
6
CONTINUOUS
10
14.5615372834645669
20
-4.5693675984251971
11
14.5628157086614163
21
-4.5706460236220474
0
LINE
8
BLACK
6
CONTINUOUS
10
14.5628157086614163
20
-4.5706460236220474
11
14.5628157086614163
21
-4.572453976377953
0
LINE
8
BLACK
6
CONTINUOUS
10
14.5628157086614163
20
-4.572453976377953
11
14.5615372834645669
21
-4.5737324015748033
0
LINE
8
BLACK
6
CONTINUOUS
10
14.5615372834645669
20
-4.5737324015748033
11
14.5606333070866132
21
-4.573912204724409
0
LINE
8
BLACK
6
CONTINUOUS
10
14.5606333070866132
20
-4.573912204724409
11
14.5485355905511806
21
-4.573912204724409
0
LINE
8
BLACK
6
CONTINUOUS
10
14.5485355905511806
20
-4.573912204724409
11
14.5476316141732287
21
-4.5737324015748033
0
LINE
8
BLACK
6
CONTINUOUS
10
14.5476316141732287
20
-4.5737324015748033
11
14.5463531889763775
21
-4.572453976377953
0
LINE
8
BLACK
6
CONTINUOUS
10
14.5463531889763775
20
-4.572453976377953
11
14.5463531889763775
21
-4.5706460236220474
0
LINE
8
BLACK
6
CONTINUOUS
10
14.5463531889763775
20
-4.5706460236220474
11
14.5476316141732287
21
-4.5693675984251971
0
LINE
8
BLACK
6
CONTINUOUS
10
14.5476316141732287
20
-4.5693675984251971
11
14.5485355905511806
21
-4.5691877952755906
0
LINE
8
BLACK
6
CONTINUOUS
10
14.5485355905511806
20
-4.5691877952755906
11
14.5606333070866132
21
-4.5691877952755906
0
LINE
8
BLACK
6
CONTINUOUS
10
14.5606333070866132
20
-4.5691877952755906
11
14.5615372834645669
21
-4.5693675984251971
0
LINE
8
BLACK
6
CONTINUOUS
10
14.3183259842519686
20
-4.5685905905511808
11
14.319604409448818
21
-4.5698690157480311
0
LINE
8
BLACK
6
CONTINUOUS
10
14.319604409448818
20
-4.5698690157480311
11
14.319604409448818
21
-4.5716769685039367
0
LINE
8
BLACK
6
CONTINUOUS
10
14.319604409448818
20
-4.5716769685039367
11
14.3183259842519686
21
-4.572955393700787
0
LINE
8
BLACK
6
CONTINUOUS
10
14.3183259842519686
20
-4.572955393700787
11
14.3174220078740149
21
-4.5731351968503935
0
LINE
8
BLACK
6
CONTINUOUS
10
14.3174220078740149
20
-4.5731351968503935
11
14.3053242913385823
21
-4.5731351968503935
0
LINE
8
BLACK
6
CONTINUOUS
10
14.3053242913385823
20
-4.5731351968503935
11
14.3044203149606304
21
-4.572955393700787
0
LINE
8
BLACK
6
CONTINUOUS
10
14.3044203149606304
20
-4.572955393700787
11
14.3031418897637792
21
-4.5716769685039367
0
LINE
8
BLACK
6
CONTINUOUS
10
14.3031418897637792
20
-4.5716769685039367
11
14.3031418897637792
21
-4.5698690157480311
0
LINE
8
BLACK
6
CONTINUOUS
10
14.3031418897637792
20
-4.5698690157480311
11
14.3044203149606304
21
-4.5685905905511808
0
LINE
8
BLACK
6
CONTINUOUS
10
14.3044203149606304
20
-4.5685905905511808
11
14.3053242913385823
21
-4.5684107874015751
0
LINE
8
BLACK
6
CONTINUOUS
10
14.3053242913385823
20
-4.5684107874015751
11
14.3174220078740149
21
-4.5684107874015751
0
LINE
8
BLACK
6
CONTINUOUS
10
14.3174220078740149
20
-4.5684107874015751
11
14.3183259842519686
21
-4.5685905905511808
0
LINE
8
BLACK
6
CONTINUOUS
10
14.4770681889763768
20
-4.5426348425196847
11
14.4772180314960632
21
-4.5433881496062991
0
LINE
8
BLACK
6
CONTINUOUS
10
14.4772180314960632
20
-4.5433881496062991
11
14.4772180314960632
21
-4.5591361811023621
0
LINE
8
BLACK
6
CONTINUOUS
10
14.4772180314960632
20
-4.5591361811023621
11
14.4929660629921262
21
-4.5591361811023621
0
LINE
8
BLACK
6
CONTINUOUS
10
14.4929660629921262
20
-4.5591361811023621
11
14.4937193700787397
21
-4.5592860236220467
0
LINE
8
BLACK
6
CONTINUOUS
10
14.4937193700787397
20
-4.5592860236220467
11
14.494784724409449
21
-4.560351377952756
0
LINE
8
BLACK
6
CONTINUOUS
10
14.494784724409449
20
-4.560351377952756
11
14.494784724409449
21
-4.5618579921259839
0
LINE
8
BLACK
6
CONTINUOUS
10
14.494784724409449
20
-4.5618579921259839
11
14.4937193700787397
21
-4.5629233464566932
0
LINE
8
BLACK
6
CONTINUOUS
10
14.4937193700787397
20
-4.5629233464566932
11
14.4929660629921262
21
-4.5630731889763778
0
LINE
8
BLACK
6
CONTINUOUS
10
14.4929660629921262
20
-4.5630731889763778
11
14.475249527559054
21
-4.5630731889763778
0
LINE
8
BLACK
6
CONTINUOUS
10
14.475249527559054
20
-4.5630731889763778
11
14.4744962204724406
21
-4.5629233464566932
0
LINE
8
BLACK
6
CONTINUOUS
10
14.4744962204724406
20
-4.5629233464566932
11
14.4734308661417312
21
-4.5618579921259839
0
LINE
8
BLACK
6
CONTINUOUS
10
14.4734308661417312
20
-4.5618579921259839
11
14.4732810236220466
21
-4.5611046850393704
0
LINE
8
BLACK
6
CONTINUOUS
10
14.4732810236220466
20
-4.5611046850393704
11
14.4732810236220466
21
-4.5433881496062991
0
LINE
8
BLACK
6
CONTINUOUS
10
14.4732810236220466
20
-4.5433881496062991
11
14.4734308661417312
21
-4.5426348425196847
0
LINE
8
BLACK
6
CONTINUOUS
10
14.4734308661417312
20
-4.5426348425196847
11
14.4744962204724406
21
-4.5415694881889763
0
LINE
8
BLACK
6
CONTINUOUS
10
14.4744962204724406
20
-4.5415694881889763
11
14.4760028346456693
21
-4.5415694881889763
0
LINE
8
BLACK
6
CONTINUOUS
10
14.4760028346456693
20
-4.5415694881889763
11
14.4770681889763768
21
-4.5426348425196847
0
LINE
8
BLACK
6
CONTINUOUS
10
14.5604616141732279
20
-4.5574858661417323
11
14.5617400393700791
21
-4.5587642913385826
0
LINE
8
BLACK
6
CONTINUOUS
10
14.5617400393700791
20
-4.5587642913385826
11
14.5617400393700791
21
-4.5605722440944882
0
LINE
8
BLACK
6
CONTINUOUS
10
14.5617400393700791
20
-4.5605722440944882
11
14.5604616141732279
21
-4.5618506692913385
0
LINE
8
BLACK
6
CONTINUOUS
10
14.5604616141732279
20
-4.5618506692913385
11
14.559557637795276
21
-4.5620304724409451
0
LINE
8
BLACK
6
CONTINUOUS
10
14.559557637795276
20
-4.5620304724409451
11
14.5510666141732283
21
-4.5620304724409451
0
LINE
8
BLACK
6
CONTINUOUS
10
14.5510666141732283
20
-4.5620304724409451
11
14.5501626377952746
21
-4.5618506692913385
0
LINE
8
BLACK
6
CONTINUOUS
10
14.5501626377952746
20
-4.5618506692913385
11
14.5488842125984252
21
-4.5605722440944882
0
LINE
8
BLACK
6
CONTINUOUS
10
14.5488842125984252
20
-4.5605722440944882
11
14.5488842125984252
21
-4.5587642913385826
0
LINE
8
BLACK
6
CONTINUOUS
10
14.5488842125984252
20
-4.5587642913385826
11
14.5501626377952746
21
-4.5574858661417323
0
LINE
8
BLACK
6
CONTINUOUS
10
14.5501626377952746
20
-4.5574858661417323
11
14.5510666141732283
21
-4.5573060629921258
0
LINE
8
BLACK
6
CONTINUOUS
10
14.5510666141732283
20
-4.5573060629921258
11
14.559557637795276
21
-4.5573060629921258
0
LINE
8
BLACK
6
CONTINUOUS
10
14.559557637795276
20
-4.5573060629921258
11
14.5604616141732279
21
-4.5574858661417323
0
LINE
8
BLACK
6
CONTINUOUS
10
14.3163475590551172
20
-4.5509381102362205
11
14.3176259842519684
21
-4.5522165354330708
0
LINE
8
BLACK
6
CONTINUOUS
10
14.3176259842519684
20
-4.5522165354330708
11
14.3176259842519684
21
-4.5540244881889764
0
LINE
8
BLACK
6
CONTINUOUS
10
14.3176259842519684
20
-4.5540244881889764
11
14.3163475590551172
21
-4.5553029133858267
0
LINE
8
BLACK
6
CONTINUOUS
10
14.3163475590551172
20
-4.5553029133858267
11
14.3154435826771653
21
-4.5554827165354332
0
LINE
8
BLACK
6
CONTINUOUS
10
14.3154435826771653
20
-4.5554827165354332
11
14.3069525590551176
21
-4.5554827165354332
0
LINE
8
BLACK
6
CONTINUOUS
10
14.3069525590551176
20
-4.5554827165354332
11
14.3060485826771657
21
-4.5553029133858267
0
LINE
8
BLACK
6
CONTINUOUS
10
14.3060485826771657
20
-4.5553029133858267
11
14.3047701574803146
21
-4.5540244881889764
0
LINE
8
BLACK
6
CONTINUOUS
10
14.3047701574803146
20
-4.5540244881889764
11
14.3047701574803146
21
-4.5522165354330708
0
LINE
8
BLACK
6
CONTINUOUS
10
14.3047701574803146
20
-4.5522165354330708
11
14.3060485826771657
21
-4.5509381102362205
0
LINE
8
BLACK
6
CONTINUOUS
10
14.3060485826771657
20
-4.5509381102362205
11
14.3069525590551176
21
-4.550758307086614
0
LINE
8
BLACK
6
CONTINUOUS
10
14.3069525590551176
20
-4.550758307086614
11
14.3154435826771653
21
-4.550758307086614
0
LINE
8
BLACK
6
CONTINUOUS
10
14.3154435826771653
20
-4.550758307086614
11
14.3163475590551172
21
-4.5509381102362205
0
LINE
8
BLACK
6
CONTINUOUS
10
14.5604616141732279
20
-4.5291394094488187
11
14.5617400393700791
21
-4.5304178346456689
0
LINE
8
BLACK
6
CONTINUOUS
10
14.5617400393700791
20
-4.5304178346456689
11
14.5617400393700791
21
-4.5322257874015746
0
LINE
8
BLACK
6
CONTINUOUS
10
14.5617400393700791
20
-4.5322257874015746
11
14.5604616141732279
21
-4.5335042125984248
0
LINE
8
BLACK
6
CONTINUOUS
10
14.5604616141732279
20
-4.5335042125984248
11
14.559557637795276
21
-4.5336840157480314
0
LINE
8
BLACK
6
CONTINUOUS
10
14.559557637795276
20
-4.5336840157480314
11
14.5510666141732283
21
-4.5336840157480314
0
LINE
8
BLACK
6
CONTINUOUS
10
14.5510666141732283
20
-4.5336840157480314
11
14.5501626377952746
21
-4.5335042125984248
0
LINE
8
BLACK
6
CONTINUOUS
10
14.5501626377952746
20
-4.5335042125984248
11
14.5488842125984252
21
-4.5322257874015746
0
LINE
8
BLACK
6
CONTINUOUS
10
14.5488842125984252
20
-4.5322257874015746
11
14.5488842125984252
21
-4.5304178346456689
0
LINE
8
BLACK
6
CONTINUOUS
10
14.5488842125984252
20
-4.5304178346456689
11
14.5501626377952746
21
-4.5291394094488187
0
LINE
8
BLACK
6
CONTINUOUS
10
14.5501626377952746
20
-4.5291394094488187
11
14.5510666141732283
21
-4.5289596062992121
0
LINE
8
BLACK
6
CONTINUOUS
10
14.5510666141732283
20
-4.5289596062992121
11
14.559557637795276
21
-4.5289596062992121
0
LINE
8
BLACK
6
CONTINUOUS
10
14.559557637795276
20
-4.5289596062992121
11
14.5604616141732279
21
-4.5291394094488187
0
LINE
8
BLACK
6
CONTINUOUS
10
14.3163475590551172
20
-4.5225916535433068
11
14.3176259842519684
21
-4.5238700787401571
0
LINE
8
BLACK
6
CONTINUOUS
10
14.3176259842519684
20
-4.5238700787401571
11
14.3176259842519684
21
-4.5256780314960627
0
LINE
8
BLACK
6
CONTINUOUS
10
14.3176259842519684
20
-4.5256780314960627
11
14.3163475590551172
21
-4.526956456692913
0
LINE
8
BLACK
6
CONTINUOUS
10
14.3163475590551172
20
-4.526956456692913
11
14.3154435826771653
21
-4.5271362598425196
0
LINE
8
BLACK
6
CONTINUOUS
10
14.3154435826771653
20
-4.5271362598425196
11
14.3069525590551176
21
-4.5271362598425196
0
LINE
8
BLACK
6
CONTINUOUS
10
14.3069525590551176
20
-4.5271362598425196
11
14.3060485826771657
21
-4.526956456692913
0
LINE
8
BLACK
6
CONTINUOUS
10
14.3060485826771657
20
-4.526956456692913
11
14.3047701574803146
21
-4.5256780314960627
0
LINE
8
BLACK
6
CONTINUOUS
10
14.3047701574803146
20
-4.5256780314960627
11
14.3047701574803146
21
-4.5238700787401571
0
LINE
8
BLACK
6
CONTINUOUS
10
14.3047701574803146
20
-4.5238700787401571
11
14.3060485826771657
21
-4.5225916535433068
0
LINE
8
BLACK
6
CONTINUOUS
10
14.3060485826771657
20
-4.5225916535433068
11
14.3069525590551176
21
-4.5224118503937003
0
LINE
8
BLACK
6
CONTINUOUS
10
14.3069525590551176
20
-4.5224118503937003
11
14.3154435826771653
21
-4.5224118503937003
0
LINE
8
BLACK
6
CONTINUOUS
10
14.3154435826771653
20
-4.5224118503937003
11
14.3163475590551172
21
-4.5225916535433068
0
LINE
8
BLACK
6
CONTINUOUS
10
14.5604616141732279
20
-4.5138287795275591
11
14.5617400393700791
21
-4.5151072047244094
0
LINE
8
BLACK
6
CONTINUOUS
10
14.5617400393700791
20
-4.5151072047244094
11
14.5617400393700791
21
-4.516915157480315
0
LINE
8
BLACK
6
CONTINUOUS
10
14.5617400393700791
20
-4.516915157480315
11
14.5604616141732279
21
-4.5181935826771653
0
LINE
8
BLACK
6
CONTINUOUS
10
14.5604616141732279
20
-4.5181935826771653
11
14.559557637795276
21
-4.5183733858267718
0
LINE
8
BLACK
6
CONTINUOUS
10
14.559557637795276
20
-4.5183733858267718
11
14.5510666141732283
21
-4.5183733858267718
0
LINE
8
BLACK
6
CONTINUOUS
10
14.5510666141732283
20
-4.5183733858267718
11
14.5501626377952746
21
-4.5181935826771653
0
LINE
8
BLACK
6
CONTINUOUS
10
14.5501626377952746
20
-4.5181935826771653
11
14.5488842125984252
21
-4.516915157480315
0
LINE
8
BLACK
6
CONTINUOUS
10
14.5488842125984252
20
-4.516915157480315
11
14.5488842125984252
21
-4.5151072047244094
0
LINE
8
BLACK
6
CONTINUOUS
10
14.5488842125984252
20
-4.5151072047244094
11
14.5501626377952746
21
-4.5138287795275591
0
LINE
8
BLACK
6
CONTINUOUS
10
14.5501626377952746
20
-4.5138287795275591
11
14.5510666141732283
21
-4.5136489763779526
0
LINE
8
BLACK
6
CONTINUOUS
10
14.5510666141732283
20
-4.5136489763779526
11
14.559557637795276
21
-4.5136489763779526
0
LINE
8
BLACK
6
CONTINUOUS
10
14.559557637795276
20
-4.5136489763779526
11
14.5604616141732279
21
-4.5138287795275591
0
LINE
8
BLACK
6
CONTINUOUS
10
14.3863441338582678
20
-4.4863628346456688
11
14.3874094881889754
21
-4.4874281889763781
0
LINE
8
BLACK
6
CONTINUOUS
10
14.3874094881889754
20
-4.4874281889763781
11
14.3875593307086618
21
-4.4881814960629924
0
LINE
8
BLACK
6
CONTINUOUS
10
14.3875593307086618
20
-4.4881814960629924
11
14.3875593307086618
21
-4.5058980314960628
0
LINE
8
BLACK
6
CONTINUOUS
10
14.3875593307086618
20
-4.5058980314960628
11
14.3874094881889754
21
-4.5066513385826772
0
LINE
8
BLACK
6
CONTINUOUS
10
14.3874094881889754
20
-4.5066513385826772
11
14.3863441338582678
21
-4.5077166929133856
0
LINE
8
BLACK
6
CONTINUOUS
10
14.3863441338582678
20
-4.5077166929133856
11
14.3848375196850391
21
-4.5077166929133856
0
LINE
8
BLACK
6
CONTINUOUS
10
14.3848375196850391
20
-4.5077166929133856
11
14.3837721653543298
21
-4.5066513385826772
0
LINE
8
BLACK
6
CONTINUOUS
10
14.3837721653543298
20
-4.5066513385826772
11
14.3836223228346451
21
-4.5058980314960628
0
LINE
8
BLACK
6
CONTINUOUS
10
14.3836223228346451
20
-4.5058980314960628
11
14.3836223228346451
21
-4.4901499999999999
0
LINE
8
BLACK
6
CONTINUOUS
10
14.3836223228346451
20
-4.4901499999999999
11
14.3678742913385822
21
-4.4901499999999999
0
LINE
8
BLACK
6
CONTINUOUS
10
14.3678742913385822
20
-4.4901499999999999
11
14.3671209842519687
21
-4.4900001574803152
0
LINE
8
BLACK
6
CONTINUOUS
10
14.3671209842519687
20
-4.4900001574803152
11
14.3660556299212594
21
-4.4889348031496059
0
LINE
8
BLACK
6
CONTINUOUS
10
14.3660556299212594
20
-4.4889348031496059
11
14.3660556299212594
21
-4.4874281889763781
0
LINE
8
BLACK
6
CONTINUOUS
10
14.3660556299212594
20
-4.4874281889763781
11
14.3671209842519687
21
-4.4863628346456688
0
LINE
8
BLACK
6
CONTINUOUS
10
14.3671209842519687
20
-4.4863628346456688
11
14.3678742913385822
21
-4.4862129921259841
0
LINE
8
BLACK
6
CONTINUOUS
10
14.3678742913385822
20
-4.4862129921259841
11
14.3855908267716526
21
-4.4862129921259841
0
LINE
8
BLACK
6
CONTINUOUS
10
14.3855908267716526
20
-4.4862129921259841
11
14.3863441338582678
21
-4.4863628346456688
0
LINE
8
BLACK
6
CONTINUOUS
10
14.5604616141732279
20
-4.4854823228346454
11
14.5617400393700791
21
-4.4867607480314957
0
LINE
8
BLACK
6
CONTINUOUS
10
14.5617400393700791
20
-4.4867607480314957
11
14.5617400393700791
21
-4.4885687007874013
0
LINE
8
BLACK
6
CONTINUOUS
10
14.5617400393700791
20
-4.4885687007874013
11
14.5604616141732279
21
-4.4898471259842516
0
LINE
8
BLACK
6
CONTINUOUS
10
14.5604616141732279
20
-4.4898471259842516
11
14.559557637795276
21
-4.4900269291338581
0
LINE
8
BLACK
6
CONTINUOUS
10
14.559557637795276
20
-4.4900269291338581
11
14.5510666141732283
21
-4.4900269291338581
0
LINE
8
BLACK
6
CONTINUOUS
10
14.5510666141732283
20
-4.4900269291338581
11
14.5501626377952746
21
-4.4898471259842516
0
LINE
8
BLACK
6
CONTINUOUS
10
14.5501626377952746
20
-4.4898471259842516
11
14.5488842125984252
21
-4.4885687007874013
0
LINE
8
BLACK
6
CONTINUOUS
10
14.5488842125984252
20
-4.4885687007874013
11
14.5488842125984252
21
-4.4867607480314957
0
LINE
8
BLACK
6
CONTINUOUS
10
14.5488842125984252
20
-4.4867607480314957
11
14.5501626377952746
21
-4.4854823228346454
0
LINE
8
BLACK
6
CONTINUOUS
10
14.5501626377952746
20
-4.4854823228346454
11
14.5510666141732283
21
-4.4853025196850389
0
LINE
8
BLACK
6
CONTINUOUS
10
14.5510666141732283
20
-4.4853025196850389
11
14.559557637795276
21
-4.4853025196850389
0
LINE
8
BLACK
6
CONTINUOUS
10
14.559557637795276
20
-4.4853025196850389
11
14.5604616141732279
21
-4.4854823228346454
0
LINE
8
BLACK
6
CONTINUOUS
10
14.3164258661417314
20
-4.4806257480314962
11
14.3177042913385826
21
-4.4819041732283464
0
LINE
8
BLACK
6
CONTINUOUS
10
14.3177042913385826
20
-4.4819041732283464
11
14.3177042913385826
21
-4.4837121259842521
0
LINE
8
BLACK
6
CONTINUOUS
10
14.3177042913385826
20
-4.4837121259842521
11
14.3164258661417314
21
-4.4849905511811023
0
LINE
8
BLACK
6
CONTINUOUS
10
14.3164258661417314
20
-4.4849905511811023
11
14.3155218897637795
21
-4.4851703543307089
0
LINE
8
BLACK
6
CONTINUOUS
10
14.3155218897637795
20
-4.4851703543307089
11
14.3070308661417318
21
-4.4851703543307089
0
LINE
8
BLACK
6
CONTINUOUS
10
14.3070308661417318
20
-4.4851703543307089
11
14.3061268897637799
21
-4.4849905511811023
0
LINE
8
BLACK
6
CONTINUOUS
10
14.3061268897637799
20
-4.4849905511811023
11
14.3048484645669287
21
-4.4837121259842521
0
LINE
8
BLACK
6
CONTINUOUS
10
14.3048484645669287
20
-4.4837121259842521
11
14.3048484645669287
21
-4.4819041732283464
0
LINE
8
BLACK
6
CONTINUOUS
10
14.3048484645669287
20
-4.4819041732283464
11
14.3061268897637799
21
-4.4806257480314962
0
LINE
8
BLACK
6
CONTINUOUS
10
14.3061268897637799
20
-4.4806257480314962
11
14.3070308661417318
21
-4.4804459448818896
0
LINE
8
BLACK
6
CONTINUOUS
10
14.3070308661417318
20
-4.4804459448818896
11
14.3155218897637795
21
-4.4804459448818896
0
LINE
8
BLACK
6
CONTINUOUS
10
14.3155218897637795
20
-4.4804459448818896
11
14.3164258661417314
21
-4.4806257480314962
0
LINE
8
BLACK
6
CONTINUOUS
10
14.4758700000000005
20
-4.4645098425196847
11
14.4760198425196851
21
-4.4652631496062991
0
LINE
8
BLACK
6
CONTINUOUS
10
14.4760198425196851
20
-4.4652631496062991
11
14.4760198425196851
21
-4.4810111811023621
0
LINE
8
BLACK
6
CONTINUOUS
10
14.4760198425196851
20
-4.4810111811023621
11
14.4917678740157481
21
-4.4810111811023621
0
LINE
8
BLACK
6
CONTINUOUS
10
14.4917678740157481
20
-4.4810111811023621
11
14.4925211811023615
21
-4.4811610236220467
0
LINE
8
BLACK
6
CONTINUOUS
10
14.4925211811023615
20
-4.4811610236220467
11
14.4935865354330708
21
-4.482226377952756
0
LINE
8
BLACK
6
CONTINUOUS
10
14.4935865354330708
20
-4.482226377952756
11
14.4935865354330708
21
-4.4837329921259839
0
LINE
8
BLACK
6
CONTINUOUS
10
14.4935865354330708
20
-4.4837329921259839
11
14.4925211811023615
21
-4.4847983464566932
0
LINE
8
BLACK
6
CONTINUOUS
10
14.4925211811023615
20
-4.4847983464566932
11
14.4917678740157481
21
-4.4849481889763778
0
LINE
8
BLACK
6
CONTINUOUS
10
14.4917678740157481
20
-4.4849481889763778
11
14.4740513385826777
21
-4.4849481889763778
0
LINE
8
BLACK
6
CONTINUOUS
10
14.4740513385826777
20
-4.4849481889763778
11
14.4732980314960624
21
-4.4847983464566932
0
LINE
8
BLACK
6
CONTINUOUS
10
14.4732980314960624
20
-4.4847983464566932
11
14.4722326771653549
21
-4.4837329921259839
0
LINE
8
BLACK
6
CONTINUOUS
10
14.4722326771653549
20
-4.4837329921259839
11
14.4720828346456685
21
-4.4829796850393704
0
LINE
8
BLACK
6
CONTINUOUS
10
14.4720828346456685
20
-4.4829796850393704
11
14.4720828346456685
21
-4.4652631496062991
0
LINE
8
BLACK
6
CONTINUOUS
10
14.4720828346456685
20
-4.4652631496062991
11
14.4722326771653549
21
-4.4645098425196847
0
LINE
8
BLACK
6
CONTINUOUS
10
14.4722326771653549
20
-4.4645098425196847
11
14.4732980314960624
21
-4.4634444881889763
0
LINE
8
BLACK
6
CONTINUOUS
10
14.4732980314960624
20
-4.4634444881889763
11
14.4748046456692911
21
-4.4634444881889763
0
LINE
8
BLACK
6
CONTINUOUS
10
14.4748046456692911
20
-4.4634444881889763
11
14.4758700000000005
21
-4.4645098425196847
0
LINE
8
BLACK
6
CONTINUOUS
10
14.3164258661417314
20
-4.4522792913385825
11
14.3177042913385826
21
-4.4535577165354328
0
LINE
8
BLACK
6
CONTINUOUS
10
14.3177042913385826
20
-4.4535577165354328
11
14.3177042913385826
21
-4.4553656692913384
0
LINE
8
BLACK
6
CONTINUOUS
10
14.3177042913385826
20
-4.4553656692913384
11
14.3164258661417314
21
-4.4566440944881887
0
LINE
8
BLACK
6
CONTINUOUS
10
14.3164258661417314
20
-4.4566440944881887
11
14.3155218897637795
21
-4.4568238976377952
0
LINE
8
BLACK
6
CONTINUOUS
10
14.3155218897637795
20
-4.4568238976377952
11
14.3070308661417318
21
-4.4568238976377952
0
LINE
8
BLACK
6
CONTINUOUS
10
14.3070308661417318
20
-4.4568238976377952
11
14.3061268897637799
21
-4.4566440944881887
0
LINE
8
BLACK
6
CONTINUOUS
10
14.3061268897637799
20
-4.4566440944881887
11
14.3048484645669287
21
-4.4553656692913384
0
LINE
8
BLACK
6
CONTINUOUS
10
14.3048484645669287
20
-4.4553656692913384
11
14.3048484645669287
21
-4.4535577165354328
0
LINE
8
BLACK
6
CONTINUOUS
10
14.3048484645669287
20
-4.4535577165354328
11
14.3061268897637799
21
-4.4522792913385825
0
LINE
8
BLACK
6
CONTINUOUS
10
14.3061268897637799
20
-4.4522792913385825
11
14.3070308661417318
21
-4.4520994881889759
0
LINE
8
BLACK
6
CONTINUOUS
10
14.3070308661417318
20
-4.4520994881889759
11
14.3155218897637795
21
-4.4520994881889759
0
LINE
8
BLACK
6
CONTINUOUS
10
14.3155218897637795
20
-4.4520994881889759
11
14.3164258661417314
21
-4.4522792913385825
0
LINE
8
BLACK
6
CONTINUOUS
10
14.5604616141732279
20
-4.4357037795275591
11
14.5617400393700791
21
-4.4369822047244094
0
LINE
8
BLACK
6
CONTINUOUS
10
14.5617400393700791
20
-4.4369822047244094
11
14.5617400393700791
21
-4.438790157480315
0
LINE
8
BLACK
6
CONTINUOUS
10
14.5617400393700791
20
-4.438790157480315
11
14.5604616141732279
21
-4.4400685826771653
0
LINE
8
BLACK
6
CONTINUOUS
10
14.5604616141732279
20
-4.4400685826771653
11
14.559557637795276
21
-4.4402483858267718
0
LINE
8
BLACK
6
CONTINUOUS
10
14.559557637795276
20
-4.4402483858267718
11
14.5510666141732283
21
-4.4402483858267718
0
LINE
8
BLACK
6
CONTINUOUS
10
14.5510666141732283
20
-4.4402483858267718
11
14.5501626377952746
21
-4.4400685826771653
0
LINE
8
BLACK
6
CONTINUOUS
10
14.5501626377952746
20
-4.4400685826771653
11
14.5488842125984252
21
-4.438790157480315
0
LINE
8
BLACK
6
CONTINUOUS
10
14.5488842125984252
20
-4.438790157480315
11
14.5488842125984252
21
-4.4369822047244094
0
LINE
8
BLACK
6
CONTINUOUS
10
14.5488842125984252
20
-4.4369822047244094
11
14.5501626377952746
21
-4.4357037795275591
0
LINE
8
BLACK
6
CONTINUOUS
10
14.5501626377952746
20
-4.4357037795275591
11
14.5510666141732283
21
-4.4355239763779526
0
LINE
8
BLACK
6
CONTINUOUS
10
14.5510666141732283
20
-4.4355239763779526
11
14.559557637795276
21
-4.4355239763779526
0
LINE
8
BLACK
6
CONTINUOUS
10
14.559557637795276
20
-4.4355239763779526
11
14.5604616141732279
21
-4.4357037795275591
0
LINE
8
BLACK
6
CONTINUOUS
10
14.3863100393700787
20
-4.4069730314960625
11
14.3873753937007862
21
-4.4080383858267718
0
LINE
8
BLACK
6
CONTINUOUS
10
14.3873753937007862
20
-4.4080383858267718
11
14.3875252362204726
21
-4.4087916929133861
0
LINE
8
BLACK
6
CONTINUOUS
10
14.3875252362204726
20
-4.4087916929133861
11
14.3875252362204726
21
-4.4265082283464565
0
LINE
8
BLACK
6
CONTINUOUS
10
14.3875252362204726
20
-4.4265082283464565
11
14.3873753937007862
21
-4.4272615354330709
0
LINE
8
BLACK
6
CONTINUOUS
10
14.3873753937007862
20
-4.4272615354330709
11
14.3863100393700787
21
-4.4283268897637793
0
LINE
8
BLACK
6
CONTINUOUS
10
14.3863100393700787
20
-4.4283268897637793
11
14.38480342519685
21
-4.4283268897637793
0
LINE
8
BLACK
6
CONTINUOUS
10
14.38480342519685
20
-4.4283268897637793
11
14.3837380708661406
21
-4.4272615354330709
0
LINE
8
BLACK
6
CONTINUOUS
10
14.3837380708661406
20
-4.4272615354330709
11
14.383588228346456
21
-4.4265082283464565
0
LINE
8
BLACK
6
CONTINUOUS
10
14.383588228346456
20
-4.4265082283464565
11
14.383588228346456
21
-4.4107601968503936
0
LINE
8
BLACK
6
CONTINUOUS
10
14.383588228346456
20
-4.4107601968503936
11
14.367840196850393
21
-4.4107601968503936
0
LINE
8
BLACK
6
CONTINUOUS
10
14.367840196850393
20
-4.4107601968503936
11
14.3670868897637796
21
-4.4106103543307089
0
LINE
8
BLACK
6
CONTINUOUS
10
14.3670868897637796
20
-4.4106103543307089
11
14.3660215354330703
21
-4.4095449999999996
0
LINE
8
BLACK
6
CONTINUOUS
10
14.3660215354330703
20
-4.4095449999999996
11
14.3660215354330703
21
-4.4080383858267718
0
LINE
8
BLACK
6
CONTINUOUS
10
14.3660215354330703
20
-4.4080383858267718
11
14.3670868897637796
21
-4.4069730314960625
0
LINE
8
BLACK
6
CONTINUOUS
10
14.3670868897637796
20
-4.4069730314960625
11
14.367840196850393
21
-4.4068231889763778
0
LINE
8
BLACK
6
CONTINUOUS
10
14.367840196850393
20
-4.4068231889763778
11
14.3855567322834634
21
-4.4068231889763778
0
LINE
8
BLACK
6
CONTINUOUS
10
14.3855567322834634
20
-4.4068231889763778
11
14.3863100393700787
21
-4.4069730314960625
0
LINE
8
BLACK
6
CONTINUOUS
10
14.5604616141732279
20
-4.4073573228346454
11
14.5617400393700791
21
-4.4086357480314957
0
LINE
8
BLACK
6
CONTINUOUS
10
14.5617400393700791
20
-4.4086357480314957
11
14.5617400393700791
21
-4.4104437007874013
0
LINE
8
BLACK
6
CONTINUOUS
10
14.5617400393700791
20
-4.4104437007874013
11
14.5604616141732279
21
-4.4117221259842516
0
LINE
8
BLACK
6
CONTINUOUS
10
14.5604616141732279
20
-4.4117221259842516
11
14.559557637795276
21
-4.4119019291338581
0
LINE
8
BLACK
6
CONTINUOUS
10
14.559557637795276
20
-4.4119019291338581
11
14.5510666141732283
21
-4.4119019291338581
0
LINE
8
BLACK
6
CONTINUOUS
10
14.5510666141732283
20
-4.4119019291338581
11
14.5501626377952746
21
-4.4117221259842516
0
LINE
8
BLACK
6
CONTINUOUS
10
14.5501626377952746
20
-4.4117221259842516
11
14.5488842125984252
21
-4.4104437007874013
0
LINE
8
BLACK
6
CONTINUOUS
10
14.5488842125984252
20
-4.4104437007874013
11
14.5488842125984252
21
-4.4086357480314957
0
LINE
8
BLACK
6
CONTINUOUS
10
14.5488842125984252
20
-4.4086357480314957
11
14.5501626377952746
21
-4.4073573228346454
0
LINE
8
BLACK
6
CONTINUOUS
10
14.5501626377952746
20
-4.4073573228346454
11
14.5510666141732283
21
-4.4071775196850389
0
LINE
8
BLACK
6
CONTINUOUS
10
14.5510666141732283
20
-4.4071775196850389
11
14.559557637795276
21
-4.4071775196850389
0
LINE
8
BLACK
6
CONTINUOUS
10
14.559557637795276
20
-4.4071775196850389
11
14.5604616141732279
21
-4.4073573228346454
0
LINE
8
BLACK
6
CONTINUOUS
10
14.4758700000000005
20
-4.3863848425196847
11
14.4760198425196851
21
-4.3871381496062991
0
LINE
8
BLACK
6
CONTINUOUS
10
14.4760198425196851
20
-4.3871381496062991
11
14.4760198425196851
21
-4.4028861811023621
0
LINE
8
BLACK
6
CONTINUOUS
10
14.4760198425196851
20
-4.4028861811023621
11
14.4917678740157481
21
-4.4028861811023621
0
LINE
8
BLACK
6
CONTINUOUS
10
14.4917678740157481
20
-4.4028861811023621
11
14.4925211811023615
21
-4.4030360236220467
0
LINE
8
BLACK
6
CONTINUOUS
10
14.4925211811023615
20
-4.4030360236220467
11
14.4935865354330708
21
-4.404101377952756
0
LINE
8
BLACK
6
CONTINUOUS
10
14.4935865354330708
20
-4.404101377952756
11
14.4935865354330708
21
-4.4056079921259839
0
LINE
8
BLACK
6
CONTINUOUS
10
14.4935865354330708
20
-4.4056079921259839
11
14.4925211811023615
21
-4.4066733464566932
0
LINE
8
BLACK
6
CONTINUOUS
10
14.4925211811023615
20
-4.4066733464566932
11
14.4917678740157481
21
-4.4068231889763778
0
LINE
8
BLACK
6
CONTINUOUS
10
14.4917678740157481
20
-4.4068231889763778
11
14.4740513385826777
21
-4.4068231889763778
0
LINE
8
BLACK
6
CONTINUOUS
10
14.4740513385826777
20
-4.4068231889763778
11
14.4732980314960624
21
-4.4066733464566932
0
LINE
8
BLACK
6
CONTINUOUS
10
14.4732980314960624
20
-4.4066733464566932
11
14.4722326771653549
21
-4.4056079921259839
0
LINE
8
BLACK
6
CONTINUOUS
10
14.4722326771653549
20
-4.4056079921259839
11
14.4720828346456685
21
-4.4048546850393704
0
LINE
8
BLACK
6
CONTINUOUS
10
14.4720828346456685
20
-4.4048546850393704
11
14.4720828346456685
21
-4.3871381496062991
0
LINE
8
BLACK
6
CONTINUOUS
10
14.4720828346456685
20
-4.3871381496062991
11
14.4722326771653549
21
-4.3863848425196847
0
LINE
8
BLACK
6
CONTINUOUS
10
14.4722326771653549
20
-4.3863848425196847
11
14.4732980314960624
21
-4.3853194881889763
0
LINE
8
BLACK
6
CONTINUOUS
10
14.4732980314960624
20
-4.3853194881889763
11
14.4748046456692911
21
-4.3853194881889763
0
LINE
8
BLACK
6
CONTINUOUS
10
14.4748046456692911
20
-4.3853194881889763
11
14.4758700000000005
21
-4.3863848425196847
0
LINE
8
BLACK
6
CONTINUOUS
10
14.3165029133858273
20
-4.4013933070866145
11
14.3177813385826767
21
-4.4026717322834648
0
LINE
8
BLACK
6
CONTINUOUS
10
14.3177813385826767
20
-4.4026717322834648
11
14.3177813385826767
21
-4.4044796850393704
0
LINE
8
BLACK
6
CONTINUOUS
10
14.3177813385826767
20
-4.4044796850393704
11
14.3165029133858273
21
-4.4057581102362207
0
LINE
8
BLACK
6
CONTINUOUS
10
14.3165029133858273
20
-4.4057581102362207
11
14.3155989370078736
21
-4.4059379133858263
0
LINE
8
BLACK
6
CONTINUOUS
10
14.3155989370078736
20
-4.4059379133858263
11
14.3071079133858259
21
-4.4059379133858263
0
LINE
8
BLACK
6
CONTINUOUS
10
14.3071079133858259
20
-4.4059379133858263
11
14.306203937007874
21
-4.4057581102362207
0
LINE
8
BLACK
6
CONTINUOUS
10
14.306203937007874
20
-4.4057581102362207
11
14.3049255118110228
21
-4.4044796850393704
0
LINE
8
BLACK
6
CONTINUOUS
10
14.3049255118110228
20
-4.4044796850393704
11
14.3049255118110228
21
-4.4026717322834648
0
LINE
8
BLACK
6
CONTINUOUS
10
14.3049255118110228
20
-4.4026717322834648
11
14.306203937007874
21
-4.4013933070866145
0
LINE
8
BLACK
6
CONTINUOUS
10
14.306203937007874
20
-4.4013933070866145
11
14.3071079133858259
21
-4.4012135039370079
0
LINE
8
BLACK
6
CONTINUOUS
10
14.3071079133858259
20
-4.4012135039370079
11
14.3155989370078736
21
-4.4012135039370079
0
LINE
8
BLACK
6
CONTINUOUS
10
14.3155989370078736
20
-4.4012135039370079
11
14.3165029133858273
21
-4.4013933070866145
0
LINE
8
BLACK
6
CONTINUOUS
10
14.3165029133858273
20
-4.3730468503937008
11
14.3177813385826767
21
-4.3743252755905511
0
LINE
8
BLACK
6
CONTINUOUS
10
14.3177813385826767
20
-4.3743252755905511
11
14.3177813385826767
21
-4.3761332283464567
0
LINE
8
BLACK
6
CONTINUOUS
10
14.3177813385826767
20
-4.3761332283464567
11
14.3165029133858273
21
-4.377411653543307
0
LINE
8
BLACK
6
CONTINUOUS
10
14.3165029133858273
20
-4.377411653543307
11
14.3155989370078736
21
-4.3775914566929135
0
LINE
8
BLACK
6
CONTINUOUS
10
14.3155989370078736
20
-4.3775914566929135
11
14.3071079133858259
21
-4.3775914566929135
0
LINE
8
BLACK
6
CONTINUOUS
10
14.3071079133858259
20
-4.3775914566929135
11
14.306203937007874
21
-4.377411653543307
0
LINE
8
BLACK
6
CONTINUOUS
10
14.306203937007874
20
-4.377411653543307
11
14.3049255118110228
21
-4.3761332283464567
0
LINE
8
BLACK
6
CONTINUOUS
10
14.3049255118110228
20
-4.3761332283464567
11
14.3049255118110228
21
-4.3743252755905511
0
LINE
8
BLACK
6
CONTINUOUS
10
14.3049255118110228
20
-4.3743252755905511
11
14.306203937007874
21
-4.3730468503937008
0
LINE
8
BLACK
6
CONTINUOUS
10
14.306203937007874
20
-4.3730468503937008
11
14.3071079133858259
21
-4.3728670472440943
0
LINE
8
BLACK
6
CONTINUOUS
10
14.3071079133858259
20
-4.3728670472440943
11
14.3155989370078736
21
-4.3728670472440943
0
LINE
8
BLACK
6
CONTINUOUS
10
14.3155989370078736
20
-4.3728670472440943
11
14.3165029133858273
21
-4.3730468503937008
0
LINE
8
BLACK
6
CONTINUOUS
10
14.5604616141732279
20
-4.3575787795275591
11
14.5617400393700791
21
-4.3588572047244094
0
LINE
8
BLACK
6
CONTINUOUS
10
14.5617400393700791
20
-4.3588572047244094
11
14.5617400393700791
21
-4.360665157480315
0
LINE
8
BLACK
6
CONTINUOUS
10
14.5617400393700791
20
-4.360665157480315
11
14.5604616141732279
21
-4.3619435826771653
0
LINE
8
BLACK
6
CONTINUOUS
10
14.5604616141732279
20
-4.3619435826771653
11
14.559557637795276
21
-4.3621233858267718
0
LINE
8
BLACK
6
CONTINUOUS
10
14.559557637795276
20
-4.3621233858267718
11
14.5510666141732283
21
-4.3621233858267718
0
LINE
8
BLACK
6
CONTINUOUS
10
14.5510666141732283
20
-4.3621233858267718
11
14.5501626377952746
21
-4.3619435826771653
0
LINE
8
BLACK
6
CONTINUOUS
10
14.5501626377952746
20
-4.3619435826771653
11
14.5488842125984252
21
-4.360665157480315
0
LINE
8
BLACK
6
CONTINUOUS
10
14.5488842125984252
20
-4.360665157480315
11
14.5488842125984252
21
-4.3588572047244094
0
LINE
8
BLACK
6
CONTINUOUS
10
14.5488842125984252
20
-4.3588572047244094
11
14.5501626377952746
21
-4.3575787795275591
0
LINE
8
BLACK
6
CONTINUOUS
10
14.5501626377952746
20
-4.3575787795275591
11
14.5510666141732283
21
-4.3573989763779526
0
LINE
8
BLACK
6
CONTINUOUS
10
14.5510666141732283
20
-4.3573989763779526
11
14.559557637795276
21
-4.3573989763779526
0
LINE
8
BLACK
6
CONTINUOUS
10
14.559557637795276
20
-4.3573989763779526
11
14.5604616141732279
21
-4.3575787795275591
0
LINE
8
BLACK
6
CONTINUOUS
10
14.3900466535433065
20
-4.3288480314960625
11
14.3911120078740158
21
-4.3299133858267718
0
LINE
8
BLACK
6
CONTINUOUS
10
14.3911120078740158
20
-4.3299133858267718
11
14.3912618503937004
21
-4.3306666929133861
0
LINE
8
BLACK
6
CONTINUOUS
10
14.3912618503937004
20
-4.3306666929133861
11
14.3912618503937004
21
-4.3483832283464565
0
LINE
8
BLACK
6
CONTINUOUS
10
14.3912618503937004
20
-4.3483832283464565
11
14.3911120078740158
21
-4.3491365354330709
0
LINE
8
BLACK
6
CONTINUOUS
10
14.3911120078740158
20
-4.3491365354330709
11
14.3900466535433065
21
-4.3502018897637793
0
LINE
8
BLACK
6
CONTINUOUS
10
14.3900466535433065
20
-4.3502018897637793
11
14.3885400393700777
21
-4.3502018897637793
0
LINE
8
BLACK
6
CONTINUOUS
10
14.3885400393700777
20
-4.3502018897637793
11
14.3874746850393702
21
-4.3491365354330709
0
LINE
8
BLACK
6
CONTINUOUS
10
14.3874746850393702
20
-4.3491365354330709
11
14.3873248425196856
21
-4.3483832283464565
0
LINE
8
BLACK
6
CONTINUOUS
10
14.3873248425196856
20
-4.3483832283464565
11
14.3873248425196856
21
-4.3326351968503936
0
LINE
8
BLACK
6
CONTINUOUS
10
14.3873248425196856
20
-4.3326351968503936
11
14.3715768110236208
21
-4.3326351968503936
0
LINE
8
BLACK
6
CONTINUOUS
10
14.3715768110236208
20
-4.3326351968503936
11
14.3708235039370074
21
-4.3324853543307089
0
LINE
8
BLACK
6
CONTINUOUS
10
14.3708235039370074
20
-4.3324853543307089
11
14.369758149606298
21
-4.3314199999999996
0
LINE
8
BLACK
6
CONTINUOUS
10
14.369758149606298
20
-4.3314199999999996
11
14.369758149606298
21
-4.3299133858267718
0
LINE
8
BLACK
6
CONTINUOUS
10
14.369758149606298
20
-4.3299133858267718
11
14.3708235039370074
21
-4.3288480314960625
0
LINE
8
BLACK
6
CONTINUOUS
10
14.3708235039370074
20
-4.3288480314960625
11
14.3715768110236208
21
-4.3286981889763778
0
LINE
8
BLACK
6
CONTINUOUS
10
14.3715768110236208
20
-4.3286981889763778
11
14.389293346456693
21
-4.3286981889763778
0
LINE
8
BLACK
6
CONTINUOUS
10
14.389293346456693
20
-4.3286981889763778
11
14.3900466535433065
21
-4.3288480314960625
0
LINE
8
BLACK
6
CONTINUOUS
10
14.5604616141732279
20
-4.3292323228346454
11
14.5617400393700791
21
-4.3305107480314957
0
LINE
8
BLACK
6
CONTINUOUS
10
14.5617400393700791
20
-4.3305107480314957
11
14.5617400393700791
21
-4.3323187007874013
0
LINE
8
BLACK
6
CONTINUOUS
10
14.5617400393700791
20
-4.3323187007874013
11
14.5604616141732279
21
-4.3335971259842516
0
LINE
8
BLACK
6
CONTINUOUS
10
14.5604616141732279
20
-4.3335971259842516
11
14.559557637795276
21
-4.3337769291338581
0
LINE
8
BLACK
6
CONTINUOUS
10
14.559557637795276
20
-4.3337769291338581
11
14.5510666141732283
21
-4.3337769291338581
0
LINE
8
BLACK
6
CONTINUOUS
10
14.5510666141732283
20
-4.3337769291338581
11
14.5501626377952746
21
-4.3335971259842516
0
LINE
8
BLACK
6
CONTINUOUS
10
14.5501626377952746
20
-4.3335971259842516
11
14.5488842125984252
21
-4.3323187007874013
0
LINE
8
BLACK
6
CONTINUOUS
10
14.5488842125984252
20
-4.3323187007874013
11
14.5488842125984252
21
-4.3305107480314957
0
LINE
8
BLACK
6
CONTINUOUS
10
14.5488842125984252
20
-4.3305107480314957
11
14.5501626377952746
21
-4.3292323228346454
0
LINE
8
BLACK
6
CONTINUOUS
10
14.5501626377952746
20
-4.3292323228346454
11
14.5510666141732283
21
-4.3290525196850389
0
LINE
8
BLACK
6
CONTINUOUS
10
14.5510666141732283
20
-4.3290525196850389
11
14.559557637795276
21
-4.3290525196850389
0
LINE
8
BLACK
6
CONTINUOUS
10
14.559557637795276
20
-4.3290525196850389
11
14.5604616141732279
21
-4.3292323228346454
0
LINE
8
BLACK
6
CONTINUOUS
10
14.316502952755906
20
-4.3252214960629924
11
14.3177813779527554
21
-4.3264999212598427
0
LINE
8
BLACK
6
CONTINUOUS
10
14.3177813779527554
20
-4.3264999212598427
11
14.3177813779527554
21
-4.3283078740157483
0
LINE
8
BLACK
6
CONTINUOUS
10
14.3177813779527554
20
-4.3283078740157483
11
14.316502952755906
21
-4.3295862992125986
0
LINE
8
BLACK
6
CONTINUOUS
10
14.316502952755906
20
-4.3295862992125986
11
14.3155989763779523
21
-4.3297661023622043
0
LINE
8
BLACK
6
CONTINUOUS
10
14.3155989763779523
20
-4.3297661023622043
11
14.3071079527559046
21
-4.3297661023622043
0
LINE
8
BLACK
6
CONTINUOUS
10
14.3071079527559046
20
-4.3297661023622043
11
14.3062039763779527
21
-4.3295862992125986
0
LINE
8
BLACK
6
CONTINUOUS
10
14.3062039763779527
20
-4.3295862992125986
11
14.3049255511811015
21
-4.3283078740157483
0
LINE
8
BLACK
6
CONTINUOUS
10
14.3049255511811015
20
-4.3283078740157483
11
14.3049255511811015
21
-4.3264999212598427
0
LINE
8
BLACK
6
CONTINUOUS
10
14.3049255511811015
20
-4.3264999212598427
11
14.3062039763779527
21
-4.3252214960629924
0
LINE
8
BLACK
6
CONTINUOUS
10
14.3062039763779527
20
-4.3252214960629924
11
14.3071079527559046
21
-4.3250416929133859
0
LINE
8
BLACK
6
CONTINUOUS
10
14.3071079527559046
20
-4.3250416929133859
11
14.3155989763779523
21
-4.3250416929133859
0
LINE
8
BLACK
6
CONTINUOUS
10
14.3155989763779523
20
-4.3250416929133859
11
14.316502952755906
21
-4.3252214960629924
0
LINE
8
BLACK
6
CONTINUOUS
10
14.4758700000000005
20
-4.3082598425196847
11
14.4760198425196851
21
-4.3090131496062991
0
LINE
8
BLACK
6
CONTINUOUS
10
14.4760198425196851
20
-4.3090131496062991
11
14.4760198425196851
21
-4.3247611811023621
0
LINE
8
BLACK
6
CONTINUOUS
10
14.4760198425196851
20
-4.3247611811023621
11
14.4917678740157481
21
-4.3247611811023621
0
LINE
8
BLACK
6
CONTINUOUS
10
14.4917678740157481
20
-4.3247611811023621
11
14.4925211811023615
21
-4.3249110236220467
0
LINE
8
BLACK
6
CONTINUOUS
10
14.4925211811023615
20
-4.3249110236220467
11
14.4935865354330708
21
-4.325976377952756
0
LINE
8
BLACK
6
CONTINUOUS
10
14.4935865354330708
20
-4.325976377952756
11
14.4935865354330708
21
-4.3274829921259839
0
LINE
8
BLACK
6
CONTINUOUS
10
14.4935865354330708
20
-4.3274829921259839
11
14.4925211811023615
21
-4.3285483464566932
0
LINE
8
BLACK
6
CONTINUOUS
10
14.4925211811023615
20
-4.3285483464566932
11
14.4917678740157481
21
-4.3286981889763778
0
LINE
8
BLACK
6
CONTINUOUS
10
14.4917678740157481
20
-4.3286981889763778
11
14.4740513385826777
21
-4.3286981889763778
0
LINE
8
BLACK
6
CONTINUOUS
10
14.4740513385826777
20
-4.3286981889763778
11
14.4732980314960624
21
-4.3285483464566932
0
LINE
8
BLACK
6
CONTINUOUS
10
14.4732980314960624
20
-4.3285483464566932
11
14.4722326771653549
21
-4.3274829921259839
0
LINE
8
BLACK
6
CONTINUOUS
10
14.4722326771653549
20
-4.3274829921259839
11
14.4720828346456685
21
-4.3267296850393704
0
LINE
8
BLACK
6
CONTINUOUS
10
14.4720828346456685
20
-4.3267296850393704
11
14.4720828346456685
21
-4.3090131496062991
0
LINE
8
BLACK
6
CONTINUOUS
10
14.4720828346456685
20
-4.3090131496062991
11
14.4722326771653549
21
-4.3082598425196847
0
LINE
8
BLACK
6
CONTINUOUS
10
14.4722326771653549
20
-4.3082598425196847
11
14.4732980314960624
21
-4.3071944881889763
0
LINE
8
BLACK
6
CONTINUOUS
10
14.4732980314960624
20
-4.3071944881889763
11
14.4748046456692911
21
-4.3071944881889763
0
LINE
8
BLACK
6
CONTINUOUS
10
14.4748046456692911
20
-4.3071944881889763
11
14.4758700000000005
21
-4.3082598425196847
0
LINE
8
BLACK
6
CONTINUOUS
10
14.316502952755906
20
-4.2968750393700788
11
14.3177813779527554
21
-4.298153464566929
0
LINE
8
BLACK
6
CONTINUOUS
10
14.3177813779527554
20
-4.298153464566929
11
14.3177813779527554
21
-4.2999614173228347
0
LINE
8
BLACK
6
CONTINUOUS
10
14.3177813779527554
20
-4.2999614173228347
11
14.316502952755906
21
-4.3012398425196849
0
LINE
8
BLACK
6
CONTINUOUS
10
14.316502952755906
20
-4.3012398425196849
11
14.3155989763779523
21
-4.3014196456692915
0
LINE
8
BLACK
6
CONTINUOUS
10
14.3155989763779523
20
-4.3014196456692915
11
14.3071079527559046
21
-4.3014196456692915
0
LINE
8
BLACK
6
CONTINUOUS
10
14.3071079527559046
20
-4.3014196456692915
11
14.3062039763779527
21
-4.3012398425196849
0
LINE
8
BLACK
6
CONTINUOUS
10
14.3062039763779527
20
-4.3012398425196849
11
14.3049255511811015
21
-4.2999614173228347
0
LINE
8
BLACK
6
CONTINUOUS
10
14.3049255511811015
20
-4.2999614173228347
11
14.3049255511811015
21
-4.298153464566929
0
LINE
8
BLACK
6
CONTINUOUS
10
14.3049255511811015
20
-4.298153464566929
11
14.3062039763779527
21
-4.2968750393700788
0
LINE
8
BLACK
6
CONTINUOUS
10
14.3062039763779527
20
-4.2968750393700788
11
14.3071079527559046
21
-4.2966952362204722
0
LINE
8
BLACK
6
CONTINUOUS
10
14.3071079527559046
20
-4.2966952362204722
11
14.3155989763779523
21
-4.2966952362204722
0
LINE
8
BLACK
6
CONTINUOUS
10
14.3155989763779523
20
-4.2966952362204722
11
14.316502952755906
21
-4.2968750393700788
0
LINE
8
BLACK
6
CONTINUOUS
10
14.5607649212598425
20
-4.2791672834645667
11
14.5620433464566919
21
-4.2804457086614169
0
LINE
8
BLACK
6
CONTINUOUS
10
14.5620433464566919
20
-4.2804457086614169
11
14.5620433464566919
21
-4.2822536614173226
0
LINE
8
BLACK
6
CONTINUOUS
10
14.5620433464566919
20
-4.2822536614173226
11
14.5607649212598425
21
-4.2835320866141728
0
LINE
8
BLACK
6
CONTINUOUS
10
14.5607649212598425
20
-4.2835320866141728
11
14.5598609448818888
21
-4.2837118897637794
0
LINE
8
BLACK
6
CONTINUOUS
10
14.5598609448818888
20
-4.2837118897637794
11
14.5513699212598429
21
-4.2837118897637794
0
LINE
8
BLACK
6
CONTINUOUS
10
14.5513699212598429
20
-4.2837118897637794
11
14.5504659448818892
21
-4.2835320866141728
0
LINE
8
BLACK
6
CONTINUOUS
10
14.5504659448818892
20
-4.2835320866141728
11
14.5491875196850398
21
-4.2822536614173226
0
LINE
8
BLACK
6
CONTINUOUS
10
14.5491875196850398
20
-4.2822536614173226
11
14.5491875196850398
21
-4.2804457086614169
0
LINE
8
BLACK
6
CONTINUOUS
10
14.5491875196850398
20
-4.2804457086614169
11
14.5504659448818892
21
-4.2791672834645667
0
LINE
8
BLACK
6
CONTINUOUS
10
14.5504659448818892
20
-4.2791672834645667
11
14.5513699212598429
21
-4.2789874803149601
0
LINE
8
BLACK
6
CONTINUOUS
10
14.5513699212598429
20
-4.2789874803149601
11
14.5598609448818888
21
-4.2789874803149601
0
LINE
8
BLACK
6
CONTINUOUS
10
14.5598609448818888
20
-4.2789874803149601
11
14.5607649212598425
21
-4.2791672834645667
0
LINE
8
BLACK
6
CONTINUOUS
10
14.3900466535433065
20
-4.2507230314960625
11
14.3911120078740158
21
-4.2517883858267718
0
LINE
8
BLACK
6
CONTINUOUS
10
14.3911120078740158
20
-4.2517883858267718
11
14.3912618503937004
21
-4.2525416929133861
0
LINE
8
BLACK
6
CONTINUOUS
10
14.3912618503937004
20
-4.2525416929133861
11
14.3912618503937004
21
-4.2702582283464565
0
LINE
8
BLACK
6
CONTINUOUS
10
14.3912618503937004
20
-4.2702582283464565
11
14.3911120078740158
21
-4.2710115354330709
0
LINE
8
BLACK
6
CONTINUOUS
10
14.3911120078740158
20
-4.2710115354330709
11
14.3900466535433065
21
-4.2720768897637793
0
LINE
8
BLACK
6
CONTINUOUS
10
14.3900466535433065
20
-4.2720768897637793
11
14.3885400393700777
21
-4.2720768897637793
0
LINE
8
BLACK
6
CONTINUOUS
10
14.3885400393700777
20
-4.2720768897637793
11
14.3874746850393702
21
-4.2710115354330709
0
LINE
8
BLACK
6
CONTINUOUS
10
14.3874746850393702
20
-4.2710115354330709
11
14.3873248425196856
21
-4.2702582283464565
0
LINE
8
BLACK
6
CONTINUOUS
10
14.3873248425196856
20
-4.2702582283464565
11
14.3873248425196856
21
-4.2545101968503936
0
LINE
8
BLACK
6
CONTINUOUS
10
14.3873248425196856
20
-4.2545101968503936
11
14.3715768110236208
21
-4.2545101968503936
0
LINE
8
BLACK
6
CONTINUOUS
10
14.3715768110236208
20
-4.2545101968503936
11
14.3708235039370074
21
-4.2543603543307089
0
LINE
8
BLACK
6
CONTINUOUS
10
14.3708235039370074
20
-4.2543603543307089
11
14.369758149606298
21
-4.2532949999999996
0
LINE
8
BLACK
6
CONTINUOUS
10
14.369758149606298
20
-4.2532949999999996
11
14.369758149606298
21
-4.2517883858267718
0
LINE
8
BLACK
6
CONTINUOUS
10
14.369758149606298
20
-4.2517883858267718
11
14.3708235039370074
21
-4.2507230314960625
0
LINE
8
BLACK
6
CONTINUOUS
10
14.3708235039370074
20
-4.2507230314960625
11
14.3715768110236208
21
-4.2505731889763778
0
LINE
8
BLACK
6
CONTINUOUS
10
14.3715768110236208
20
-4.2505731889763778
11
14.389293346456693
21
-4.2505731889763778
0
LINE
8
BLACK
6
CONTINUOUS
10
14.389293346456693
20
-4.2505731889763778
11
14.3900466535433065
21
-4.2507230314960625
0
LINE
8
BLACK
6
CONTINUOUS
10
14.5607649212598425
20
-4.2508208267716538
11
14.5620433464566919
21
-4.2520992519685041
0
LINE
8
BLACK
6
CONTINUOUS
10
14.5620433464566919
20
-4.2520992519685041
11
14.5620433464566919
21
-4.2539072047244098
0
LINE
8
BLACK
6
CONTINUOUS
10
14.5620433464566919
20
-4.2539072047244098
11
14.5607649212598425
21
-4.25518562992126
0
LINE
8
BLACK
6
CONTINUOUS
10
14.5607649212598425
20
-4.25518562992126
11
14.5598609448818888
21
-4.2553654330708657
0
LINE
8
BLACK
6
CONTINUOUS
10
14.5598609448818888
20
-4.2553654330708657
11
14.5513699212598429
21
-4.2553654330708657
0
LINE
8
BLACK
6
CONTINUOUS
10
14.5513699212598429
20
-4.2553654330708657
11
14.5504659448818892
21
-4.25518562992126
0
LINE
8
BLACK
6
CONTINUOUS
10
14.5504659448818892
20
-4.25518562992126
11
14.5491875196850398
21
-4.2539072047244098
0
LINE
8
BLACK
6
CONTINUOUS
10
14.5491875196850398
20
-4.2539072047244098
11
14.5491875196850398
21
-4.2520992519685041
0
LINE
8
BLACK
6
CONTINUOUS
10
14.5491875196850398
20
-4.2520992519685041
11
14.5504659448818892
21
-4.2508208267716538
0
LINE
8
BLACK
6
CONTINUOUS
10
14.5504659448818892
20
-4.2508208267716538
11
14.5513699212598429
21
-4.2506410236220473
0
LINE
8
BLACK
6
CONTINUOUS
10
14.5513699212598429
20
-4.2506410236220473
11
14.5598609448818888
21
-4.2506410236220473
0
LINE
8
BLACK
6
CONTINUOUS
10
14.5598609448818888
20
-4.2506410236220473
11
14.5607649212598425
21
-4.2508208267716538
0
LINE
8
BLACK
6
CONTINUOUS
10
14.4758700000000005
20
-4.2301348425196847
11
14.4760198425196851
21
-4.2308881496062991
0
LINE
8
BLACK
6
CONTINUOUS
10
14.4760198425196851
20
-4.2308881496062991
11
14.4760198425196851
21
-4.2466361811023621
0
LINE
8
BLACK
6
CONTINUOUS
10
14.4760198425196851
20
-4.2466361811023621
11
14.4917678740157481
21
-4.2466361811023621
0
LINE
8
BLACK
6
CONTINUOUS
10
14.4917678740157481
20
-4.2466361811023621
11
14.4925211811023615
21
-4.2467860236220467
0
LINE
8
BLACK
6
CONTINUOUS
10
14.4925211811023615
20
-4.2467860236220467
11
14.4935865354330708
21
-4.247851377952756
0
LINE
8
BLACK
6
CONTINUOUS
10
14.4935865354330708
20
-4.247851377952756
11
14.4935865354330708
21
-4.2493579921259839
0
LINE
8
BLACK
6
CONTINUOUS
10
14.4935865354330708
20
-4.2493579921259839
11
14.4925211811023615
21
-4.2504233464566932
0
LINE
8
BLACK
6
CONTINUOUS
10
14.4925211811023615
20
-4.2504233464566932
11
14.4917678740157481
21
-4.2505731889763778
0
LINE
8
BLACK
6
CONTINUOUS
10
14.4917678740157481
20
-4.2505731889763778
11
14.4740513385826777
21
-4.2505731889763778
0
LINE
8
BLACK
6
CONTINUOUS
10
14.4740513385826777
20
-4.2505731889763778
11
14.4732980314960624
21
-4.2504233464566932
0
LINE
8
BLACK
6
CONTINUOUS
10
14.4732980314960624
20
-4.2504233464566932
11
14.4722326771653549
21
-4.2493579921259839
0
LINE
8
BLACK
6
CONTINUOUS
10
14.4722326771653549
20
-4.2493579921259839
11
14.4720828346456685
21
-4.2486046850393704
0
LINE
8
BLACK
6
CONTINUOUS
10
14.4720828346456685
20
-4.2486046850393704
11
14.4720828346456685
21
-4.2308881496062991
0
LINE
8
BLACK
6
CONTINUOUS
10
14.4720828346456685
20
-4.2308881496062991
11
14.4722326771653549
21
-4.2301348425196847
0
LINE
8
BLACK
6
CONTINUOUS
10
14.4722326771653549
20
-4.2301348425196847
11
14.4732980314960624
21
-4.2290694881889763
0
LINE
8
BLACK
6
CONTINUOUS
10
14.4732980314960624
20
-4.2290694881889763
11
14.4748046456692911
21
-4.2290694881889763
0
LINE
8
BLACK
6
CONTINUOUS
10
14.4748046456692911
20
-4.2290694881889763
11
14.4758700000000005
21
-4.2301348425196847
0
LINE
8
BLACK
6
CONTINUOUS
10
14.316502952755906
20
-4.2431903149606303
11
14.3177813779527554
21
-4.2444687401574805
0
LINE
8
BLACK
6
CONTINUOUS
10
14.3177813779527554
20
-4.2444687401574805
11
14.3177813779527554
21
-4.2462766929133862
0
LINE
8
BLACK
6
CONTINUOUS
10
14.3177813779527554
20
-4.2462766929133862
11
14.316502952755906
21
-4.2475551181102364
0
LINE
8
BLACK
6
CONTINUOUS
10
14.316502952755906
20
-4.2475551181102364
11
14.3155989763779523
21
-4.2477349212598421
0
LINE
8
BLACK
6
CONTINUOUS
10
14.3155989763779523
20
-4.2477349212598421
11
14.3071079527559046
21
-4.2477349212598421
0
LINE
8
BLACK
6
CONTINUOUS
10
14.3071079527559046
20
-4.2477349212598421
11
14.3062039763779527
21
-4.2475551181102364
0
LINE
8
BLACK
6
CONTINUOUS
10
14.3062039763779527
20
-4.2475551181102364
11
14.3049255511811015
21
-4.2462766929133862
0
LINE
8
BLACK
6
CONTINUOUS
10
14.3049255511811015
20
-4.2462766929133862
11
14.3049255511811015
21
-4.2444687401574805
0
LINE
8
BLACK
6
CONTINUOUS
10
14.3049255511811015
20
-4.2444687401574805
11
14.3062039763779527
21
-4.2431903149606303
0
LINE
8
BLACK
6
CONTINUOUS
10
14.3062039763779527
20
-4.2431903149606303
11
14.3071079527559046
21
-4.2430105118110237
0
LINE
8
BLACK
6
CONTINUOUS
10
14.3071079527559046
20
-4.2430105118110237
11
14.3155989763779523
21
-4.2430105118110237
0
LINE
8
BLACK
6
CONTINUOUS
10
14.3155989763779523
20
-4.2430105118110237
11
14.316502952755906
21
-4.2431903149606303
0
LINE
8
BLACK
6
CONTINUOUS
10
14.316502952755906
20
-4.2148438582677166
11
14.3177813779527554
21
-4.2161222834645669
0
LINE
8
BLACK
6
CONTINUOUS
10
14.3177813779527554
20
-4.2161222834645669
11
14.3177813779527554
21
-4.2179302362204725
0
LINE
8
BLACK
6
CONTINUOUS
10
14.3177813779527554
20
-4.2179302362204725
11
14.316502952755906
21
-4.2192086614173228
0
LINE
8
BLACK
6
CONTINUOUS
10
14.316502952755906
20
-4.2192086614173228
11
14.3155989763779523
21
-4.2193884645669293
0
LINE
8
BLACK
6
CONTINUOUS
10
14.3155989763779523
20
-4.2193884645669293
11
14.3071079527559046
21
-4.2193884645669293
0
LINE
8
BLACK
6
CONTINUOUS
10
14.3071079527559046
20
-4.2193884645669293
11
14.3062039763779527
21
-4.2192086614173228
0
LINE
8
BLACK
6
CONTINUOUS
10
14.3062039763779527
20
-4.2192086614173228
11
14.3049255511811015
21
-4.2179302362204725
0
LINE
8
BLACK
6
CONTINUOUS
10
14.3049255511811015
20
-4.2179302362204725
11
14.3049255511811015
21
-4.2161222834645669
0
LINE
8
BLACK
6
CONTINUOUS
10
14.3049255511811015
20
-4.2161222834645669
11
14.3062039763779527
21
-4.2148438582677166
0
LINE
8
BLACK
6
CONTINUOUS
10
14.3062039763779527
20
-4.2148438582677166
11
14.3071079527559046
21
-4.21466405511811
0
LINE
8
BLACK
6
CONTINUOUS
10
14.3071079527559046
20
-4.21466405511811
11
14.3155989763779523
21
-4.21466405511811
0
LINE
8
BLACK
6
CONTINUOUS
10
14.3155989763779523
20
-4.21466405511811
11
14.316502952755906
21
-4.2148438582677166
0
LINE
8
BLACK
6
CONTINUOUS
10
14.5606026771653543
20
-4.2012756299212599
11
14.5618811023622037
21
-4.2025540551181102
0
LINE
8
BLACK
6
CONTINUOUS
10
14.5618811023622037
20
-4.2025540551181102
11
14.5618811023622037
21
-4.2043620078740158
0
LINE
8
BLACK
6
CONTINUOUS
10
14.5618811023622037
20
-4.2043620078740158
11
14.5606026771653543
21
-4.2056404330708661
0
LINE
8
BLACK
6
CONTINUOUS
10
14.5606026771653543
20
-4.2056404330708661
11
14.5596987007874006
21
-4.2058202362204726
0
LINE
8
BLACK
6
CONTINUOUS
10
14.5596987007874006
20
-4.2058202362204726
11
14.5512076771653547
21
-4.2058202362204726
0
LINE
8
BLACK
6
CONTINUOUS
10
14.5512076771653547
20
-4.2058202362204726
11
14.550303700787401
21
-4.2056404330708661
0
LINE
8
BLACK
6
CONTINUOUS
10
14.550303700787401
20
-4.2056404330708661
11
14.5490252755905516
21
-4.2043620078740158
0
LINE
8
BLACK
6
CONTINUOUS
10
14.5490252755905516
20
-4.2043620078740158
11
14.5490252755905516
21
-4.2025540551181102
0
LINE
8
BLACK
6
CONTINUOUS
10
14.5490252755905516
20
-4.2025540551181102
11
14.550303700787401
21
-4.2012756299212599
0
LINE
8
BLACK
6
CONTINUOUS
10
14.550303700787401
20
-4.2012756299212599
11
14.5512076771653547
21
-4.2010958267716534
0
LINE
8
BLACK
6
CONTINUOUS
10
14.5512076771653547
20
-4.2010958267716534
11
14.5596987007874006
21
-4.2010958267716534
0
LINE
8
BLACK
6
CONTINUOUS
10
14.5596987007874006
20
-4.2010958267716534
11
14.5606026771653543
21
-4.2012756299212599
0
LINE
8
BLACK
6
CONTINUOUS
10
14.3900466535433065
20
-4.1725980314960625
11
14.3911120078740158
21
-4.1736633858267718
0
LINE
8
BLACK
6
CONTINUOUS
10
14.3911120078740158
20
-4.1736633858267718
11
14.3912618503937004
21
-4.1744166929133861
0
LINE
8
BLACK
6
CONTINUOUS
10
14.3912618503937004
20
-4.1744166929133861
11
14.3912618503937004
21
-4.1921332283464565
0
LINE
8
BLACK
6
CONTINUOUS
10
14.3912618503937004
20
-4.1921332283464565
11
14.3911120078740158
21
-4.1928865354330709
0
LINE
8
BLACK
6
CONTINUOUS
10
14.3911120078740158
20
-4.1928865354330709
11
14.3900466535433065
21
-4.1939518897637793
0
LINE
8
BLACK
6
CONTINUOUS
10
14.3900466535433065
20
-4.1939518897637793
11
14.3885400393700777
21
-4.1939518897637793
0
LINE
8
BLACK
6
CONTINUOUS
10
14.3885400393700777
20
-4.1939518897637793
11
14.3874746850393702
21
-4.1928865354330709
0
LINE
8
BLACK
6
CONTINUOUS
10
14.3874746850393702
20
-4.1928865354330709
11
14.3873248425196856
21
-4.1921332283464565
0
LINE
8
BLACK
6
CONTINUOUS
10
14.3873248425196856
20
-4.1921332283464565
11
14.3873248425196856
21
-4.1763851968503936
0
LINE
8
BLACK
6
CONTINUOUS
10
14.3873248425196856
20
-4.1763851968503936
11
14.3715768110236208
21
-4.1763851968503936
0
LINE
8
BLACK
6
CONTINUOUS
10
14.3715768110236208
20
-4.1763851968503936
11
14.3708235039370074
21
-4.1762353543307089
0
LINE
8
BLACK
6
CONTINUOUS
10
14.3708235039370074
20
-4.1762353543307089
11
14.369758149606298
21
-4.1751699999999996
0
LINE
8
BLACK
6
CONTINUOUS
10
14.369758149606298
20
-4.1751699999999996
11
14.369758149606298
21
-4.1736633858267718
0
LINE
8
BLACK
6
CONTINUOUS
10
14.369758149606298
20
-4.1736633858267718
11
14.3708235039370074
21
-4.1725980314960625
0
LINE
8
BLACK
6
CONTINUOUS
10
14.3708235039370074
20
-4.1725980314960625
11
14.3715768110236208
21
-4.1724481889763778
0
LINE
8
BLACK
6
CONTINUOUS
10
14.3715768110236208
20
-4.1724481889763778
11
14.389293346456693
21
-4.1724481889763778
0
LINE
8
BLACK
6
CONTINUOUS
10
14.389293346456693
20
-4.1724481889763778
11
14.3900466535433065
21
-4.1725980314960625
0
LINE
8
BLACK
6
CONTINUOUS
10
14.5606026771653543
20
-4.1729291732283462
11
14.5618811023622037
21
-4.1742075984251965
0
LINE
8
BLACK
6
CONTINUOUS
10
14.5618811023622037
20
-4.1742075984251965
11
14.5618811023622037
21
-4.1760155511811021
0
LINE
8
BLACK
6
CONTINUOUS
10
14.5618811023622037
20
-4.1760155511811021
11
14.5606026771653543
21
-4.1772939763779524
0
LINE
8
BLACK
6
CONTINUOUS
10
14.5606026771653543
20
-4.1772939763779524
11
14.5596987007874006
21
-4.1774737795275589
0
LINE
8
BLACK
6
CONTINUOUS
10
14.5596987007874006
20
-4.1774737795275589
11
14.5512076771653547
21
-4.1774737795275589
0
LINE
8
BLACK
6
CONTINUOUS
10
14.5512076771653547
20
-4.1774737795275589
11
14.550303700787401
21
-4.1772939763779524
0
LINE
8
BLACK
6
CONTINUOUS
10
14.550303700787401
20
-4.1772939763779524
11
14.5490252755905516
21
-4.1760155511811021
0
LINE
8
BLACK
6
CONTINUOUS
10
14.5490252755905516
20
-4.1760155511811021
11
14.5490252755905516
21
-4.1742075984251965
0
LINE
8
BLACK
6
CONTINUOUS
10
14.5490252755905516
20
-4.1742075984251965
11
14.550303700787401
21
-4.1729291732283462
0
LINE
8
BLACK
6
CONTINUOUS
10
14.550303700787401
20
-4.1729291732283462
11
14.5512076771653547
21
-4.1727493700787397
0
LINE
8
BLACK
6
CONTINUOUS
10
14.5512076771653547
20
-4.1727493700787397
11
14.5596987007874006
21
-4.1727493700787397
0
LINE
8
BLACK
6
CONTINUOUS
10
14.5596987007874006
20
-4.1727493700787397
11
14.5606026771653543
21
-4.1729291732283462
0
LINE
8
BLACK
6
CONTINUOUS
10
14.4758700000000005
20
-4.1520098425196847
11
14.4760198425196851
21
-4.1527631496062991
0
LINE
8
BLACK
6
CONTINUOUS
10
14.4760198425196851
20
-4.1527631496062991
11
14.4760198425196851
21
-4.1685111811023621
0
LINE
8
BLACK
6
CONTINUOUS
10
14.4760198425196851
20
-4.1685111811023621
11
14.4917678740157481
21
-4.1685111811023621
0
LINE
8
BLACK
6
CONTINUOUS
10
14.4917678740157481
20
-4.1685111811023621
11
14.4925211811023615
21
-4.1686610236220467
0
LINE
8
BLACK
6
CONTINUOUS
10
14.4925211811023615
20
-4.1686610236220467
11
14.4935865354330708
21
-4.169726377952756
0
LINE
8
BLACK
6
CONTINUOUS
10
14.4935865354330708
20
-4.169726377952756
11
14.4935865354330708
21
-4.1712329921259839
0
LINE
8
BLACK
6
CONTINUOUS
10
14.4935865354330708
20
-4.1712329921259839
11
14.4925211811023615
21
-4.1722983464566932
0
LINE
8
BLACK
6
CONTINUOUS
10
14.4925211811023615
20
-4.1722983464566932
11
14.4917678740157481
21
-4.1724481889763778
0
LINE
8
BLACK
6
CONTINUOUS
10
14.4917678740157481
20
-4.1724481889763778
11
14.4740513385826777
21
-4.1724481889763778
0
LINE
8
BLACK
6
CONTINUOUS
10
14.4740513385826777
20
-4.1724481889763778
11
14.4732980314960624
21
-4.1722983464566932
0
LINE
8
BLACK
6
CONTINUOUS
10
14.4732980314960624
20
-4.1722983464566932
11
14.4722326771653549
21
-4.1712329921259839
0
LINE
8
BLACK
6
CONTINUOUS
10
14.4722326771653549
20
-4.1712329921259839
11
14.4720828346456685
21
-4.1704796850393704
0
LINE
8
BLACK
6
CONTINUOUS
10
14.4720828346456685
20
-4.1704796850393704
11
14.4720828346456685
21
-4.1527631496062991
0
LINE
8
BLACK
6
CONTINUOUS
10
14.4720828346456685
20
-4.1527631496062991
11
14.4722326771653549
21
-4.1520098425196847
0
LINE
8
BLACK
6
CONTINUOUS
10
14.4722326771653549
20
-4.1520098425196847
11
14.4732980314960624
21
-4.1509444881889763
0
LINE
8
BLACK
6
CONTINUOUS
10
14.4732980314960624
20
-4.1509444881889763
11
14.4748046456692911
21
-4.1509444881889763
0
LINE
8
BLACK
6
CONTINUOUS
10
14.4748046456692911
20
-4.1509444881889763
11
14.4758700000000005
21
-4.1520098425196847
0
LINE
8
BLACK
6
CONTINUOUS
10
14.316502952755906
20
-4.1670185826771649
11
14.3177813779527554
21
-4.168297007874016
0
LINE
8
BLACK
6
CONTINUOUS
10
14.3177813779527554
20
-4.168297007874016
11
14.3177813779527554
21
-4.1701049606299208
0
LINE
8
BLACK
6
CONTINUOUS
10
14.3177813779527554
20
-4.1701049606299208
11
14.316502952755906
21
-4.1713833858267719
0
LINE
8
BLACK
6
CONTINUOUS
10
14.316502952755906
20
-4.1713833858267719
11
14.3155989763779523
21
-4.1715631889763776
0
LINE
8
BLACK
6
CONTINUOUS
10
14.3155989763779523
20
-4.1715631889763776
11
14.3071079527559046
21
-4.1715631889763776
0
LINE
8
BLACK
6
CONTINUOUS
10
14.3071079527559046
20
-4.1715631889763776
11
14.3062039763779527
21
-4.1713833858267719
0
LINE
8
BLACK
6
CONTINUOUS
10
14.3062039763779527
20
-4.1713833858267719
11
14.3049255511811015
21
-4.1701049606299208
0
LINE
8
BLACK
6
CONTINUOUS
10
14.3049255511811015
20
-4.1701049606299208
11
14.3049255511811015
21
-4.168297007874016
0
LINE
8
BLACK
6
CONTINUOUS
10
14.3049255511811015
20
-4.168297007874016
11
14.3062039763779527
21
-4.1670185826771649
0
LINE
8
BLACK
6
CONTINUOUS
10
14.3062039763779527
20
-4.1670185826771649
11
14.3071079527559046
21
-4.1668387795275592
0
LINE
8
BLACK
6
CONTINUOUS
10
14.3071079527559046
20
-4.1668387795275592
11
14.3155989763779523
21
-4.1668387795275592
0
LINE
8
BLACK
6
CONTINUOUS
10
14.3155989763779523
20
-4.1668387795275592
11
14.316502952755906
21
-4.1670185826771649
0
LINE
8
BLACK
6
CONTINUOUS
10
14.316502952755906
20
-4.138672125984252
11
14.3177813779527554
21
-4.1399505511811023
0
LINE
8
BLACK
6
CONTINUOUS
10
14.3177813779527554
20
-4.1399505511811023
11
14.3177813779527554
21
-4.141758503937008
0
LINE
8
BLACK
6
CONTINUOUS
10
14.3177813779527554
20
-4.141758503937008
11
14.316502952755906
21
-4.1430369291338582
0
LINE
8
BLACK
6
CONTINUOUS
10
14.316502952755906
20
-4.1430369291338582
11
14.3155989763779523
21
-4.1432167322834648
0
LINE
8
BLACK
6
CONTINUOUS
10
14.3155989763779523
20
-4.1432167322834648
11
14.3071079527559046
21
-4.1432167322834648
0
LINE
8
BLACK
6
CONTINUOUS
10
14.3071079527559046
20
-4.1432167322834648
11
14.3062039763779527
21
-4.1430369291338582
0
LINE
8
BLACK
6
CONTINUOUS
10
14.3062039763779527
20
-4.1430369291338582
11
14.3049255511811015
21
-4.141758503937008
0
LINE
8
BLACK
6
CONTINUOUS
10
14.3049255511811015
20
-4.141758503937008
11
14.3049255511811015
21
-4.1399505511811023
0
LINE
8
BLACK
6
CONTINUOUS
10
14.3049255511811015
20
-4.1399505511811023
11
14.3062039763779527
21
-4.138672125984252
0
LINE
8
BLACK
6
CONTINUOUS
10
14.3062039763779527
20
-4.138672125984252
11
14.3071079527559046
21
-4.1384923228346455
0
LINE
8
BLACK
6
CONTINUOUS
10
14.3071079527559046
20
-4.1384923228346455
11
14.3155989763779523
21
-4.1384923228346455
0
LINE
8
BLACK
6
CONTINUOUS
10
14.3155989763779523
20
-4.1384923228346455
11
14.316502952755906
21
-4.138672125984252
0
LINE
8
BLACK
6
CONTINUOUS
10
14.5604616141732279
20
-4.1238925196850396
11
14.5617400393700791
21
-4.1251709448818898
0
LINE
8
BLACK
6
CONTINUOUS
10
14.5617400393700791
20
-4.1251709448818898
11
14.5617400393700791
21
-4.1269788976377955
0
LINE
8
BLACK
6
CONTINUOUS
10
14.5617400393700791
20
-4.1269788976377955
11
14.5604616141732279
21
-4.1282573228346457
0
LINE
8
BLACK
6
CONTINUOUS
10
14.5604616141732279
20
-4.1282573228346457
11
14.559557637795276
21
-4.1284371259842523
0
LINE
8
BLACK
6
CONTINUOUS
10
14.559557637795276
20
-4.1284371259842523
11
14.5510666141732283
21
-4.1284371259842523
0
LINE
8
BLACK
6
CONTINUOUS
10
14.5510666141732283
20
-4.1284371259842523
11
14.5501626377952746
21
-4.1282573228346457
0
LINE
8
BLACK
6
CONTINUOUS
10
14.5501626377952746
20
-4.1282573228346457
11
14.5488842125984252
21
-4.1269788976377955
0
LINE
8
BLACK
6
CONTINUOUS
10
14.5488842125984252
20
-4.1269788976377955
11
14.5488842125984252
21
-4.1251709448818898
0
LINE
8
BLACK
6
CONTINUOUS
10
14.5488842125984252
20
-4.1251709448818898
11
14.5501626377952746
21
-4.1238925196850396
0
LINE
8
BLACK
6
CONTINUOUS
10
14.5501626377952746
20
-4.1238925196850396
11
14.5510666141732283
21
-4.123712716535433
0
LINE
8
BLACK
6
CONTINUOUS
10
14.5510666141732283
20
-4.123712716535433
11
14.559557637795276
21
-4.123712716535433
0
LINE
8
BLACK
6
CONTINUOUS
10
14.559557637795276
20
-4.123712716535433
11
14.5604616141732279
21
-4.1238925196850396
0
LINE
8
BLACK
6
CONTINUOUS
10
14.3900466535433065
20
-4.0944730314960633
11
14.3911120078740158
21
-4.0955383858267718
0
LINE
8
BLACK
6
CONTINUOUS
10
14.3911120078740158
20
-4.0955383858267718
11
14.3912618503937004
21
-4.0962916929133861
0
LINE
8
BLACK
6
CONTINUOUS
10
14.3912618503937004
20
-4.0962916929133861
11
14.3912618503937004
21
-4.1140082283464565
0
LINE
8
BLACK
6
CONTINUOUS
10
14.3912618503937004
20
-4.1140082283464565
11
14.3911120078740158
21
-4.1147615354330709
0
LINE
8
BLACK
6
CONTINUOUS
10
14.3911120078740158
20
-4.1147615354330709
11
14.3900466535433065
21
-4.1158268897637793
0
LINE
8
BLACK
6
CONTINUOUS
10
14.3900466535433065
20
-4.1158268897637793
11
14.3885400393700777
21
-4.1158268897637793
0
LINE
8
BLACK
6
CONTINUOUS
10
14.3885400393700777
20
-4.1158268897637793
11
14.3874746850393702
21
-4.1147615354330709
0
LINE
8
BLACK
6
CONTINUOUS
10
14.3874746850393702
20
-4.1147615354330709
11
14.3873248425196856
21
-4.1140082283464565
0
LINE
8
BLACK
6
CONTINUOUS
10
14.3873248425196856
20
-4.1140082283464565
11
14.3873248425196856
21
-4.0982601968503936
0
LINE
8
BLACK
6
CONTINUOUS
10
14.3873248425196856
20
-4.0982601968503936
11
14.3715768110236208
21
-4.0982601968503936
0
LINE
8
BLACK
6
CONTINUOUS
10
14.3715768110236208
20
-4.0982601968503936
11
14.3708235039370074
21
-4.0981103543307089
0
LINE
8
BLACK
6
CONTINUOUS
10
14.3708235039370074
20
-4.0981103543307089
11
14.369758149606298
21
-4.0970449999999996
0
LINE
8
BLACK
6
CONTINUOUS
10
14.369758149606298
20
-4.0970449999999996
11
14.369758149606298
21
-4.0955383858267718
0
LINE
8
BLACK
6
CONTINUOUS
10
14.369758149606298
20
-4.0955383858267718
11
14.3708235039370074
21
-4.0944730314960633
0
LINE
8
BLACK
6
CONTINUOUS
10
14.3708235039370074
20
-4.0944730314960633
11
14.3715768110236208
21
-4.0943231889763778
0
LINE
8
BLACK
6
CONTINUOUS
10
14.3715768110236208
20
-4.0943231889763778
11
14.389293346456693
21
-4.0943231889763778
0
LINE
8
BLACK
6
CONTINUOUS
10
14.389293346456693
20
-4.0943231889763778
11
14.3900466535433065
21
-4.0944730314960633
0
LINE
8
BLACK
6
CONTINUOUS
10
14.5604616141732279
20
-4.0955460629921259
11
14.5617400393700791
21
-4.0968244881889762
0
LINE
8
BLACK
6
CONTINUOUS
10
14.5617400393700791
20
-4.0968244881889762
11
14.5617400393700791
21
-4.0986324409448818
0
LINE
8
BLACK
6
CONTINUOUS
10
14.5617400393700791
20
-4.0986324409448818
11
14.5604616141732279
21
-4.0999108661417321
0
LINE
8
BLACK
6
CONTINUOUS
10
14.5604616141732279
20
-4.0999108661417321
11
14.559557637795276
21
-4.1000906692913386
0
LINE
8
BLACK
6
CONTINUOUS
10
14.559557637795276
20
-4.1000906692913386
11
14.5510666141732283
21
-4.1000906692913386
0
LINE
8
BLACK
6
CONTINUOUS
10
14.5510666141732283
20
-4.1000906692913386
11
14.5501626377952746
21
-4.0999108661417321
0
LINE
8
BLACK
6
CONTINUOUS
10
14.5501626377952746
20
-4.0999108661417321
11
14.5488842125984252
21
-4.0986324409448818
0
LINE
8
BLACK
6
CONTINUOUS
10
14.5488842125984252
20
-4.0986324409448818
11
14.5488842125984252
21
-4.0968244881889762
0
LINE
8
BLACK
6
CONTINUOUS
10
14.5488842125984252
20
-4.0968244881889762
11
14.5501626377952746
21
-4.0955460629921259
0
LINE
8
BLACK
6
CONTINUOUS
10
14.5501626377952746
20
-4.0955460629921259
11
14.5510666141732283
21
-4.0953662598425193
0
LINE
8
BLACK
6
CONTINUOUS
10
14.5510666141732283
20
-4.0953662598425193
11
14.559557637795276
21
-4.0953662598425193
0
LINE
8
BLACK
6
CONTINUOUS
10
14.559557637795276
20
-4.0953662598425193
11
14.5604616141732279
21
-4.0955460629921259
0
LINE
8
BLACK
6
CONTINUOUS
10
14.3165029133858273
20
-4.0908467716535428
11
14.3177813385826767
21
-4.092125196850394
0
LINE
8
BLACK
6
CONTINUOUS
10
14.3177813385826767
20
-4.092125196850394
11
14.3177813385826767
21
-4.0939331496062987
0
LINE
8
BLACK
6
CONTINUOUS
10
14.3177813385826767
20
-4.0939331496062987
11
14.3165029133858273
21
-4.0952115748031499
0
LINE
8
BLACK
6
CONTINUOUS
10
14.3165029133858273
20
-4.0952115748031499
11
14.3155989370078736
21
-4.0953913779527555
0
LINE
8
BLACK
6
CONTINUOUS
10
14.3155989370078736
20
-4.0953913779527555
11
14.3071079133858259
21
-4.0953913779527555
0
LINE
8
BLACK
6
CONTINUOUS
10
14.3071079133858259
20
-4.0953913779527555
11
14.306203937007874
21
-4.0952115748031499
0
LINE
8
BLACK
6
CONTINUOUS
10
14.306203937007874
20
-4.0952115748031499
11
14.3049255118110228
21
-4.0939331496062987
0
LINE
8
BLACK
6
CONTINUOUS
10
14.3049255118110228
20
-4.0939331496062987
11
14.3049255118110228
21
-4.092125196850394
0
LINE
8
BLACK
6
CONTINUOUS
10
14.3049255118110228
20
-4.092125196850394
11
14.306203937007874
21
-4.0908467716535428
0
LINE
8
BLACK
6
CONTINUOUS
10
14.306203937007874
20
-4.0908467716535428
11
14.3071079133858259
21
-4.0906669685039372
0
LINE
8
BLACK
6
CONTINUOUS
10
14.3071079133858259
20
-4.0906669685039372
11
14.3155989370078736
21
-4.0906669685039372
0
LINE
8
BLACK
6
CONTINUOUS
10
14.3155989370078736
20
-4.0906669685039372
11
14.3165029133858273
21
-4.0908467716535428
0
LINE
8
BLACK
6
CONTINUOUS
10
14.4758700000000005
20
-4.0738848425196847
11
14.4760198425196851
21
-4.0746381496062991
0
LINE
8
BLACK
6
CONTINUOUS
10
14.4760198425196851
20
-4.0746381496062991
11
14.4760198425196851
21
-4.0903861811023621
0
LINE
8
BLACK
6
CONTINUOUS
10
14.4760198425196851
20
-4.0903861811023621
11
14.4917678740157481
21
-4.0903861811023621
0
LINE
8
BLACK
6
CONTINUOUS
10
14.4917678740157481
20
-4.0903861811023621
11
14.4925211811023615
21
-4.0905360236220467
0
LINE
8
BLACK
6
CONTINUOUS
10
14.4925211811023615
20
-4.0905360236220467
11
14.4935865354330708
21
-4.091601377952756
0
LINE
8
BLACK
6
CONTINUOUS
10
14.4935865354330708
20
-4.091601377952756
11
14.4935865354330708
21
-4.0931079921259839
0
LINE
8
BLACK
6
CONTINUOUS
10
14.4935865354330708
20
-4.0931079921259839
11
14.4925211811023615
21
-4.0941733464566932
0
LINE
8
BLACK
6
CONTINUOUS
10
14.4925211811023615
20
-4.0941733464566932
11
14.4917678740157481
21
-4.0943231889763778
0
LINE
8
BLACK
6
CONTINUOUS
10
14.4917678740157481
20
-4.0943231889763778
11
14.4740513385826777
21
-4.0943231889763778
0
LINE
8
BLACK
6
CONTINUOUS
10
14.4740513385826777
20
-4.0943231889763778
11
14.4732980314960624
21
-4.0941733464566932
0
LINE
8
BLACK
6
CONTINUOUS
10
14.4732980314960624
20
-4.0941733464566932
11
14.4722326771653549
21
-4.0931079921259839
0
LINE
8
BLACK
6
CONTINUOUS
10
14.4722326771653549
20
-4.0931079921259839
11
14.4720828346456685
21
-4.0923546850393704
0
LINE
8
BLACK
6
CONTINUOUS
10
14.4720828346456685
20
-4.0923546850393704
11
14.4720828346456685
21
-4.0746381496062991
0
LINE
8
BLACK
6
CONTINUOUS
10
14.4720828346456685
20
-4.0746381496062991
11
14.4722326771653549
21
-4.0738848425196847
0
LINE
8
BLACK
6
CONTINUOUS
10
14.4722326771653549
20
-4.0738848425196847
11
14.4732980314960624
21
-4.0728194881889763
0
LINE
8
BLACK
6
CONTINUOUS
10
14.4732980314960624
20
-4.0728194881889763
11
14.4748046456692911
21
-4.0728194881889763
0
LINE
8
BLACK
6
CONTINUOUS
10
14.4748046456692911
20
-4.0728194881889763
11
14.4758700000000005
21
-4.0738848425196847
0
LINE
8
BLACK
6
CONTINUOUS
10
14.3165029133858273
20
-4.06250031496063
11
14.3177813385826767
21
-4.0637787401574803
0
LINE
8
BLACK
6
CONTINUOUS
10
14.3177813385826767
20
-4.0637787401574803
11
14.3177813385826767
21
-4.0655866929133859
0
LINE
8
BLACK
6
CONTINUOUS
10
14.3177813385826767
20
-4.0655866929133859
11
14.3165029133858273
21
-4.0668651181102362
0
LINE
8
BLACK
6
CONTINUOUS
10
14.3165029133858273
20
-4.0668651181102362
11
14.3155989370078736
21
-4.0670449212598427
0
LINE
8
BLACK
6
CONTINUOUS
10
14.3155989370078736
20
-4.0670449212598427
11
14.3071079133858259
21
-4.0670449212598427
0
LINE
8
BLACK
6
CONTINUOUS
10
14.3071079133858259
20
-4.0670449212598427
11
14.306203937007874
21
-4.0668651181102362
0
LINE
8
BLACK
6
CONTINUOUS
10
14.306203937007874
20
-4.0668651181102362
11
14.3049255118110228
21
-4.0655866929133859
0
LINE
8
BLACK
6
CONTINUOUS
10
14.3049255118110228
20
-4.0655866929133859
11
14.3049255118110228
21
-4.0637787401574803
0
LINE
8
BLACK
6
CONTINUOUS
10
14.3049255118110228
20
-4.0637787401574803
11
14.306203937007874
21
-4.06250031496063
0
LINE
8
BLACK
6
CONTINUOUS
10
14.306203937007874
20
-4.06250031496063
11
14.3071079133858259
21
-4.0623205118110235
0
LINE
8
BLACK
6
CONTINUOUS
10
14.3071079133858259
20
-4.0623205118110235
11
14.3155989370078736
21
-4.0623205118110235
0
LINE
8
BLACK
6
CONTINUOUS
10
14.3155989370078736
20
-4.0623205118110235
11
14.3165029133858273
21
-4.06250031496063
0
LINE
8
BLACK
6
CONTINUOUS
10
14.5604616141732279
20
-4.04772062992126
11
14.5617400393700791
21
-4.0489990551181103
0
LINE
8
BLACK
6
CONTINUOUS
10
14.5617400393700791
20
-4.0489990551181103
11
14.5617400393700791
21
-4.0508070078740159
0
LINE
8
BLACK
6
CONTINUOUS
10
14.5617400393700791
20
-4.0508070078740159
11
14.5604616141732279
21
-4.0520854330708662
0
LINE
8
BLACK
6
CONTINUOUS
10
14.5604616141732279
20
-4.0520854330708662
11
14.559557637795276
21
-4.0522652362204727
0
LINE
8
BLACK
6
CONTINUOUS
10
14.559557637795276
20
-4.0522652362204727
11
14.5510666141732283
21
-4.0522652362204727
0
LINE
8
BLACK
6
CONTINUOUS
10
14.5510666141732283
20
-4.0522652362204727
11
14.5501626377952746
21
-4.0520854330708662
0
LINE
8
BLACK
6
CONTINUOUS
10
14.5501626377952746
20
-4.0520854330708662
11
14.5488842125984252
21
-4.0508070078740159
0
LINE
8
BLACK
6
CONTINUOUS
10
14.5488842125984252
20
-4.0508070078740159
11
14.5488842125984252
21
-4.0489990551181103
0
LINE
8
BLACK
6
CONTINUOUS
10
14.5488842125984252
20
-4.0489990551181103
11
14.5501626377952746
21
-4.04772062992126
0
LINE
8
BLACK
6
CONTINUOUS
10
14.5501626377952746
20
-4.04772062992126
11
14.5510666141732283
21
-4.0475408267716535
0
LINE
8
BLACK
6
CONTINUOUS
10
14.5510666141732283
20
-4.0475408267716535
11
14.559557637795276
21
-4.0475408267716535
0
LINE
8
BLACK
6
CONTINUOUS
10
14.559557637795276
20
-4.0475408267716535
11
14.5604616141732279
21
-4.04772062992126
0
LINE
8
BLACK
6
CONTINUOUS
10
14.3900466535433065
20
-4.0163480314960633
11
14.3911120078740158
21
-4.0174133858267718
0
LINE
8
BLACK
6
CONTINUOUS
10
14.3911120078740158
20
-4.0174133858267718
11
14.3912618503937004
21
-4.0181666929133861
0
LINE
8
BLACK
6
CONTINUOUS
10
14.3912618503937004
20
-4.0181666929133861
11
14.3912618503937004
21
-4.0358832283464565
0
LINE
8
BLACK
6
CONTINUOUS
10
14.3912618503937004
20
-4.0358832283464565
11
14.3911120078740158
21
-4.0366365354330709
0
LINE
8
BLACK
6
CONTINUOUS
10
14.3911120078740158
20
-4.0366365354330709
11
14.3900466535433065
21
-4.0377018897637793
0
LINE
8
BLACK
6
CONTINUOUS
10
14.3900466535433065
20
-4.0377018897637793
11
14.3885400393700777
21
-4.0377018897637793
0
LINE
8
BLACK
6
CONTINUOUS
10
14.3885400393700777
20
-4.0377018897637793
11
14.3874746850393702
21
-4.0366365354330709
0
LINE
8
BLACK
6
CONTINUOUS
10
14.3874746850393702
20
-4.0366365354330709
11
14.3873248425196856
21
-4.0358832283464565
0
LINE
8
BLACK
6
CONTINUOUS
10
14.3873248425196856
20
-4.0358832283464565
11
14.3873248425196856
21
-4.0201351968503936
0
LINE
8
BLACK
6
CONTINUOUS
10
14.3873248425196856
20
-4.0201351968503936
11
14.3715768110236208
21
-4.0201351968503936
0
LINE
8
BLACK
6
CONTINUOUS
10
14.3715768110236208
20
-4.0201351968503936
11
14.3708235039370074
21
-4.0199853543307089
0
LINE
8
BLACK
6
CONTINUOUS
10
14.3708235039370074
20
-4.0199853543307089
11
14.369758149606298
21
-4.0189199999999996
0
LINE
8
BLACK
6
CONTINUOUS
10
14.369758149606298
20
-4.0189199999999996
11
14.369758149606298
21
-4.0174133858267718
0
LINE
8
BLACK
6
CONTINUOUS
10
14.369758149606298
20
-4.0174133858267718
11
14.3708235039370074
21
-4.0163480314960633
0
LINE
8
BLACK
6
CONTINUOUS
10
14.3708235039370074
20
-4.0163480314960633
11
14.3715768110236208
21
-4.0161981889763778
0
LINE
8
BLACK
6
CONTINUOUS
10
14.3715768110236208
20
-4.0161981889763778
11
14.389293346456693
21
-4.0161981889763778
0
LINE
8
BLACK
6
CONTINUOUS
10
14.389293346456693
20
-4.0161981889763778
11
14.3900466535433065
21
-4.0163480314960633
0
LINE
8
BLACK
6
CONTINUOUS
10
14.5604616141732279
20
-4.0193741732283463
11
14.5617400393700791
21
-4.0206525984251966
0
LINE
8
BLACK
6
CONTINUOUS
10
14.5617400393700791
20
-4.0206525984251966
11
14.5617400393700791
21
-4.0224605511811022
0
LINE
8
BLACK
6
CONTINUOUS
10
14.5617400393700791
20
-4.0224605511811022
11
14.5604616141732279
21
-4.0237389763779525
0
LINE
8
BLACK
6
CONTINUOUS
10
14.5604616141732279
20
-4.0237389763779525
11
14.559557637795276
21
-4.0239187795275591
0
LINE
8
BLACK
6
CONTINUOUS
10
14.559557637795276
20
-4.0239187795275591
11
14.5510666141732283
21
-4.0239187795275591
0
LINE
8
BLACK
6
CONTINUOUS
10
14.5510666141732283
20
-4.0239187795275591
11
14.5501626377952746
21
-4.0237389763779525
0
LINE
8
BLACK
6
CONTINUOUS
10
14.5501626377952746
20
-4.0237389763779525
11
14.5488842125984252
21
-4.0224605511811022
0
LINE
8
BLACK
6
CONTINUOUS
10
14.5488842125984252
20
-4.0224605511811022
11
14.5488842125984252
21
-4.0206525984251966
0
LINE
8
BLACK
6
CONTINUOUS
10
14.5488842125984252
20
-4.0206525984251966
11
14.5501626377952746
21
-4.0193741732283463
0
LINE
8
BLACK
6
CONTINUOUS
10
14.5501626377952746
20
-4.0193741732283463
11
14.5510666141732283
21
-4.0191943700787398
0
LINE
8
BLACK
6
CONTINUOUS
10
14.5510666141732283
20
-4.0191943700787398
11
14.559557637795276
21
-4.0191943700787398
0
LINE
8
BLACK
6
CONTINUOUS
10
14.559557637795276
20
-4.0191943700787398
11
14.5604616141732279
21
-4.0193741732283463
0
LINE
8
BLACK
6
CONTINUOUS
10
14.4758700000000005
20
-3.9957598425196847
11
14.4760198425196851
21
-3.9965131496062991
0
LINE
8
BLACK
6
CONTINUOUS
10
14.4760198425196851
20
-3.9965131496062991
11
14.4760198425196851
21
-4.0122611811023621
0
LINE
8
BLACK
6
CONTINUOUS
10
14.4760198425196851
20
-4.0122611811023621
11
14.4917678740157481
21
-4.0122611811023621
0
LINE
8
BLACK
6
CONTINUOUS
10
14.4917678740157481
20
-4.0122611811023621
11
14.4925211811023615
21
-4.0124110236220467
0
LINE
8
BLACK
6
CONTINUOUS
10
14.4925211811023615
20
-4.0124110236220467
11
14.4935865354330708
21
-4.013476377952756
0
LINE
8
BLACK
6
CONTINUOUS
10
14.4935865354330708
20
-4.013476377952756
11
14.4935865354330708
21
-4.0149829921259839
0
LINE
8
BLACK
6
CONTINUOUS
10
14.4935865354330708
20
-4.0149829921259839
11
14.4925211811023615
21
-4.0160483464566932
0
LINE
8
BLACK
6
CONTINUOUS
10
14.4925211811023615
20
-4.0160483464566932
11
14.4917678740157481
21
-4.0161981889763778
0
LINE
8
BLACK
6
CONTINUOUS
10
14.4917678740157481
20
-4.0161981889763778
11
14.4740513385826777
21
-4.0161981889763778
0
LINE
8
BLACK
6
CONTINUOUS
10
14.4740513385826777
20
-4.0161981889763778
11
14.4732980314960624
21
-4.0160483464566932
0
LINE
8
BLACK
6
CONTINUOUS
10
14.4732980314960624
20
-4.0160483464566932
11
14.4722326771653549
21
-4.0149829921259839
0
LINE
8
BLACK
6
CONTINUOUS
10
14.4722326771653549
20
-4.0149829921259839
11
14.4720828346456685
21
-4.0142296850393704
0
LINE
8
BLACK
6
CONTINUOUS
10
14.4720828346456685
20
-4.0142296850393704
11
14.4720828346456685
21
-3.9965131496062991
0
LINE
8
BLACK
6
CONTINUOUS
10
14.4720828346456685
20
-3.9965131496062991
11
14.4722326771653549
21
-3.9957598425196847
0
LINE
8
BLACK
6
CONTINUOUS
10
14.4722326771653549
20
-3.9957598425196847
11
14.4732980314960624
21
-3.9946944881889763
0
LINE
8
BLACK
6
CONTINUOUS
10
14.4732980314960624
20
-3.9946944881889763
11
14.4748046456692911
21
-3.9946944881889763
0
LINE
8
BLACK
6
CONTINUOUS
10
14.4748046456692911
20
-3.9946944881889763
11
14.4758700000000005
21
-3.9957598425196847
0
LINE
8
BLACK
6
CONTINUOUS
10
14.3165029133858273
20
-4.0088155905511806
11
14.3177813385826767
21
-4.0100940157480318
0
LINE
8
BLACK
6
CONTINUOUS
10
14.3177813385826767
20
-4.0100940157480318
11
14.3177813385826767
21
-4.0119019685039365
0
LINE
8
BLACK
6
CONTINUOUS
10
14.3177813385826767
20
-4.0119019685039365
11
14.3165029133858273
21
-4.0131803937007877
0
LINE
8
BLACK
6
CONTINUOUS
10
14.3165029133858273
20
-4.0131803937007877
11
14.3155989370078736
21
-4.0133601968503934
0
LINE
8
BLACK
6
CONTINUOUS
10
14.3155989370078736
20
-4.0133601968503934
11
14.3071079133858259
21
-4.0133601968503934
0
LINE
8
BLACK
6
CONTINUOUS
10
14.3071079133858259
20
-4.0133601968503934
11
14.306203937007874
21
-4.0131803937007877
0
LINE
8
BLACK
6
CONTINUOUS
10
14.306203937007874
20
-4.0131803937007877
11
14.3049255118110228
21
-4.0119019685039365
0
LINE
8
BLACK
6
CONTINUOUS
10
14.3049255118110228
20
-4.0119019685039365
11
14.3049255118110228
21
-4.0100940157480318
0
LINE
8
BLACK
6
CONTINUOUS
10
14.3049255118110228
20
-4.0100940157480318
11
14.306203937007874
21
-4.0088155905511806
0
LINE
8
BLACK
6
CONTINUOUS
10
14.306203937007874
20
-4.0088155905511806
11
14.3071079133858259
21
-4.008635787401575
0
LINE
8
BLACK
6
CONTINUOUS
10
14.3071079133858259
20
-4.008635787401575
11
14.3155989370078736
21
-4.008635787401575
0
LINE
8
BLACK
6
CONTINUOUS
10
14.3155989370078736
20
-4.008635787401575
11
14.3165029133858273
21
-4.0088155905511806
0
LINE
8
BLACK
6
CONTINUOUS
10
14.3165029133858273
20
-3.9804691338582678
11
14.3177813385826767
21
-3.9817475590551181
0
LINE
8
BLACK
6
CONTINUOUS
10
14.3177813385826767
20
-3.9817475590551181
11
14.3177813385826767
21
-3.9835555118110237
0
LINE
8
BLACK
6
CONTINUOUS
10
14.3177813385826767
20
-3.9835555118110237
11
14.3165029133858273
21
-3.984833937007874
0
LINE
8
BLACK
6
CONTINUOUS
10
14.3165029133858273
20
-3.984833937007874
11
14.3155989370078736
21
-3.9850137401574801
0
LINE
8
BLACK
6
CONTINUOUS
10
14.3155989370078736
20
-3.9850137401574801
11
14.3071079133858259
21
-3.9850137401574801
0
LINE
8
BLACK
6
CONTINUOUS
10
14.3071079133858259
20
-3.9850137401574801
11
14.306203937007874
21
-3.984833937007874
0
LINE
8
BLACK
6
CONTINUOUS
10
14.306203937007874
20
-3.984833937007874
11
14.3049255118110228
21
-3.9835555118110237
0
LINE
8
BLACK
6
CONTINUOUS
10
14.3049255118110228
20
-3.9835555118110237
11
14.3049255118110228
21
-3.9817475590551181
0
LINE
8
BLACK
6
CONTINUOUS
10
14.3049255118110228
20
-3.9817475590551181
11
14.306203937007874
21
-3.9804691338582678
0
LINE
8
BLACK
6
CONTINUOUS
10
14.306203937007874
20
-3.9804691338582678
11
14.3071079133858259
21
-3.9802893307086613
0
LINE
8
BLACK
6
CONTINUOUS
10
14.3071079133858259
20
-3.9802893307086613
11
14.3155989370078736
21
-3.9802893307086613
0
LINE
8
BLACK
6
CONTINUOUS
10
14.3155989370078736
20
-3.9802893307086613
11
14.3165029133858273
21
-3.9804691338582678
0
LINE
8
BLACK
6
CONTINUOUS
10
14.5604616141732279
20
-3.9656894488188974
11
14.5617400393700791
21
-3.9669678740157481
0
LINE
8
BLACK
6
CONTINUOUS
10
14.5617400393700791
20
-3.9669678740157481
11
14.5617400393700791
21
-3.9687758267716533
0
LINE
8
BLACK
6
CONTINUOUS
10
14.5617400393700791
20
-3.9687758267716533
11
14.5604616141732279
21
-3.970054251968504
0
LINE
8
BLACK
6
CONTINUOUS
10
14.5604616141732279
20
-3.970054251968504
11
14.559557637795276
21
-3.9702340551181101
0
LINE
8
BLACK
6
CONTINUOUS
10
14.559557637795276
20
-3.9702340551181101
11
14.5510666141732283
21
-3.9702340551181101
0
LINE
8
BLACK
6
CONTINUOUS
10
14.5510666141732283
20
-3.9702340551181101
11
14.5501626377952746
21
-3.970054251968504
0
LINE
8
BLACK
6
CONTINUOUS
10
14.5501626377952746
20
-3.970054251968504
11
14.5488842125984252
21
-3.9687758267716533
0
LINE
8
BLACK
6
CONTINUOUS
10
14.5488842125984252
20
-3.9687758267716533
11
14.5488842125984252
21
-3.9669678740157481
0
LINE
8
BLACK
6
CONTINUOUS
10
14.5488842125984252
20
-3.9669678740157481
11
14.5501626377952746
21
-3.9656894488188974
0
LINE
8
BLACK
6
CONTINUOUS
10
14.5501626377952746
20
-3.9656894488188974
11
14.5510666141732283
21
-3.9655096456692913
0
LINE
8
BLACK
6
CONTINUOUS
10
14.5510666141732283
20
-3.9655096456692913
11
14.559557637795276
21
-3.9655096456692913
0
LINE
8
BLACK
6
CONTINUOUS
10
14.559557637795276
20
-3.9655096456692913
11
14.5604616141732279
21
-3.9656894488188974
0
LINE
8
BLACK
6
CONTINUOUS
10
14.3900466535433065
20
-3.9382230314960629
11
14.3911120078740158
21
-3.9392883858267718
0
LINE
8
BLACK
6
CONTINUOUS
10
14.3911120078740158
20
-3.9392883858267718
11
14.3912618503937004
21
-3.9400416929133857
0
LINE
8
BLACK
6
CONTINUOUS
10
14.3912618503937004
20
-3.9400416929133857
11
14.3912618503937004
21
-3.9577582283464565
0
LINE
8
BLACK
6
CONTINUOUS
10
14.3912618503937004
20
-3.9577582283464565
11
14.3911120078740158
21
-3.9585115354330709
0
LINE
8
BLACK
6
CONTINUOUS
10
14.3911120078740158
20
-3.9585115354330709
11
14.3900466535433065
21
-3.9595768897637793
0
LINE
8
BLACK
6
CONTINUOUS
10
14.3900466535433065
20
-3.9595768897637793
11
14.3885400393700777
21
-3.9595768897637793
0
LINE
8
BLACK
6
CONTINUOUS
10
14.3885400393700777
20
-3.9595768897637793
11
14.3874746850393702
21
-3.9585115354330709
0
LINE
8
BLACK
6
CONTINUOUS
10
14.3874746850393702
20
-3.9585115354330709
11
14.3873248425196856
21
-3.9577582283464565
0
LINE
8
BLACK
6
CONTINUOUS
10
14.3873248425196856
20
-3.9577582283464565
11
14.3873248425196856
21
-3.9420101968503936
0
LINE
8
BLACK
6
CONTINUOUS
10
14.3873248425196856
20
-3.9420101968503936
11
14.3715768110236208
21
-3.9420101968503936
0
LINE
8
BLACK
6
CONTINUOUS
10
14.3715768110236208
20
-3.9420101968503936
11
14.3708235039370074
21
-3.9418603543307085
0
LINE
8
BLACK
6
CONTINUOUS
10
14.3708235039370074
20
-3.9418603543307085
11
14.369758149606298
21
-3.940795
0
LINE
8
BLACK
6
CONTINUOUS
10
14.369758149606298
20
-3.940795
11
14.369758149606298
21
-3.9392883858267718
0
LINE
8
BLACK
6
CONTINUOUS
10
14.369758149606298
20
-3.9392883858267718
11
14.3708235039370074
21
-3.9382230314960629
0
LINE
8
BLACK
6
CONTINUOUS
10
14.3708235039370074
20
-3.9382230314960629
11
14.3715768110236208
21
-3.9380731889763778
0
LINE
8
BLACK
6
CONTINUOUS
10
14.3715768110236208
20
-3.9380731889763778
11
14.389293346456693
21
-3.9380731889763778
0
LINE
8
BLACK
6
CONTINUOUS
10
14.389293346456693
20
-3.9380731889763778
11
14.3900466535433065
21
-3.9382230314960629
0
LINE
8
BLACK
6
CONTINUOUS
10
14.5604616141732279
20
-3.9373429921259842
11
14.5617400393700791
21
-3.9386214173228344
0
LINE
8
BLACK
6
CONTINUOUS
10
14.5617400393700791
20
-3.9386214173228344
11
14.5617400393700791
21
-3.9404293700787401
0
LINE
8
BLACK
6
CONTINUOUS
10
14.5617400393700791
20
-3.9404293700787401
11
14.5604616141732279
21
-3.9417077952755903
0
LINE
8
BLACK
6
CONTINUOUS
10
14.5604616141732279
20
-3.9417077952755903
11
14.559557637795276
21
-3.9418875984251969
0
LINE
8
BLACK
6
CONTINUOUS
10
14.559557637795276
20
-3.9418875984251969
11
14.5510666141732283
21
-3.9418875984251969
0
LINE
8
BLACK
6
CONTINUOUS
10
14.5510666141732283
20
-3.9418875984251969
11
14.5501626377952746
21
-3.9417077952755903
0
LINE
8
BLACK
6
CONTINUOUS
10
14.5501626377952746
20
-3.9417077952755903
11
14.5488842125984252
21
-3.9404293700787401
0
LINE
8
BLACK
6
CONTINUOUS
10
14.5488842125984252
20
-3.9404293700787401
11
14.5488842125984252
21
-3.9386214173228344
0
LINE
8
BLACK
6
CONTINUOUS
10
14.5488842125984252
20
-3.9386214173228344
11
14.5501626377952746
21
-3.9373429921259842
0
LINE
8
BLACK
6
CONTINUOUS
10
14.5501626377952746
20
-3.9373429921259842
11
14.5510666141732283
21
-3.9371631889763781
0
LINE
8
BLACK
6
CONTINUOUS
10
14.5510666141732283
20
-3.9371631889763781
11
14.559557637795276
21
-3.9371631889763781
0
LINE
8
BLACK
6
CONTINUOUS
10
14.559557637795276
20
-3.9371631889763781
11
14.5604616141732279
21
-3.9373429921259842
0
LINE
8
BLACK
6
CONTINUOUS
10
14.4758700000000005
20
-3.9176348425196847
11
14.4760198425196851
21
-3.9183881496062991
0
LINE
8
BLACK
6
CONTINUOUS
10
14.4760198425196851
20
-3.9183881496062991
11
14.4760198425196851
21
-3.9341361811023621
0
LINE
8
BLACK
6
CONTINUOUS
10
14.4760198425196851
20
-3.9341361811023621
11
14.4917678740157481
21
-3.9341361811023621
0
LINE
8
BLACK
6
CONTINUOUS
10
14.4917678740157481
20
-3.9341361811023621
11
14.4925211811023615
21
-3.9342860236220472
0
LINE
8
BLACK
6
CONTINUOUS
10
14.4925211811023615
20
-3.9342860236220472
11
14.4935865354330708
21
-3.935351377952756
0
LINE
8
BLACK
6
CONTINUOUS
10
14.4935865354330708
20
-3.935351377952756
11
14.4935865354330708
21
-3.9368579921259843
0
LINE
8
BLACK
6
CONTINUOUS
10
14.4935865354330708
20
-3.9368579921259843
11
14.4925211811023615
21
-3.9379233464566927
0
LINE
8
BLACK
6
CONTINUOUS
10
14.4925211811023615
20
-3.9379233464566927
11
14.4917678740157481
21
-3.9380731889763778
0
LINE
8
BLACK
6
CONTINUOUS
10
14.4917678740157481
20
-3.9380731889763778
11
14.4740513385826777
21
-3.9380731889763778
0
LINE
8
BLACK
6
CONTINUOUS
10
14.4740513385826777
20
-3.9380731889763778
11
14.4732980314960624
21
-3.9379233464566927
0
LINE
8
BLACK
6
CONTINUOUS
10
14.4732980314960624
20
-3.9379233464566927
11
14.4722326771653549
21
-3.9368579921259843
0
LINE
8
BLACK
6
CONTINUOUS
10
14.4722326771653549
20
-3.9368579921259843
11
14.4720828346456685
21
-3.9361046850393699
0
LINE
8
BLACK
6
CONTINUOUS
10
14.4720828346456685
20
-3.9361046850393699
11
14.4720828346456685
21
-3.9183881496062991
0
LINE
8
BLACK
6
CONTINUOUS
10
14.4720828346456685
20
-3.9183881496062991
11
14.4722326771653549
21
-3.9176348425196847
0
LINE
8
BLACK
6
CONTINUOUS
10
14.4722326771653549
20
-3.9176348425196847
11
14.4732980314960624
21
-3.9165694881889763
0
LINE
8
BLACK
6
CONTINUOUS
10
14.4732980314960624
20
-3.9165694881889763
11
14.4748046456692911
21
-3.9165694881889763
0
LINE
8
BLACK
6
CONTINUOUS
10
14.4748046456692911
20
-3.9165694881889763
11
14.4758700000000005
21
-3.9176348425196847
0
LINE
8
BLACK
6
CONTINUOUS
10
14.3165029133858273
20
-3.9326437795275591
11
14.3177813385826767
21
-3.9339222047244093
0
LINE
8
BLACK
6
CONTINUOUS
10
14.3177813385826767
20
-3.9339222047244093
11
14.3177813385826767
21
-3.935730157480315
0
LINE
8
BLACK
6
CONTINUOUS
10
14.3177813385826767
20
-3.935730157480315
11
14.3165029133858273
21
-3.9370085826771652
0
LINE
8
BLACK
6
CONTINUOUS
10
14.3165029133858273
20
-3.9370085826771652
11
14.3155989370078736
21
-3.9371883858267718
0
LINE
8
BLACK
6
CONTINUOUS
10
14.3155989370078736
20
-3.9371883858267718
11
14.3071079133858259
21
-3.9371883858267718
0
LINE
8
BLACK
6
CONTINUOUS
10
14.3071079133858259
20
-3.9371883858267718
11
14.306203937007874
21
-3.9370085826771652
0
LINE
8
BLACK
6
CONTINUOUS
10
14.306203937007874
20
-3.9370085826771652
11
14.3049255118110228
21
-3.935730157480315
0
LINE
8
BLACK
6
CONTINUOUS
10
14.3049255118110228
20
-3.935730157480315
11
14.3049255118110228
21
-3.9339222047244093
0
LINE
8
BLACK
6
CONTINUOUS
10
14.3049255118110228
20
-3.9339222047244093
11
14.306203937007874
21
-3.9326437795275591
0
LINE
8
BLACK
6
CONTINUOUS
10
14.306203937007874
20
-3.9326437795275591
11
14.3071079133858259
21
-3.9324639763779525
0
LINE
8
BLACK
6
CONTINUOUS
10
14.3071079133858259
20
-3.9324639763779525
11
14.3155989370078736
21
-3.9324639763779525
0
LINE
8
BLACK
6
CONTINUOUS
10
14.3155989370078736
20
-3.9324639763779525
11
14.3165029133858273
21
-3.9326437795275591
0
LINE
8
BLACK
6
CONTINUOUS
10
14.3165029133858273
20
-3.9042973228346454
11
14.3177813385826767
21
-3.9055757480314961
0
LINE
8
BLACK
6
CONTINUOUS
10
14.3177813385826767
20
-3.9055757480314961
11
14.3177813385826767
21
-3.9073837007874013
0
LINE
8
BLACK
6
CONTINUOUS
10
14.3177813385826767
20
-3.9073837007874013
11
14.3165029133858273
21
-3.908662125984252
0
LINE
8
BLACK
6
CONTINUOUS
10
14.3165029133858273
20
-3.908662125984252
11
14.3155989370078736
21
-3.9088419291338581
0
LINE
8
BLACK
6
CONTINUOUS
10
14.3155989370078736
20
-3.9088419291338581
11
14.3071079133858259
21
-3.9088419291338581
0
LINE
8
BLACK
6
CONTINUOUS
10
14.3071079133858259
20
-3.9088419291338581
11
14.306203937007874
21
-3.908662125984252
0
LINE
8
BLACK
6
CONTINUOUS
10
14.306203937007874
20
-3.908662125984252
11
14.3049255118110228
21
-3.9073837007874013
0
LINE
8
BLACK
6
CONTINUOUS
10
14.3049255118110228
20
-3.9073837007874013
11
14.3049255118110228
21
-3.9055757480314961
0
LINE
8
BLACK
6
CONTINUOUS
10
14.3049255118110228
20
-3.9055757480314961
11
14.306203937007874
21
-3.9042973228346454
0
LINE
8
BLACK
6
CONTINUOUS
10
14.306203937007874
20
-3.9042973228346454
11
14.3071079133858259
21
-3.9041175196850393
0
LINE
8
BLACK
6
CONTINUOUS
10
14.3071079133858259
20
-3.9041175196850393
11
14.3155989370078736
21
-3.9041175196850393
0
LINE
8
BLACK
6
CONTINUOUS
10
14.3155989370078736
20
-3.9041175196850393
11
14.3165029133858273
21
-3.9042973228346454
0
LINE
8
BLACK
6
CONTINUOUS
10
14.5604616141732279
20
-3.8895176377952754
11
14.5617400393700791
21
-3.8907960629921261
0
LINE
8
BLACK
6
CONTINUOUS
10
14.5617400393700791
20
-3.8907960629921261
11
14.5617400393700791
21
-3.8926040157480313
0
LINE
8
BLACK
6
CONTINUOUS
10
14.5617400393700791
20
-3.8926040157480313
11
14.5604616141732279
21
-3.893882440944882
0
LINE
8
BLACK
6
CONTINUOUS
10
14.5604616141732279
20
-3.893882440944882
11
14.559557637795276
21
-3.8940622440944881
0
LINE
8
BLACK
6
CONTINUOUS
10
14.559557637795276
20
-3.8940622440944881
11
14.5510666141732283
21
-3.8940622440944881
0
LINE
8
BLACK
6
CONTINUOUS
10
14.5510666141732283
20
-3.8940622440944881
11
14.5501626377952746
21
-3.893882440944882
0
LINE
8
BLACK
6
CONTINUOUS
10
14.5501626377952746
20
-3.893882440944882
11
14.5488842125984252
21
-3.8926040157480313
0
LINE
8
BLACK
6
CONTINUOUS
10
14.5488842125984252
20
-3.8926040157480313
11
14.5488842125984252
21
-3.8907960629921261
0
LINE
8
BLACK
6
CONTINUOUS
10
14.5488842125984252
20
-3.8907960629921261
11
14.5501626377952746
21
-3.8895176377952754
0
LINE
8
BLACK
6
CONTINUOUS
10
14.5501626377952746
20
-3.8895176377952754
11
14.5510666141732283
21
-3.8893378346456693
0
LINE
8
BLACK
6
CONTINUOUS
10
14.5510666141732283
20
-3.8893378346456693
11
14.559557637795276
21
-3.8893378346456693
0
LINE
8
BLACK
6
CONTINUOUS
10
14.559557637795276
20
-3.8893378346456693
11
14.5604616141732279
21
-3.8895176377952754
0
LINE
8
BLACK
6
CONTINUOUS
10
14.3900466535433065
20
-3.8600980314960629
11
14.3911120078740158
21
-3.8611633858267718
0
LINE
8
BLACK
6
CONTINUOUS
10
14.3911120078740158
20
-3.8611633858267718
11
14.3912618503937004
21
-3.8619166929133857
0
LINE
8
BLACK
6
CONTINUOUS
10
14.3912618503937004
20
-3.8619166929133857
11
14.3912618503937004
21
-3.8796332283464565
0
LINE
8
BLACK
6
CONTINUOUS
10
14.3912618503937004
20
-3.8796332283464565
11
14.3911120078740158
21
-3.8803865354330709
0
LINE
8
BLACK
6
CONTINUOUS
10
14.3911120078740158
20
-3.8803865354330709
11
14.3900466535433065
21
-3.8814518897637793
0
LINE
8
BLACK
6
CONTINUOUS
10
14.3900466535433065
20
-3.8814518897637793
11
14.3885400393700777
21
-3.8814518897637793
0
LINE
8
BLACK
6
CONTINUOUS
10
14.3885400393700777
20
-3.8814518897637793
11
14.3874746850393702
21
-3.8803865354330709
0
LINE
8
BLACK
6
CONTINUOUS
10
14.3874746850393702
20
-3.8803865354330709
11
14.3873248425196856
21
-3.8796332283464565
0
LINE
8
BLACK
6
CONTINUOUS
10
14.3873248425196856
20
-3.8796332283464565
11
14.3873248425196856
21
-3.8638851968503936
0
LINE
8
BLACK
6
CONTINUOUS
10
14.3873248425196856
20
-3.8638851968503936
11
14.3715768110236208
21
-3.8638851968503936
0
LINE
8
BLACK
6
CONTINUOUS
10
14.3715768110236208
20
-3.8638851968503936
11
14.3708235039370074
21
-3.8637353543307085
0
LINE
8
BLACK
6
CONTINUOUS
10
14.3708235039370074
20
-3.8637353543307085
11
14.369758149606298
21
-3.86267
0
LINE
8
BLACK
6
CONTINUOUS
10
14.369758149606298
20
-3.86267
11
14.369758149606298
21
-3.8611633858267718
0
LINE
8
BLACK
6
CONTINUOUS
10
14.369758149606298
20
-3.8611633858267718
11
14.3708235039370074
21
-3.8600980314960629
0
LINE
8
BLACK
6
CONTINUOUS
10
14.3708235039370074
20
-3.8600980314960629
11
14.3715768110236208
21
-3.8599481889763778
0
LINE
8
BLACK
6
CONTINUOUS
10
14.3715768110236208
20
-3.8599481889763778
11
14.389293346456693
21
-3.8599481889763778
0
LINE
8
BLACK
6
CONTINUOUS
10
14.389293346456693
20
-3.8599481889763778
11
14.3900466535433065
21
-3.8600980314960629
0
LINE
8
BLACK
6
CONTINUOUS
10
14.5604616141732279
20
-3.8611711811023621
11
14.5617400393700791
21
-3.8624496062992124
0
LINE
8
BLACK
6
CONTINUOUS
10
14.5617400393700791
20
-3.8624496062992124
11
14.5617400393700791
21
-3.864257559055118
0
LINE
8
BLACK
6
CONTINUOUS
10
14.5617400393700791
20
-3.864257559055118
11
14.5604616141732279
21
-3.8655359842519683
0
LINE
8
BLACK
6
CONTINUOUS
10
14.5604616141732279
20
-3.8655359842519683
11
14.559557637795276
21
-3.8657157874015748
0
LINE
8
BLACK
6
CONTINUOUS
10
14.559557637795276
20
-3.8657157874015748
11
14.5510666141732283
21
-3.8657157874015748
0
LINE
8
BLACK
6
CONTINUOUS
10
14.5510666141732283
20
-3.8657157874015748
11
14.5501626377952746
21
-3.8655359842519683
0
LINE
8
BLACK
6
CONTINUOUS
10
14.5501626377952746
20
-3.8655359842519683
11
14.5488842125984252
21
-3.864257559055118
0
LINE
8
BLACK
6
CONTINUOUS
10
14.5488842125984252
20
-3.864257559055118
11
14.5488842125984252
21
-3.8624496062992124
0
LINE
8
BLACK
6
CONTINUOUS
10
14.5488842125984252
20
-3.8624496062992124
11
14.5501626377952746
21
-3.8611711811023621
0
LINE
8
BLACK
6
CONTINUOUS
10
14.5501626377952746
20
-3.8611711811023621
11
14.5510666141732283
21
-3.8609913779527556
0
LINE
8
BLACK
6
CONTINUOUS
10
14.5510666141732283
20
-3.8609913779527556
11
14.559557637795276
21
-3.8609913779527556
0
LINE
8
BLACK
6
CONTINUOUS
10
14.559557637795276
20
-3.8609913779527556
11
14.5604616141732279
21
-3.8611711811023621
0
LINE
8
BLACK
6
CONTINUOUS
10
14.316502952755906
20
-3.8564718897637795
11
14.3177813779527554
21
-3.8577503149606298
0
LINE
8
BLACK
6
CONTINUOUS
10
14.3177813779527554
20
-3.8577503149606298
11
14.3177813779527554
21
-3.8595582677165354
0
LINE
8
BLACK
6
CONTINUOUS
10
14.3177813779527554
20
-3.8595582677165354
11
14.316502952755906
21
-3.8608366929133857
0
LINE
8
BLACK
6
CONTINUOUS
10
14.316502952755906
20
-3.8608366929133857
11
14.3155989763779523
21
-3.8610164960629922
0
LINE
8
BLACK
6
CONTINUOUS
10
14.3155989763779523
20
-3.8610164960629922
11
14.3071079527559046
21
-3.8610164960629922
0
LINE
8
BLACK
6
CONTINUOUS
10
14.3071079527559046
20
-3.8610164960629922
11
14.3062039763779527
21
-3.8608366929133857
0
LINE
8
BLACK
6
CONTINUOUS
10
14.3062039763779527
20
-3.8608366929133857
11
14.3049255511811015
21
-3.8595582677165354
0
LINE
8
BLACK
6
CONTINUOUS
10
14.3049255511811015
20
-3.8595582677165354
11
14.3049255511811015
21
-3.8577503149606298
0
LINE
8
BLACK
6
CONTINUOUS
10
14.3049255511811015
20
-3.8577503149606298
11
14.3062039763779527
21
-3.8564718897637795
0
LINE
8
BLACK
6
CONTINUOUS
10
14.3062039763779527
20
-3.8564718897637795
11
14.3071079527559046
21
-3.856292086614173
0
LINE
8
BLACK
6
CONTINUOUS
10
14.3071079527559046
20
-3.856292086614173
11
14.3155989763779523
21
-3.856292086614173
0
LINE
8
BLACK
6
CONTINUOUS
10
14.3155989763779523
20
-3.856292086614173
11
14.316502952755906
21
-3.8564718897637795
0
LINE
8
BLACK
6
CONTINUOUS
10
14.4758700000000005
20
-3.8395098425196847
11
14.4760198425196851
21
-3.8402631496062991
0
LINE
8
BLACK
6
CONTINUOUS
10
14.4760198425196851
20
-3.8402631496062991
11
14.4760198425196851
21
-3.8560111811023621
0
LINE
8
BLACK
6
CONTINUOUS
10
14.4760198425196851
20
-3.8560111811023621
11
14.4917678740157481
21
-3.8560111811023621
0
LINE
8
BLACK
6
CONTINUOUS
10
14.4917678740157481
20
-3.8560111811023621
11
14.4925211811023615
21
-3.8561610236220472
0
LINE
8
BLACK
6
CONTINUOUS
10
14.4925211811023615
20
-3.8561610236220472
11
14.4935865354330708
21
-3.857226377952756
0
LINE
8
BLACK
6
CONTINUOUS
10
14.4935865354330708
20
-3.857226377952756
11
14.4935865354330708
21
-3.8587329921259843
0
LINE
8
BLACK
6
CONTINUOUS
10
14.4935865354330708
20
-3.8587329921259843
11
14.4925211811023615
21
-3.8597983464566927
0
LINE
8
BLACK
6
CONTINUOUS
10
14.4925211811023615
20
-3.8597983464566927
11
14.4917678740157481
21
-3.8599481889763778
0
LINE
8
BLACK
6
CONTINUOUS
10
14.4917678740157481
20
-3.8599481889763778
11
14.4740513385826777
21
-3.8599481889763778
0
LINE
8
BLACK
6
CONTINUOUS
10
14.4740513385826777
20
-3.8599481889763778
11
14.4732980314960624
21
-3.8597983464566927
0
LINE
8
BLACK
6
CONTINUOUS
10
14.4732980314960624
20
-3.8597983464566927
11
14.4722326771653549
21
-3.8587329921259843
0
LINE
8
BLACK
6
CONTINUOUS
10
14.4722326771653549
20
-3.8587329921259843
11
14.4720828346456685
21
-3.8579796850393699
0
LINE
8
BLACK
6
CONTINUOUS
10
14.4720828346456685
20
-3.8579796850393699
11
14.4720828346456685
21
-3.8402631496062991
0
LINE
8
BLACK
6
CONTINUOUS
10
14.4720828346456685
20
-3.8402631496062991
11
14.4722326771653549
21
-3.8395098425196847
0
LINE
8
BLACK
6
CONTINUOUS
10
14.4722326771653549
20
-3.8395098425196847
11
14.4732980314960624
21
-3.8384444881889763
0
LINE
8
BLACK
6
CONTINUOUS
10
14.4732980314960624
20
-3.8384444881889763
11
14.4748046456692911
21
-3.8384444881889763
0
LINE
8
BLACK
6
CONTINUOUS
10
14.4748046456692911
20
-3.8384444881889763
11
14.4758700000000005
21
-3.8395098425196847
0
LINE
8
BLACK
6
CONTINUOUS
10
14.316502952755906
20
-3.8281254330708658
11
14.3177813779527554
21
-3.8294038582677166
0
LINE
8
BLACK
6
CONTINUOUS
10
14.3177813779527554
20
-3.8294038582677166
11
14.3177813779527554
21
-3.8312118110236217
0
LINE
8
BLACK
6
CONTINUOUS
10
14.3177813779527554
20
-3.8312118110236217
11
14.316502952755906
21
-3.8324902362204725
0
LINE
8
BLACK
6
CONTINUOUS
10
14.316502952755906
20
-3.8324902362204725
11
14.3155989763779523
21
-3.8326700393700786
0
LINE
8
BLACK
6
CONTINUOUS
10
14.3155989763779523
20
-3.8326700393700786
11
14.3071079527559046
21
-3.8326700393700786
0
LINE
8
BLACK
6
CONTINUOUS
10
14.3071079527559046
20
-3.8326700393700786
11
14.3062039763779527
21
-3.8324902362204725
0
LINE
8
BLACK
6
CONTINUOUS
10
14.3062039763779527
20
-3.8324902362204725
11
14.3049255511811015
21
-3.8312118110236217
0
LINE
8
BLACK
6
CONTINUOUS
10
14.3049255511811015
20
-3.8312118110236217
11
14.3049255511811015
21
-3.8294038582677166
0
LINE
8
BLACK
6
CONTINUOUS
10
14.3049255511811015
20
-3.8294038582677166
11
14.3062039763779527
21
-3.8281254330708658
0
LINE
8
BLACK
6
CONTINUOUS
10
14.3062039763779527
20
-3.8281254330708658
11
14.3071079527559046
21
-3.8279456299212598
0
LINE
8
BLACK
6
CONTINUOUS
10
14.3071079527559046
20
-3.8279456299212598
11
14.3155989763779523
21
-3.8279456299212598
0
LINE
8
BLACK
6
CONTINUOUS
10
14.3155989763779523
20
-3.8279456299212598
11
14.316502952755906
21
-3.8281254330708658
0
LINE
8
BLACK
6
CONTINUOUS
10
14.5604616141732279
20
-3.8133458661417321
11
14.5617400393700791
21
-3.8146242913385824
0
LINE
8
BLACK
6
CONTINUOUS
10
14.5617400393700791
20
-3.8146242913385824
11
14.5617400393700791
21
-3.816432244094488
0
LINE
8
BLACK
6
CONTINUOUS
10
14.5617400393700791
20
-3.816432244094488
11
14.5604616141732279
21
-3.8177106692913383
0
LINE
8
BLACK
6
CONTINUOUS
10
14.5604616141732279
20
-3.8177106692913383
11
14.559557637795276
21
-3.8178904724409448
0
LINE
8
BLACK
6
CONTINUOUS
10
14.559557637795276
20
-3.8178904724409448
11
14.5510666141732283
21
-3.8178904724409448
0
LINE
8
BLACK
6
CONTINUOUS
10
14.5510666141732283
20
-3.8178904724409448
11
14.5501626377952746
21
-3.8177106692913383
0
LINE
8
BLACK
6
CONTINUOUS
10
14.5501626377952746
20
-3.8177106692913383
11
14.5488842125984252
21
-3.816432244094488
0
LINE
8
BLACK
6
CONTINUOUS
10
14.5488842125984252
20
-3.816432244094488
11
14.5488842125984252
21
-3.8146242913385824
0
LINE
8
BLACK
6
CONTINUOUS
10
14.5488842125984252
20
-3.8146242913385824
11
14.5501626377952746
21
-3.8133458661417321
0
LINE
8
BLACK
6
CONTINUOUS
10
14.5501626377952746
20
-3.8133458661417321
11
14.5510666141732283
21
-3.813166062992126
0
LINE
8
BLACK
6
CONTINUOUS
10
14.5510666141732283
20
-3.813166062992126
11
14.559557637795276
21
-3.813166062992126
0
LINE
8
BLACK
6
CONTINUOUS
10
14.559557637795276
20
-3.813166062992126
11
14.5604616141732279
21
-3.8133458661417321
0
LINE
8
BLACK
6
CONTINUOUS
10
17.8636489370078735
20
-3.640336181102362
11
17.86382874015748
21
-3.6412401574803148
0
LINE
8
BLACK
6
CONTINUOUS
10
17.86382874015748
20
-3.6412401574803148
11
17.86382874015748
21
-3.800295275590551
0
LINE
8
BLACK
6
CONTINUOUS
10
17.86382874015748
20
-3.800295275590551
11
17.9559547244094482
21
-3.800295275590551
0
LINE
8
BLACK
6
CONTINUOUS
10
17.9559547244094482
20
-3.800295275590551
11
17.9568587007874001
21
-3.8004750787401576
0
LINE
8
BLACK
6
CONTINUOUS
10
17.9568587007874001
20
-3.8004750787401576
11
17.9581371259842513
21
-3.8017535039370078
0
LINE
8
BLACK
6
CONTINUOUS
10
17.9581371259842513
20
-3.8017535039370078
11
17.9581371259842513
21
-3.8035614566929135
0
LINE
8
BLACK
6
CONTINUOUS
10
17.9581371259842513
20
-3.8035614566929135
11
17.9568587007874001
21
-3.8048398818897637
0
LINE
8
BLACK
6
CONTINUOUS
10
17.9568587007874001
20
-3.8048398818897637
11
17.9559547244094482
21
-3.8050196850393698
0
LINE
8
BLACK
6
CONTINUOUS
10
17.9559547244094482
20
-3.8050196850393698
11
17.8614665354330704
21
-3.8050196850393698
0
LINE
8
BLACK
6
CONTINUOUS
10
17.8614665354330704
20
-3.8050196850393698
11
17.8605625590551185
21
-3.8048398818897637
0
LINE
8
BLACK
6
CONTINUOUS
10
17.8605625590551185
20
-3.8048398818897637
11
17.8592841338582673
21
-3.8035614566929135
0
LINE
8
BLACK
6
CONTINUOUS
10
17.8592841338582673
20
-3.8035614566929135
11
17.8591043307086608
21
-3.8026574803149606
0
LINE
8
BLACK
6
CONTINUOUS
10
17.8591043307086608
20
-3.8026574803149606
11
17.8591043307086608
21
-3.6412401574803148
0
LINE
8
BLACK
6
CONTINUOUS
10
17.8591043307086608
20
-3.6412401574803148
11
17.8592841338582673
21
-3.640336181102362
0
LINE
8
BLACK
6
CONTINUOUS
10
17.8592841338582673
20
-3.640336181102362
11
17.8605625590551185
21
-3.6390577559055117
0
LINE
8
BLACK
6
CONTINUOUS
10
17.8605625590551185
20
-3.6390577559055117
11
17.8623705118110223
21
-3.6390577559055117
0
LINE
8
BLACK
6
CONTINUOUS
10
17.8623705118110223
20
-3.6390577559055117
11
17.8636489370078735
21
-3.640336181102362
0
LINE
8
BLACK
6
CONTINUOUS
10
18.1458350787401557
20
-3.8004750787401576
11
18.1471135039370068
21
-3.8017535039370078
0
LINE
8
BLACK
6
CONTINUOUS
10
18.1471135039370068
20
-3.8017535039370078
11
18.1471135039370068
21
-3.8035614566929135
0
LINE
8
BLACK
6
CONTINUOUS
10
18.1471135039370068
20
-3.8035614566929135
11
18.1458350787401557
21
-3.8048398818897637
0
LINE
8
BLACK
6
CONTINUOUS
10
18.1458350787401557
20
-3.8048398818897637
11
18.1449311023622037
21
-3.8050196850393698
0
LINE
8
BLACK
6
CONTINUOUS
10
18.1449311023622037
20
-3.8050196850393698
11
18.0425688976377963
21
-3.8050196850393698
0
LINE
8
BLACK
6
CONTINUOUS
10
18.0425688976377963
20
-3.8050196850393698
11
18.0416649212598408
21
-3.8048398818897637
0
LINE
8
BLACK
6
CONTINUOUS
10
18.0416649212598408
20
-3.8048398818897637
11
18.0403864960629932
21
-3.8035614566929135
0
LINE
8
BLACK
6
CONTINUOUS
10
18.0403864960629932
20
-3.8035614566929135
11
18.0403864960629932
21
-3.8017535039370078
0
LINE
8
BLACK
6
CONTINUOUS
10
18.0403864960629932
20
-3.8017535039370078
11
18.0416649212598408
21
-3.8004750787401576
0
LINE
8
BLACK
6
CONTINUOUS
10
18.0416649212598408
20
-3.8004750787401576
11
18.0425688976377963
21
-3.800295275590551
0
LINE
8
BLACK
6
CONTINUOUS
10
18.0425688976377963
20
-3.800295275590551
11
18.1449311023622037
21
-3.800295275590551
0
LINE
8
BLACK
6
CONTINUOUS
10
18.1449311023622037
20
-3.800295275590551
11
18.1458350787401557
21
-3.8004750787401576
0
LINE
8
BLACK
6
CONTINUOUS
10
18.3282158661417327
20
-3.640336181102362
11
18.3283956692913392
21
-3.6412401574803148
0
LINE
8
BLACK
6
CONTINUOUS
10
18.3283956692913392
20
-3.6412401574803148
11
18.3283956692913392
21
-3.8026574803149606
0
LINE
8
BLACK
6
CONTINUOUS
10
18.3283956692913392
20
-3.8026574803149606
11
18.3282158661417327
21
-3.8035614566929135
0
LINE
8
BLACK
6
CONTINUOUS
10
18.3282158661417327
20
-3.8035614566929135
11
18.3269374409448815
21
-3.8048398818897637
0
LINE
8
BLACK
6
CONTINUOUS
10
18.3269374409448815
20
-3.8048398818897637
11
18.3260334645669296
21
-3.8050196850393698
0
LINE
8
BLACK
6
CONTINUOUS
10
18.3260334645669296
20
-3.8050196850393698
11
18.2315452755905518
21
-3.8050196850393698
0
LINE
8
BLACK
6
CONTINUOUS
10
18.2315452755905518
20
-3.8050196850393698
11
18.2306412992125964
21
-3.8048398818897637
0
LINE
8
BLACK
6
CONTINUOUS
10
18.2306412992125964
20
-3.8048398818897637
11
18.2293628740157487
21
-3.8035614566929135
0
LINE
8
BLACK
6
CONTINUOUS
10
18.2293628740157487
20
-3.8035614566929135
11
18.2293628740157487
21
-3.8017535039370078
0
LINE
8
BLACK
6
CONTINUOUS
10
18.2293628740157487
20
-3.8017535039370078
11
18.2306412992125964
21
-3.8004750787401576
0
LINE
8
BLACK
6
CONTINUOUS
10
18.2306412992125964
20
-3.8004750787401576
11
18.2315452755905518
21
-3.800295275590551
0
LINE
8
BLACK
6
CONTINUOUS
10
18.2315452755905518
20
-3.800295275590551
11
18.32367125984252
21
-3.800295275590551
0
LINE
8
BLACK
6
CONTINUOUS
10
18.32367125984252
20
-3.800295275590551
11
18.32367125984252
21
-3.6412401574803148
0
LINE
8
BLACK
6
CONTINUOUS
10
18.32367125984252
20
-3.6412401574803148
11
18.3238510629921265
21
-3.640336181102362
0
LINE
8
BLACK
6
CONTINUOUS
10
18.3238510629921265
20
-3.640336181102362
11
18.3251294881889777
21
-3.6390577559055117
0
LINE
8
BLACK
6
CONTINUOUS
10
18.3251294881889777
20
-3.6390577559055117
11
18.3269374409448815
21
-3.6390577559055117
0
LINE
8
BLACK
6
CONTINUOUS
10
18.3269374409448815
20
-3.6390577559055117
11
18.3282158661417327
21
-3.640336181102362
0
LINE
8
BLACK
6
CONTINUOUS
10
14.3900466535433065
20
-3.7819730314960629
11
14.3911120078740158
21
-3.7830383858267718
0
LINE
8
BLACK
6
CONTINUOUS
10
14.3911120078740158
20
-3.7830383858267718
11
14.3912618503937004
21
-3.7837916929133857
0
LINE
8
BLACK
6
CONTINUOUS
10
14.3912618503937004
20
-3.7837916929133857
11
14.3912618503937004
21
-3.8015082283464565
0
LINE
8
BLACK
6
CONTINUOUS
10
14.3912618503937004
20
-3.8015082283464565
11
14.3911120078740158
21
-3.8022615354330709
0
LINE
8
BLACK
6
CONTINUOUS
10
14.3911120078740158
20
-3.8022615354330709
11
14.3900466535433065
21
-3.8033268897637793
0
LINE
8
BLACK
6
CONTINUOUS
10
14.3900466535433065
20
-3.8033268897637793
11
14.3885400393700777
21
-3.8033268897637793
0
LINE
8
BLACK
6
CONTINUOUS
10
14.3885400393700777
20
-3.8033268897637793
11
14.3874746850393702
21
-3.8022615354330709
0
LINE
8
BLACK
6
CONTINUOUS
10
14.3874746850393702
20
-3.8022615354330709
11
14.3873248425196856
21
-3.8015082283464565
0
LINE
8
BLACK
6
CONTINUOUS
10
14.3873248425196856
20
-3.8015082283464565
11
14.3873248425196856
21
-3.7857601968503936
0
LINE
8
BLACK
6
CONTINUOUS
10
14.3873248425196856
20
-3.7857601968503936
11
14.3715768110236208
21
-3.7857601968503936
0
LINE
8
BLACK
6
CONTINUOUS
10
14.3715768110236208
20
-3.7857601968503936
11
14.3708235039370074
21
-3.7856103543307085
0
LINE
8
BLACK
6
CONTINUOUS
10
14.3708235039370074
20
-3.7856103543307085
11
14.369758149606298
21
-3.784545
0
LINE
8
BLACK
6
CONTINUOUS
10
14.369758149606298
20
-3.784545
11
14.369758149606298
21
-3.7830383858267718
0
LINE
8
BLACK
6
CONTINUOUS
10
14.369758149606298
20
-3.7830383858267718
11
14.3708235039370074
21
-3.7819730314960629
0
LINE
8
BLACK
6
CONTINUOUS
10
14.3708235039370074
20
-3.7819730314960629
11
14.3715768110236208
21
-3.7818231889763778
0
LINE
8
BLACK
6
CONTINUOUS
10
14.3715768110236208
20
-3.7818231889763778
11
14.389293346456693
21
-3.7818231889763778
0
LINE
8
BLACK
6
CONTINUOUS
10
14.389293346456693
20
-3.7818231889763778
11
14.3900466535433065
21
-3.7819730314960629
0
LINE
8
BLACK
6
CONTINUOUS
10
14.5604616141732279
20
-3.7849994094488189
11
14.5617400393700791
21
-3.7862778346456691
0
LINE
8
BLACK
6
CONTINUOUS
10
14.5617400393700791
20
-3.7862778346456691
11
14.5617400393700791
21
-3.7880857874015748
0
LINE
8
BLACK
6
CONTINUOUS
10
14.5617400393700791
20
-3.7880857874015748
11
14.5604616141732279
21
-3.789364212598425
0
LINE
8
BLACK
6
CONTINUOUS
10
14.5604616141732279
20
-3.789364212598425
11
14.559557637795276
21
-3.7895440157480316
0
LINE
8
BLACK
6
CONTINUOUS
10
14.559557637795276
20
-3.7895440157480316
11
14.5510666141732283
21
-3.7895440157480316
0
LINE
8
BLACK
6
CONTINUOUS
10
14.5510666141732283
20
-3.7895440157480316
11
14.5501626377952746
21
-3.789364212598425
0
LINE
8
BLACK
6
CONTINUOUS
10
14.5501626377952746
20
-3.789364212598425
11
14.5488842125984252
21
-3.7880857874015748
0
LINE
8
BLACK
6
CONTINUOUS
10
14.5488842125984252
20
-3.7880857874015748
11
14.5488842125984252
21
-3.7862778346456691
0
LINE
8
BLACK
6
CONTINUOUS
10
14.5488842125984252
20
-3.7862778346456691
11
14.5501626377952746
21
-3.7849994094488189
0
LINE
8
BLACK
6
CONTINUOUS
10
14.5501626377952746
20
-3.7849994094488189
11
14.5510666141732283
21
-3.7848196062992123
0
LINE
8
BLACK
6
CONTINUOUS
10
14.5510666141732283
20
-3.7848196062992123
11
14.559557637795276
21
-3.7848196062992123
0
LINE
8
BLACK
6
CONTINUOUS
10
14.559557637795276
20
-3.7848196062992123
11
14.5604616141732279
21
-3.7849994094488189
0
LINE
8
BLACK
6
CONTINUOUS
10
14.4758700000000005
20
-3.7613848425196847
11
14.4760198425196851
21
-3.7621381496062991
0
LINE
8
BLACK
6
CONTINUOUS
10
14.4760198425196851
20
-3.7621381496062991
11
14.4760198425196851
21
-3.7778861811023621
0
LINE
8
BLACK
6
CONTINUOUS
10
14.4760198425196851
20
-3.7778861811023621
11
14.4917678740157481
21
-3.7778861811023621
0
LINE
8
BLACK
6
CONTINUOUS
10
14.4917678740157481
20
-3.7778861811023621
11
14.4925211811023615
21
-3.7780360236220472
0
LINE
8
BLACK
6
CONTINUOUS
10
14.4925211811023615
20
-3.7780360236220472
11
14.4935865354330708
21
-3.779101377952756
0
LINE
8
BLACK
6
CONTINUOUS
10
14.4935865354330708
20
-3.779101377952756
11
14.4935865354330708
21
-3.7806079921259843
0
LINE
8
BLACK
6
CONTINUOUS
10
14.4935865354330708
20
-3.7806079921259843
11
14.4925211811023615
21
-3.7816733464566927
0
LINE
8
BLACK
6
CONTINUOUS
10
14.4925211811023615
20
-3.7816733464566927
11
14.4917678740157481
21
-3.7818231889763778
0
LINE
8
BLACK
6
CONTINUOUS
10
14.4917678740157481
20
-3.7818231889763778
11
14.4740513385826777
21
-3.7818231889763778
0
LINE
8
BLACK
6
CONTINUOUS
10
14.4740513385826777
20
-3.7818231889763778
11
14.4732980314960624
21
-3.7816733464566927
0
LINE
8
BLACK
6
CONTINUOUS
10
14.4732980314960624
20
-3.7816733464566927
11
14.4722326771653549
21
-3.7806079921259843
0
LINE
8
BLACK
6
CONTINUOUS
10
14.4722326771653549
20
-3.7806079921259843
11
14.4720828346456685
21
-3.7798546850393699
0
LINE
8
BLACK
6
CONTINUOUS
10
14.4720828346456685
20
-3.7798546850393699
11
14.4720828346456685
21
-3.7621381496062991
0
LINE
8
BLACK
6
CONTINUOUS
10
14.4720828346456685
20
-3.7621381496062991
11
14.4722326771653549
21
-3.7613848425196847
0
LINE
8
BLACK
6
CONTINUOUS
10
14.4722326771653549
20
-3.7613848425196847
11
14.4732980314960624
21
-3.7603194881889763
0
LINE
8
BLACK
6
CONTINUOUS
10
14.4732980314960624
20
-3.7603194881889763
11
14.4748046456692911
21
-3.7603194881889763
0
LINE
8
BLACK
6
CONTINUOUS
10
14.4748046456692911
20
-3.7603194881889763
11
14.4758700000000005
21
-3.7613848425196847
0
LINE
8
BLACK
6
CONTINUOUS
10
14.316502952755906
20
-3.7744407480314961
11
14.3177813779527554
21
-3.7757191732283464
0
LINE
8
BLACK
6
CONTINUOUS
10
14.3177813779527554
20
-3.7757191732283464
11
14.3177813779527554
21
-3.777527125984252
0
LINE
8
BLACK
6
CONTINUOUS
10
14.3177813779527554
20
-3.777527125984252
11
14.316502952755906
21
-3.7788055511811023
0
LINE
8
BLACK
6
CONTINUOUS
10
14.316502952755906
20
-3.7788055511811023
11
14.3155989763779523
21
-3.7789853543307084
0
LINE
8
BLACK
6
CONTINUOUS
10
14.3155989763779523
20
-3.7789853543307084
11
14.3071079527559046
21
-3.7789853543307084
0
LINE
8
BLACK
6
CONTINUOUS
10
14.3071079527559046
20
-3.7789853543307084
11
14.3062039763779527
21
-3.7788055511811023
0
LINE
8
BLACK
6
CONTINUOUS
10
14.3062039763779527
20
-3.7788055511811023
11
14.3049255511811015
21
-3.777527125984252
0
LINE
8
BLACK
6
CONTINUOUS
10
14.3049255511811015
20
-3.777527125984252
11
14.3049255511811015
21
-3.7757191732283464
0
LINE
8
BLACK
6
CONTINUOUS
10
14.3049255511811015
20
-3.7757191732283464
11
14.3062039763779527
21
-3.7744407480314961
0
LINE
8
BLACK
6
CONTINUOUS
10
14.3062039763779527
20
-3.7744407480314961
11
14.3071079527559046
21
-3.7742609448818896
0
LINE
8
BLACK
6
CONTINUOUS
10
14.3071079527559046
20
-3.7742609448818896
11
14.3155989763779523
21
-3.7742609448818896
0
LINE
8
BLACK
6
CONTINUOUS
10
14.3155989763779523
20
-3.7742609448818896
11
14.316502952755906
21
-3.7744407480314961
0
LINE
8
BLACK
6
CONTINUOUS
10
14.316502952755906
20
-3.7460942913385824
11
14.3177813779527554
21
-3.7473727165354331
0
LINE
8
BLACK
6
CONTINUOUS
10
14.3177813779527554
20
-3.7473727165354331
11
14.3177813779527554
21
-3.7491806692913383
0
LINE
8
BLACK
6
CONTINUOUS
10
14.3177813779527554
20
-3.7491806692913383
11
14.316502952755906
21
-3.750459094488189
0
LINE
8
BLACK
6
CONTINUOUS
10
14.316502952755906
20
-3.750459094488189
11
14.3155989763779523
21
-3.7506388976377951
0
LINE
8
BLACK
6
CONTINUOUS
10
14.3155989763779523
20
-3.7506388976377951
11
14.3071079527559046
21
-3.7506388976377951
0
LINE
8
BLACK
6
CONTINUOUS
10
14.3071079527559046
20
-3.7506388976377951
11
14.3062039763779527
21
-3.750459094488189
0
LINE
8
BLACK
6
CONTINUOUS
10
14.3062039763779527
20
-3.750459094488189
11
14.3049255511811015
21
-3.7491806692913383
0
LINE
8
BLACK
6
CONTINUOUS
10
14.3049255511811015
20
-3.7491806692913383
11
14.3049255511811015
21
-3.7473727165354331
0
LINE
8
BLACK
6
CONTINUOUS
10
14.3049255511811015
20
-3.7473727165354331
11
14.3062039763779527
21
-3.7460942913385824
0
LINE
8
BLACK
6
CONTINUOUS
10
14.3062039763779527
20
-3.7460942913385824
11
14.3071079527559046
21
-3.7459144881889763
0
LINE
8
BLACK
6
CONTINUOUS
10
14.3071079527559046
20
-3.7459144881889763
11
14.3155989763779523
21
-3.7459144881889763
0
LINE
8
BLACK
6
CONTINUOUS
10
14.3155989763779523
20
-3.7459144881889763
11
14.316502952755906
21
-3.7460942913385824
0
LINE
8
BLACK
6
CONTINUOUS
10
14.5604616141732279
20
-3.7313146850393699
11
14.5617400393700791
21
-3.7325931102362202
0
LINE
8
BLACK
6
CONTINUOUS
10
14.5617400393700791
20
-3.7325931102362202
11
14.5617400393700791
21
-3.7344010629921258
0
LINE
8
BLACK
6
CONTINUOUS
10
14.5617400393700791
20
-3.7344010629921258
11
14.5604616141732279
21
-3.7356794881889761
0
LINE
8
BLACK
6
CONTINUOUS
10
14.5604616141732279
20
-3.7356794881889761
11
14.559557637795276
21
-3.7358592913385826
0
LINE
8
BLACK
6
CONTINUOUS
10
14.559557637795276
20
-3.7358592913385826
11
14.5510666141732283
21
-3.7358592913385826
0
LINE
8
BLACK
6
CONTINUOUS
10
14.5510666141732283
20
-3.7358592913385826
11
14.5501626377952746
21
-3.7356794881889761
0
LINE
8
BLACK
6
CONTINUOUS
10
14.5501626377952746
20
-3.7356794881889761
11
14.5488842125984252
21
-3.7344010629921258
0
LINE
8
BLACK
6
CONTINUOUS
10
14.5488842125984252
20
-3.7344010629921258
11
14.5488842125984252
21
-3.7325931102362202
0
LINE
8
BLACK
6
CONTINUOUS
10
14.5488842125984252
20
-3.7325931102362202
11
14.5501626377952746
21
-3.7313146850393699
0
LINE
8
BLACK
6
CONTINUOUS
10
14.5501626377952746
20
-3.7313146850393699
11
14.5510666141732283
21
-3.7311348818897638
0
LINE
8
BLACK
6
CONTINUOUS
10
14.5510666141732283
20
-3.7311348818897638
11
14.559557637795276
21
-3.7311348818897638
0
LINE
8
BLACK
6
CONTINUOUS
10
14.559557637795276
20
-3.7311348818897638
11
14.5604616141732279
21
-3.7313146850393699
0
LINE
8
BLACK
6
CONTINUOUS
10
14.3900466535433065
20
-3.7038480314960629
11
14.3911120078740158
21
-3.7049133858267718
0
LINE
8
BLACK
6
CONTINUOUS
10
14.3911120078740158
20
-3.7049133858267718
11
14.3912618503937004
21
-3.7056666929133857
0
LINE
8
BLACK
6
CONTINUOUS
10
14.3912618503937004
20
-3.7056666929133857
11
14.3912618503937004
21
-3.7233832283464565
0
LINE
8
BLACK
6
CONTINUOUS
10
14.3912618503937004
20
-3.7233832283464565
11
14.3911120078740158
21
-3.7241365354330709
0
LINE
8
BLACK
6
CONTINUOUS
10
14.3911120078740158
20
-3.7241365354330709
11
14.3900466535433065
21
-3.7252018897637793
0
LINE
8
BLACK
6
CONTINUOUS
10
14.3900466535433065
20
-3.7252018897637793
11
14.3885400393700777
21
-3.7252018897637793
0
LINE
8
BLACK
6
CONTINUOUS
10
14.3885400393700777
20
-3.7252018897637793
11
14.3874746850393702
21
-3.7241365354330709
0
LINE
8
BLACK
6
CONTINUOUS
10
14.3874746850393702
20
-3.7241365354330709
11
14.3873248425196856
21
-3.7233832283464565
0
LINE
8
BLACK
6
CONTINUOUS
10
14.3873248425196856
20
-3.7233832283464565
11
14.3873248425196856
21
-3.7076351968503936
0
LINE
8
BLACK
6
CONTINUOUS
10
14.3873248425196856
20
-3.7076351968503936
11
14.3715768110236208
21
-3.7076351968503936
0
LINE
8
BLACK
6
CONTINUOUS
10
14.3715768110236208
20
-3.7076351968503936
11
14.3708235039370074
21
-3.7074853543307085
0
LINE
8
BLACK
6
CONTINUOUS
10
14.3708235039370074
20
-3.7074853543307085
11
14.369758149606298
21
-3.70642
0
LINE
8
BLACK
6
CONTINUOUS
10
14.369758149606298
20
-3.70642
11
14.369758149606298
21
-3.7049133858267718
0
LINE
8
BLACK
6
CONTINUOUS
10
14.369758149606298
20
-3.7049133858267718
11
14.3708235039370074
21
-3.7038480314960629
0
LINE
8
BLACK
6
CONTINUOUS
10
14.3708235039370074
20
-3.7038480314960629
11
14.3715768110236208
21
-3.7036981889763778
0
LINE
8
BLACK
6
CONTINUOUS
10
14.3715768110236208
20
-3.7036981889763778
11
14.389293346456693
21
-3.7036981889763778
0
LINE
8
BLACK
6
CONTINUOUS
10
14.389293346456693
20
-3.7036981889763778
11
14.3900466535433065
21
-3.7038480314960629
0
LINE
8
BLACK
6
CONTINUOUS
10
14.5604616141732279
20
-3.7029682283464567
11
14.5617400393700791
21
-3.704246653543307
0
LINE
8
BLACK
6
CONTINUOUS
10
14.5617400393700791
20
-3.704246653543307
11
14.5617400393700791
21
-3.7060546062992126
0
LINE
8
BLACK
6
CONTINUOUS
10
14.5617400393700791
20
-3.7060546062992126
11
14.5604616141732279
21
-3.7073330314960629
0
LINE
8
BLACK
6
CONTINUOUS
10
14.5604616141732279
20
-3.7073330314960629
11
14.559557637795276
21
-3.7075128346456694
0
LINE
8
BLACK
6
CONTINUOUS
10
14.559557637795276
20
-3.7075128346456694
11
14.5510666141732283
21
-3.7075128346456694
0
LINE
8
BLACK
6
CONTINUOUS
10
14.5510666141732283
20
-3.7075128346456694
11
14.5501626377952746
21
-3.7073330314960629
0
LINE
8
BLACK
6
CONTINUOUS
10
14.5501626377952746
20
-3.7073330314960629
11
14.5488842125984252
21
-3.7060546062992126
0
LINE
8
BLACK
6
CONTINUOUS
10
14.5488842125984252
20
-3.7060546062992126
11
14.5488842125984252
21
-3.704246653543307
0
LINE
8
BLACK
6
CONTINUOUS
10
14.5488842125984252
20
-3.704246653543307
11
14.5501626377952746
21
-3.7029682283464567
0
LINE
8
BLACK
6
CONTINUOUS
10
14.5501626377952746
20
-3.7029682283464567
11
14.5510666141732283
21
-3.7027884251968501
0
LINE
8
BLACK
6
CONTINUOUS
10
14.5510666141732283
20
-3.7027884251968501
11
14.559557637795276
21
-3.7027884251968501
0
LINE
8
BLACK
6
CONTINUOUS
10
14.559557637795276
20
-3.7027884251968501
11
14.5604616141732279
21
-3.7029682283464567
0
LINE
8
BLACK
6
CONTINUOUS
10
14.4758700000000005
20
-3.6832598425196847
11
14.4760198425196851
21
-3.6840131496062991
0
LINE
8
BLACK
6
CONTINUOUS
10
14.4760198425196851
20
-3.6840131496062991
11
14.4760198425196851
21
-3.6997611811023621
0
LINE
8
BLACK
6
CONTINUOUS
10
14.4760198425196851
20
-3.6997611811023621
11
14.4917678740157481
21
-3.6997611811023621
0
LINE
8
BLACK
6
CONTINUOUS
10
14.4917678740157481
20
-3.6997611811023621
11
14.4925211811023615
21
-3.6999110236220472
0
LINE
8
BLACK
6
CONTINUOUS
10
14.4925211811023615
20
-3.6999110236220472
11
14.4935865354330708
21
-3.700976377952756
0
LINE
8
BLACK
6
CONTINUOUS
10
14.4935865354330708
20
-3.700976377952756
11
14.4935865354330708
21
-3.7024829921259843
0
LINE
8
BLACK
6
CONTINUOUS
10
14.4935865354330708
20
-3.7024829921259843
11
14.4925211811023615
21
-3.7035483464566927
0
LINE
8
BLACK
6
CONTINUOUS
10
14.4925211811023615
20
-3.7035483464566927
11
14.4917678740157481
21
-3.7036981889763778
0
LINE
8
BLACK
6
CONTINUOUS
10
14.4917678740157481
20
-3.7036981889763778
11
14.4740513385826777
21
-3.7036981889763778
0
LINE
8
BLACK
6
CONTINUOUS
10
14.4740513385826777
20
-3.7036981889763778
11
14.4732980314960624
21
-3.7035483464566927
0
LINE
8
BLACK
6
CONTINUOUS
10
14.4732980314960624
20
-3.7035483464566927
11
14.4722326771653549
21
-3.7024829921259843
0
LINE
8
BLACK
6
CONTINUOUS
10
14.4722326771653549
20
-3.7024829921259843
11
14.4720828346456685
21
-3.7017296850393699
0
LINE
8
BLACK
6
CONTINUOUS
10
14.4720828346456685
20
-3.7017296850393699
11
14.4720828346456685
21
-3.6840131496062991
0
LINE
8
BLACK
6
CONTINUOUS
10
14.4720828346456685
20
-3.6840131496062991
11
14.4722326771653549
21
-3.6832598425196847
0
LINE
8
BLACK
6
CONTINUOUS
10
14.4722326771653549
20
-3.6832598425196847
11
14.4732980314960624
21
-3.6821944881889763
0
LINE
8
BLACK
6
CONTINUOUS
10
14.4732980314960624
20
-3.6821944881889763
11
14.4748046456692911
21
-3.6821944881889763
0
LINE
8
BLACK
6
CONTINUOUS
10
14.4748046456692911
20
-3.6821944881889763
11
14.4758700000000005
21
-3.6832598425196847
0
LINE
8
BLACK
6
CONTINUOUS
10
14.316502952755906
20
-3.6982689763779528
11
14.3177813779527554
21
-3.6995474015748031
0
LINE
8
BLACK
6
CONTINUOUS
10
14.3177813779527554
20
-3.6995474015748031
11
14.3177813779527554
21
-3.7013553543307087
0
LINE
8
BLACK
6
CONTINUOUS
10
14.3177813779527554
20
-3.7013553543307087
11
14.316502952755906
21
-3.702633779527559
0
LINE
8
BLACK
6
CONTINUOUS
10
14.316502952755906
20
-3.702633779527559
11
14.3155989763779523
21
-3.7028135826771651
0
LINE
8
BLACK
6
CONTINUOUS
10
14.3155989763779523
20
-3.7028135826771651
11
14.3071079527559046
21
-3.7028135826771651
0
LINE
8
BLACK
6
CONTINUOUS
10
14.3071079527559046
20
-3.7028135826771651
11
14.3062039763779527
21
-3.702633779527559
0
LINE
8
BLACK
6
CONTINUOUS
10
14.3062039763779527
20
-3.702633779527559
11
14.3049255511811015
21
-3.7013553543307087
0
LINE
8
BLACK
6
CONTINUOUS
10
14.3049255511811015
20
-3.7013553543307087
11
14.3049255511811015
21
-3.6995474015748031
0
LINE
8
BLACK
6
CONTINUOUS
10
14.3049255511811015
20
-3.6995474015748031
11
14.3062039763779527
21
-3.6982689763779528
0
LINE
8
BLACK
6
CONTINUOUS
10
14.3062039763779527
20
-3.6982689763779528
11
14.3071079527559046
21
-3.6980891732283463
0
LINE
8
BLACK
6
CONTINUOUS
10
14.3071079527559046
20
-3.6980891732283463
11
14.3155989763779523
21
-3.6980891732283463
0
LINE
8
BLACK
6
CONTINUOUS
10
14.3155989763779523
20
-3.6980891732283463
11
14.316502952755906
21
-3.6982689763779528
0
LINE
8
BLACK
6
CONTINUOUS
10
14.316502952755906
20
-3.6699225196850391
11
14.3177813779527554
21
-3.6712009448818899
0
LINE
8
BLACK
6
CONTINUOUS
10
14.3177813779527554
20
-3.6712009448818899
11
14.3177813779527554
21
-3.673008897637795
0
LINE
8
BLACK
6
CONTINUOUS
10
14.3177813779527554
20
-3.673008897637795
11
14.316502952755906
21
-3.6742873228346458
0
LINE
8
BLACK
6
CONTINUOUS
10
14.316502952755906
20
-3.6742873228346458
11
14.3155989763779523
21
-3.6744671259842518
0
LINE
8
BLACK
6
CONTINUOUS
10
14.3155989763779523
20
-3.6744671259842518
11
14.3071079527559046
21
-3.6744671259842518
0
LINE
8
BLACK
6
CONTINUOUS
10
14.3071079527559046
20
-3.6744671259842518
11
14.3062039763779527
21
-3.6742873228346458
0
LINE
8
BLACK
6
CONTINUOUS
10
14.3062039763779527
20
-3.6742873228346458
11
14.3049255511811015
21
-3.673008897637795
0
LINE
8
BLACK
6
CONTINUOUS
10
14.3049255511811015
20
-3.673008897637795
11
14.3049255511811015
21
-3.6712009448818899
0
LINE
8
BLACK
6
CONTINUOUS
10
14.3049255511811015
20
-3.6712009448818899
11
14.3062039763779527
21
-3.6699225196850391
0
LINE
8
BLACK
6
CONTINUOUS
10
14.3062039763779527
20
-3.6699225196850391
11
14.3071079527559046
21
-3.669742716535433
0
LINE
8
BLACK
6
CONTINUOUS
10
14.3071079527559046
20
-3.669742716535433
11
14.3155989763779523
21
-3.669742716535433
0
LINE
8
BLACK
6
CONTINUOUS
10
14.3155989763779523
20
-3.669742716535433
11
14.316502952755906
21
-3.6699225196850391
0
LINE
8
BLACK
6
CONTINUOUS
10
14.5604616141732279
20
-3.6551429133858266
11
14.5617400393700791
21
-3.6564213385826769
0
LINE
8
BLACK
6
CONTINUOUS
10
14.5617400393700791
20
-3.6564213385826769
11
14.5617400393700791
21
-3.6582292913385825
0
LINE
8
BLACK
6
CONTINUOUS
10
14.5617400393700791
20
-3.6582292913385825
11
14.5604616141732279
21
-3.6595077165354328
0
LINE
8
BLACK
6
CONTINUOUS
10
14.5604616141732279
20
-3.6595077165354328
11
14.559557637795276
21
-3.6596875196850394
0
LINE
8
BLACK
6
CONTINUOUS
10
14.559557637795276
20
-3.6596875196850394
11
14.5510666141732283
21
-3.6596875196850394
0
LINE
8
BLACK
6
CONTINUOUS
10
14.5510666141732283
20
-3.6596875196850394
11
14.5501626377952746
21
-3.6595077165354328
0
LINE
8
BLACK
6
CONTINUOUS
10
14.5501626377952746
20
-3.6595077165354328
11
14.5488842125984252
21
-3.6582292913385825
0
LINE
8
BLACK
6
CONTINUOUS
10
14.5488842125984252
20
-3.6582292913385825
11
14.5488842125984252
21
-3.6564213385826769
0
LINE
8
BLACK
6
CONTINUOUS
10
14.5488842125984252
20
-3.6564213385826769
11
14.5501626377952746
21
-3.6551429133858266
0
LINE
8
BLACK
6
CONTINUOUS
10
14.5501626377952746
20
-3.6551429133858266
11
14.5510666141732283
21
-3.6549631102362206
0
LINE
8
BLACK
6
CONTINUOUS
10
14.5510666141732283
20
-3.6549631102362206
11
14.559557637795276
21
-3.6549631102362206
0
LINE
8
BLACK
6
CONTINUOUS
10
14.559557637795276
20
-3.6549631102362206
11
14.5604616141732279
21
-3.6551429133858266
0
LINE
8
BLACK
6
CONTINUOUS
10
14.3900466535433065
20
-3.6257230314960629
11
14.3911120078740158
21
-3.6267883858267718
0
LINE
8
BLACK
6
CONTINUOUS
10
14.3911120078740158
20
-3.6267883858267718
11
14.3912618503937004
21
-3.6275416929133857
0
LINE
8
BLACK
6
CONTINUOUS
10
14.3912618503937004
20
-3.6275416929133857
11
14.3912618503937004
21
-3.6452582283464565
0
LINE
8
BLACK
6
CONTINUOUS
10
14.3912618503937004
20
-3.6452582283464565
11
14.3911120078740158
21
-3.6460115354330709
0
LINE
8
BLACK
6
CONTINUOUS
10
14.3911120078740158
20
-3.6460115354330709
11
14.3900466535433065
21
-3.6470768897637793
0
LINE
8
BLACK
6
CONTINUOUS
10
14.3900466535433065
20
-3.6470768897637793
11
14.3885400393700777
21
-3.6470768897637793
0
LINE
8
BLACK
6
CONTINUOUS
10
14.3885400393700777
20
-3.6470768897637793
11
14.3874746850393702
21
-3.6460115354330709
0
LINE
8
BLACK
6
CONTINUOUS
10
14.3874746850393702
20
-3.6460115354330709
11
14.3873248425196856
21
-3.6452582283464565
0
LINE
8
BLACK
6
CONTINUOUS
10
14.3873248425196856
20
-3.6452582283464565
11
14.3873248425196856
21
-3.6295101968503936
0
LINE
8
BLACK
6
CONTINUOUS
10
14.3873248425196856
20
-3.6295101968503936
11
14.3715768110236208
21
-3.6295101968503936
0
LINE
8
BLACK
6
CONTINUOUS
10
14.3715768110236208
20
-3.6295101968503936
11
14.3708235039370074
21
-3.6293603543307085
0
LINE
8
BLACK
6
CONTINUOUS
10
14.3708235039370074
20
-3.6293603543307085
11
14.369758149606298
21
-3.628295
0
LINE
8
BLACK
6
CONTINUOUS
10
14.369758149606298
20
-3.628295
11
14.369758149606298
21
-3.6267883858267718
0
LINE
8
BLACK
6
CONTINUOUS
10
14.369758149606298
20
-3.6267883858267718
11
14.3708235039370074
21
-3.6257230314960629
0
LINE
8
BLACK
6
CONTINUOUS
10
14.3708235039370074
20
-3.6257230314960629
11
14.3715768110236208
21
-3.6255731889763778
0
LINE
8
BLACK
6
CONTINUOUS
10
14.3715768110236208
20
-3.6255731889763778
11
14.389293346456693
21
-3.6255731889763778
0
LINE
8
BLACK
6
CONTINUOUS
10
14.389293346456693
20
-3.6255731889763778
11
14.3900466535433065
21
-3.6257230314960629
0
LINE
8
BLACK
6
CONTINUOUS
10
18.1095722834645656
20
-3.4829559842519684
11
18.1198194881889769
21
-3.4857017322834647
0
LINE
8
BLACK
6
CONTINUOUS
10
18.1198194881889769
20
-3.4857017322834647
11
18.129620669291338
21
-3.4897614960629921
0
LINE
8
BLACK
6
CONTINUOUS
10
18.129620669291338
20
-3.4897614960629921
11
18.1388080708661406
21
-3.4950658661417324
0
LINE
8
BLACK
6
CONTINUOUS
10
18.1388080708661406
20
-3.4950658661417324
11
18.147224488188975
21
-3.5015240157480316
0
LINE
8
BLACK
6
CONTINUOUS
10
18.147224488188975
20
-3.5015240157480316
11
18.1547259842519679
21
-3.5090255118110236
0
LINE
8
BLACK
6
CONTINUOUS
10
18.1547259842519679
20
-3.5090255118110236
11
18.1611841338582671
21
-3.5174419291338581
0
LINE
8
BLACK
6
CONTINUOUS
10
18.1611841338582671
20
-3.5174419291338581
11
18.166488503937007
21
-3.5266293307086611
0
LINE
8
BLACK
6
CONTINUOUS
10
18.166488503937007
20
-3.5266293307086611
11
18.1705482677165335
21
-3.5364305118110235
0
LINE
8
BLACK
6
CONTINUOUS
10
18.1705482677165335
20
-3.5364305118110235
11
18.1732940157480307
21
-3.5466777165354331
0
LINE
8
BLACK
6
CONTINUOUS
10
18.1732940157480307
20
-3.5466777165354331
11
18.1746787007873998
21
-3.5571956692913385
0
LINE
8
BLACK
6
CONTINUOUS
10
18.1746787007873998
20
-3.5571956692913385
11
18.1746787007873998
21
-3.5678043307086615
0
LINE
8
BLACK
6
CONTINUOUS
10
18.1746787007873998
20
-3.5678043307086615
11
18.1732940157480307
21
-3.5783222834645669
0
LINE
8
BLACK
6
CONTINUOUS
10
18.1732940157480307
20
-3.5783222834645669
11
18.1705482677165335
21
-3.5885694881889765
0
LINE
8
BLACK
6
CONTINUOUS
10
18.1705482677165335
20
-3.5885694881889765
11
18.166488503937007
21
-3.5983706692913384
0
LINE
8
BLACK
6
CONTINUOUS
10
18.166488503937007
20
-3.5983706692913384
11
18.1611841338582671
21
-3.6075580708661414
0
LINE
8
BLACK
6
CONTINUOUS
10
18.1611841338582671
20
-3.6075580708661414
11
18.1547259842519679
21
-3.6159744881889764
0
LINE
8
BLACK
6
CONTINUOUS
10
18.1547259842519679
20
-3.6159744881889764
11
18.147224488188975
21
-3.6234759842519684
0
LINE
8
BLACK
6
CONTINUOUS
10
18.147224488188975
20
-3.6234759842519684
11
18.1388080708661406
21
-3.6299341338582676
0
LINE
8
BLACK
6
CONTINUOUS
10
18.1388080708661406
20
-3.6299341338582676
11
18.129620669291338
21
-3.6352385039370079
0
LINE
8
BLACK
6
CONTINUOUS
10
18.129620669291338
20
-3.6352385039370079
11
18.1198194881889769
21
-3.6392982677165353
0
LINE
8
BLACK
6
CONTINUOUS
10
18.1198194881889769
20
-3.6392982677165353
11
18.1095722834645656
21
-3.6420440157480316
0
LINE
8
BLACK
6
CONTINUOUS
10
18.1095722834645656
20
-3.6420440157480316
11
18.0990543307086611
21
-3.6434287007874016
0
LINE
8
BLACK
6
CONTINUOUS
10
18.0990543307086611
20
-3.6434287007874016
11
18.0884456692913389
21
-3.6434287007874016
0
LINE
8
BLACK
6
CONTINUOUS
10
18.0884456692913389
20
-3.6434287007874016
11
18.0779277165354344
21
-3.6420440157480316
0
LINE
8
BLACK
6
CONTINUOUS
10
18.0779277165354344
20
-3.6420440157480316
11
18.0676805118110231
21
-3.6392982677165353
0
LINE
8
BLACK
6
CONTINUOUS
10
18.0676805118110231
20
-3.6392982677165353
11
18.057879330708662
21
-3.6352385039370079
0
LINE
8
BLACK
6
CONTINUOUS
10
18.057879330708662
20
-3.6352385039370079
11
18.0486919291338594
21
-3.6299341338582676
0
LINE
8
BLACK
6
CONTINUOUS
10
18.0486919291338594
20
-3.6299341338582676
11
18.040275511811025
21
-3.6234759842519684
0
LINE
8
BLACK
6
CONTINUOUS
10
18.040275511811025
20
-3.6234759842519684
11
18.0327740157480321
21
-3.6159744881889764
0
LINE
8
BLACK
6
CONTINUOUS
10
18.0327740157480321
20
-3.6159744881889764
11
18.0263158661417329
21
-3.6075580708661414
0
LINE
8
BLACK
6
CONTINUOUS
10
18.0263158661417329
20
-3.6075580708661414
11
18.021011496062993
21
-3.5983706692913384
0
LINE
8
BLACK
6
CONTINUOUS
10
18.021011496062993
20
-3.5983706692913384
11
18.0169517322834629
21
-3.5885694881889765
0
LINE
8
BLACK
6
CONTINUOUS
10
18.0169517322834629
20
-3.5885694881889765
11
18.0142059842519693
21
-3.5783222834645669
0
LINE
8
BLACK
6
CONTINUOUS
10
18.0142059842519693
20
-3.5783222834645669
11
18.0128212992125967
21
-3.5678043307086615
0
LINE
8
BLACK
6
CONTINUOUS
10
18.0128212992125967
20
-3.5678043307086615
11
18.0128212992125967
21
-3.5575046456692911
0
LINE
8
BLACK
6
CONTINUOUS
10
18.0128212992125967
20
-3.5575046456692911
11
18.01753559055118
21
-3.5575046456692911
0
LINE
8
BLACK
6
CONTINUOUS
10
18.01753559055118
20
-3.5575046456692911
11
18.01753559055118
21
-3.5674953543307084
0
LINE
8
BLACK
6
CONTINUOUS
10
18.01753559055118
20
-3.5674953543307084
11
18.0188396456692921
21
-3.5774005905511812
0
LINE
8
BLACK
6
CONTINUOUS
10
18.0188396456692921
20
-3.5774005905511812
11
18.021425433070867
21
-3.5870509055118109
0
LINE
8
BLACK
6
CONTINUOUS
10
18.021425433070867
20
-3.5870509055118109
11
18.0252487007874009
21
-3.5962811023622048
0
LINE
8
BLACK
6
CONTINUOUS
10
18.0252487007874009
20
-3.5962811023622048
11
18.0302440551181107
21
-3.6049333070866143
0
LINE
8
BLACK
6
CONTINUOUS
10
18.0302440551181107
20
-3.6049333070866143
11
18.0363260236220455
21
-3.6128594881889762
0
LINE
8
BLACK
6
CONTINUOUS
10
18.0363260236220455
20
-3.6128594881889762
11
18.0433905118110225
21
-3.6199239763779527
0
LINE
8
BLACK
6
CONTINUOUS
10
18.0433905118110225
20
-3.6199239763779527
11
18.0513166929133853
21
-3.6260059448818898
0
LINE
8
BLACK
6
CONTINUOUS
10
18.0513166929133853
20
-3.6260059448818898
11
18.0599688976377948
21
-3.6310012992125982
0
LINE
8
BLACK
6
CONTINUOUS
10
18.0599688976377948
20
-3.6310012992125982
11
18.0691990944881873
21
-3.6348245669291339
0
LINE
8
BLACK
6
CONTINUOUS
10
18.0691990944881873
20
-3.6348245669291339
11
18.0788494094488179
21
-3.6374103543307084
0
LINE
8
BLACK
6
CONTINUOUS
10
18.0788494094488179
20
-3.6374103543307084
11
18.0887546456692903
21
-3.6387144094488186
0
LINE
8
BLACK
6
CONTINUOUS
10
18.0887546456692903
20
-3.6387144094488186
11
18.0987453543307097
21
-3.6387144094488186
0
LINE
8
BLACK
6
CONTINUOUS
10
18.0987453543307097
20
-3.6387144094488186
11
18.1086505905511821
21
-3.6374103543307084
0
LINE
8
BLACK
6
CONTINUOUS
10
18.1086505905511821
20
-3.6374103543307084
11
18.1183009055118092
21
-3.6348245669291339
0
LINE
8
BLACK
6
CONTINUOUS
10
18.1183009055118092
20
-3.6348245669291339
11
18.1275311023622052
21
-3.6310012992125982
0
LINE
8
BLACK
6
CONTINUOUS
10
18.1275311023622052
20
-3.6310012992125982
11
18.1361833070866147
21
-3.6260059448818898
0
LINE
8
BLACK
6
CONTINUOUS
10
18.1361833070866147
20
-3.6260059448818898
11
18.1441094881889775
21
-3.6199239763779527
0
LINE
8
BLACK
6
CONTINUOUS
10
18.1441094881889775
20
-3.6199239763779527
11
18.1511739763779509
21
-3.6128594881889762
0
LINE
8
BLACK
6
CONTINUOUS
10
18.1511739763779509
20
-3.6128594881889762
11
18.1572559448818893
21
-3.6049333070866143
0
LINE
8
BLACK
6
CONTINUOUS
10
18.1572559448818893
20
-3.6049333070866143
11
18.1622512992125991
21
-3.5962811023622048
0
LINE
8
BLACK
6
CONTINUOUS
10
18.1622512992125991
20
-3.5962811023622048
11
18.166074566929133
21
-3.5870509055118109
0
LINE
8
BLACK
6
CONTINUOUS
10
18.166074566929133
20
-3.5870509055118109
11
18.1686603543307079
21
-3.5774005905511812
0
LINE
8
BLACK
6
CONTINUOUS
10
18.1686603543307079
20
-3.5774005905511812
11
18.16996440944882
21
-3.5674953543307084
0
LINE
8
BLACK
6
CONTINUOUS
10
18.16996440944882
20
-3.5674953543307084
11
18.16996440944882
21
-3.5575046456692911
0
LINE
8
BLACK
6
CONTINUOUS
10
18.16996440944882
20
-3.5575046456692911
11
18.1686603543307079
21
-3.5475994094488188
0
LINE
8
BLACK
6
CONTINUOUS
10
18.1686603543307079
20
-3.5475994094488188
11
18.166074566929133
21
-3.5379490944881891
0
LINE
8
BLACK
6
CONTINUOUS
10
18.166074566929133
20
-3.5379490944881891
11
18.1622512992125991
21
-3.5287188976377952
0
LINE
8
BLACK
6
CONTINUOUS
10
18.1622512992125991
20
-3.5287188976377952
11
18.1572559448818893
21
-3.5200666929133857
0
LINE
8
BLACK
6
CONTINUOUS
10
18.1572559448818893
20
-3.5200666929133857
11
18.1511739763779509
21
-3.5121405118110234
0
LINE
8
BLACK
6
CONTINUOUS
10
18.1511739763779509
20
-3.5121405118110234
11
18.1441094881889775
21
-3.5050760236220473
0
LINE
8
BLACK
6
CONTINUOUS
10
18.1441094881889775
20
-3.5050760236220473
11
18.1361833070866147
21
-3.4989940551181102
0
LINE
8
BLACK
6
CONTINUOUS
10
18.1361833070866147
20
-3.4989940551181102
11
18.1275311023622052
21
-3.4939987007874014
0
LINE
8
BLACK
6
CONTINUOUS
10
18.1275311023622052
20
-3.4939987007874014
11
18.1183009055118092
21
-3.4901754330708661
0
LINE
8
BLACK
6
CONTINUOUS
10
18.1183009055118092
20
-3.4901754330708661
11
18.1086505905511821
21
-3.4875896456692912
0
LINE
8
BLACK
6
CONTINUOUS
10
18.1086505905511821
20
-3.4875896456692912
11
18.0987453543307097
21
-3.4862855905511809
0
LINE
8
BLACK
6
CONTINUOUS
10
18.0987453543307097
20
-3.4862855905511809
11
18.0887546456692903
21
-3.4862855905511809
0
LINE
8
BLACK
6
CONTINUOUS
10
18.0887546456692903
20
-3.4862855905511809
11
18.0788494094488179
21
-3.4875896456692912
0
LINE
8
BLACK
6
CONTINUOUS
10
18.0788494094488179
20
-3.4875896456692912
11
18.0691990944881873
21
-3.4901754330708661
0
LINE
8
BLACK
6
CONTINUOUS
10
18.0691990944881873
20
-3.4901754330708661
11
18.0599688976377948
21
-3.4939987007874014
0
LINE
8
BLACK
6
CONTINUOUS
10
18.0599688976377948
20
-3.4939987007874014
11
18.0513166929133853
21
-3.4989940551181102
0
LINE
8
BLACK
6
CONTINUOUS
10
18.0513166929133853
20
-3.4989940551181102
11
18.0433905118110225
21
-3.5050760236220473
0
LINE
8
BLACK
6
CONTINUOUS
10
18.0433905118110225
20
-3.5050760236220473
11
18.0363260236220455
21
-3.5121405118110234
0
LINE
8
BLACK
6
CONTINUOUS
10
18.0363260236220455
20
-3.5121405118110234
11
18.0302440551181107
21
-3.5200666929133857
0
LINE
8
BLACK
6
CONTINUOUS
10
18.0302440551181107
20
-3.5200666929133857
11
18.0252487007874009
21
-3.5287188976377952
0
LINE
8
BLACK
6
CONTINUOUS
10
18.0252487007874009
20
-3.5287188976377952
11
18.021425433070867
21
-3.5379490944881891
0
LINE
8
BLACK
6
CONTINUOUS
10
18.021425433070867
20
-3.5379490944881891
11
18.0188396456692921
21
-3.5475994094488188
0
LINE
8
BLACK
6
CONTINUOUS
10
18.0188396456692921
20
-3.5475994094488188
11
18.01753559055118
21
-3.5575046456692911
0
LINE
8
BLACK
6
CONTINUOUS
10
18.01753559055118
20
-3.5575046456692911
11
18.0128212992125967
21
-3.5575046456692911
0
LINE
8
BLACK
6
CONTINUOUS
10
18.0128212992125967
20
-3.5575046456692911
11
18.0128212992125967
21
-3.5571956692913385
0
LINE
8
BLACK
6
CONTINUOUS
10
18.0128212992125967
20
-3.5571956692913385
11
18.0142059842519693
21
-3.5466777165354331
0
LINE
8
BLACK
6
CONTINUOUS
10
18.0142059842519693
20
-3.5466777165354331
11
18.0169517322834629
21
-3.5364305118110235
0
LINE
8
BLACK
6
CONTINUOUS
10
18.0169517322834629
20
-3.5364305118110235
11
18.021011496062993
21
-3.5266293307086611
0
LINE
8
BLACK
6
CONTINUOUS
10
18.021011496062993
20
-3.5266293307086611
11
18.0263158661417329
21
-3.5174419291338581
0
LINE
8
BLACK
6
CONTINUOUS
10
18.0263158661417329
20
-3.5174419291338581
11
18.0327740157480321
21
-3.5090255118110236
0
LINE
8
BLACK
6
CONTINUOUS
10
18.0327740157480321
20
-3.5090255118110236
11
18.040275511811025
21
-3.5015240157480316
0
LINE
8
BLACK
6
CONTINUOUS
10
18.040275511811025
20
-3.5015240157480316
11
18.0486919291338594
21
-3.4950658661417324
0
LINE
8
BLACK
6
CONTINUOUS
10
18.0486919291338594
20
-3.4950658661417324
11
18.057879330708662
21
-3.4897614960629921
0
LINE
8
BLACK
6
CONTINUOUS
10
18.057879330708662
20
-3.4897614960629921
11
18.0676805118110231
21
-3.4857017322834647
0
LINE
8
BLACK
6
CONTINUOUS
10
18.0676805118110231
20
-3.4857017322834647
11
18.0779277165354344
21
-3.4829559842519684
0
LINE
8
BLACK
6
CONTINUOUS
10
18.0779277165354344
20
-3.4829559842519684
11
18.0884456692913389
21
-3.4815712992125984
0
LINE
8
BLACK
6
CONTINUOUS
10
18.0884456692913389
20
-3.4815712992125984
11
18.0990543307086611
21
-3.4815712992125984
0
LINE
8
BLACK
6
CONTINUOUS
10
18.0990543307086611
20
-3.4815712992125984
11
18.1095722834645656
21
-3.4829559842519684
0
LINE
8
BLACK
6
CONTINUOUS
10
14.5604616141732279
20
-3.6267964566929134
11
14.5617400393700791
21
-3.6280748818897637
0
LINE
8
BLACK
6
CONTINUOUS
10
14.5617400393700791
20
-3.6280748818897637
11
14.5617400393700791
21
-3.6298828346456693
0
LINE
8
BLACK
6
CONTINUOUS
10
14.5617400393700791
20
-3.6298828346456693
11
14.5604616141732279
21
-3.6311612598425196
0
LINE
8
BLACK
6
CONTINUOUS
10
14.5604616141732279
20
-3.6311612598425196
11
14.559557637795276
21
-3.6313410629921261
0
LINE
8
BLACK
6
CONTINUOUS
10
14.559557637795276
20
-3.6313410629921261
11
14.5510666141732283
21
-3.6313410629921261
0
LINE
8
BLACK
6
CONTINUOUS
10
14.5510666141732283
20
-3.6313410629921261
11
14.5501626377952746
21
-3.6311612598425196
0
LINE
8
BLACK
6
CONTINUOUS
10
14.5501626377952746
20
-3.6311612598425196
11
14.5488842125984252
21
-3.6298828346456693
0
LINE
8
BLACK
6
CONTINUOUS
10
14.5488842125984252
20
-3.6298828346456693
11
14.5488842125984252
21
-3.6280748818897637
0
LINE
8
BLACK
6
CONTINUOUS
10
14.5488842125984252
20
-3.6280748818897637
11
14.5501626377952746
21
-3.6267964566929134
0
LINE
8
BLACK
6
CONTINUOUS
10
14.5501626377952746
20
-3.6267964566929134
11
14.5510666141732283
21
-3.6266166535433069
0
LINE
8
BLACK
6
CONTINUOUS
10
14.5510666141732283
20
-3.6266166535433069
11
14.559557637795276
21
-3.6266166535433069
0
LINE
8
BLACK
6
CONTINUOUS
10
14.559557637795276
20
-3.6266166535433069
11
14.5604616141732279
21
-3.6267964566929134
0
LINE
8
BLACK
6
CONTINUOUS
10
14.3165029133858273
20
-3.6220971653543308
11
14.3177813385826767
21
-3.6233755905511811
0
LINE
8
BLACK
6
CONTINUOUS
10
14.3177813385826767
20
-3.6233755905511811
11
14.3177813385826767
21
-3.6251835433070867
0
LINE
8
BLACK
6
CONTINUOUS
10
14.3177813385826767
20
-3.6251835433070867
11
14.3165029133858273
21
-3.626461968503937
0
LINE
8
BLACK
6
CONTINUOUS
10
14.3165029133858273
20
-3.626461968503937
11
14.3155989370078736
21
-3.6266417716535431
0
LINE
8
BLACK
6
CONTINUOUS
10
14.3155989370078736
20
-3.6266417716535431
11
14.3071079133858259
21
-3.6266417716535431
0
LINE
8
BLACK
6
CONTINUOUS
10
14.3071079133858259
20
-3.6266417716535431
11
14.306203937007874
21
-3.626461968503937
0
LINE
8
BLACK
6
CONTINUOUS
10
14.306203937007874
20
-3.626461968503937
11
14.3049255118110228
21
-3.6251835433070867
0
LINE
8
BLACK
6
CONTINUOUS
10
14.3049255118110228
20
-3.6251835433070867
11
14.3049255118110228
21
-3.6233755905511811
0
LINE
8
BLACK
6
CONTINUOUS
10
14.3049255118110228
20
-3.6233755905511811
11
14.306203937007874
21
-3.6220971653543308
0
LINE
8
BLACK
6
CONTINUOUS
10
14.306203937007874
20
-3.6220971653543308
11
14.3071079133858259
21
-3.6219173622047243
0
LINE
8
BLACK
6
CONTINUOUS
10
14.3071079133858259
20
-3.6219173622047243
11
14.3155989370078736
21
-3.6219173622047243
0
LINE
8
BLACK
6
CONTINUOUS
10
14.3155989370078736
20
-3.6219173622047243
11
14.3165029133858273
21
-3.6220971653543308
0
LINE
8
BLACK
6
CONTINUOUS
10
14.4758700000000005
20
-3.6051348425196847
11
14.4760198425196851
21
-3.6058881496062991
0
LINE
8
BLACK
6
CONTINUOUS
10
14.4760198425196851
20
-3.6058881496062991
11
14.4760198425196851
21
-3.6216361811023621
0
LINE
8
BLACK
6
CONTINUOUS
10
14.4760198425196851
20
-3.6216361811023621
11
14.4917678740157481
21
-3.6216361811023621
0
LINE
8
BLACK
6
CONTINUOUS
10
14.4917678740157481
20
-3.6216361811023621
11
14.4925211811023615
21
-3.6217860236220472
0
LINE
8
BLACK
6
CONTINUOUS
10
14.4925211811023615
20
-3.6217860236220472
11
14.4935865354330708
21
-3.622851377952756
0
LINE
8
BLACK
6
CONTINUOUS
10
14.4935865354330708
20
-3.622851377952756
11
14.4935865354330708
21
-3.6243579921259843
0
LINE
8
BLACK
6
CONTINUOUS
10
14.4935865354330708
20
-3.6243579921259843
11
14.4925211811023615
21
-3.6254233464566927
0
LINE
8
BLACK
6
CONTINUOUS
10
14.4925211811023615
20
-3.6254233464566927
11
14.4917678740157481
21
-3.6255731889763778
0
LINE
8
BLACK
6
CONTINUOUS
10
14.4917678740157481
20
-3.6255731889763778
11
14.4740513385826777
21
-3.6255731889763778
0
LINE
8
BLACK
6
CONTINUOUS
10
14.4740513385826777
20
-3.6255731889763778
11
14.4732980314960624
21
-3.6254233464566927
0
LINE
8
BLACK
6
CONTINUOUS
10
14.4732980314960624
20
-3.6254233464566927
11
14.4722326771653549
21
-3.6243579921259843
0
LINE
8
BLACK
6
CONTINUOUS
10
14.4722326771653549
20
-3.6243579921259843
11
14.4720828346456685
21
-3.6236046850393699
0
LINE
8
BLACK
6
CONTINUOUS
10
14.4720828346456685
20
-3.6236046850393699
11
14.4720828346456685
21
-3.6058881496062991
0
LINE
8
BLACK
6
CONTINUOUS
10
14.4720828346456685
20
-3.6058881496062991
11
14.4722326771653549
21
-3.6051348425196847
0
LINE
8
BLACK
6
CONTINUOUS
10
14.4722326771653549
20
-3.6051348425196847
11
14.4732980314960624
21
-3.6040694881889763
0
LINE
8
BLACK
6
CONTINUOUS
10
14.4732980314960624
20
-3.6040694881889763
11
14.4748046456692911
21
-3.6040694881889763
0
LINE
8
BLACK
6
CONTINUOUS
10
14.4748046456692911
20
-3.6040694881889763
11
14.4758700000000005
21
-3.6051348425196847
0
LINE
8
BLACK
6
CONTINUOUS
10
14.3165029133858273
20
-3.5937507086614171
11
14.3177813385826767
21
-3.5950291338582678
0
LINE
8
BLACK
6
CONTINUOUS
10
14.3177813385826767
20
-3.5950291338582678
11
14.3177813385826767
21
-3.596837086614173
0
LINE
8
BLACK
6
CONTINUOUS
10
14.3177813385826767
20
-3.596837086614173
11
14.3165029133858273
21
-3.5981155118110237
0
LINE
8
BLACK
6
CONTINUOUS
10
14.3165029133858273
20
-3.5981155118110237
11
14.3155989370078736
21
-3.5982953149606298
0
LINE
8
BLACK
6
CONTINUOUS
10
14.3155989370078736
20
-3.5982953149606298
11
14.3071079133858259
21
-3.5982953149606298
0
LINE
8
BLACK
6
CONTINUOUS
10
14.3071079133858259
20
-3.5982953149606298
11
14.306203937007874
21
-3.5981155118110237
0
LINE
8
BLACK
6
CONTINUOUS
10
14.306203937007874
20
-3.5981155118110237
11
14.3049255118110228
21
-3.596837086614173
0
LINE
8
BLACK
6
CONTINUOUS
10
14.3049255118110228
20
-3.596837086614173
11
14.3049255118110228
21
-3.5950291338582678
0
LINE
8
BLACK
6
CONTINUOUS
10
14.3049255118110228
20
-3.5950291338582678
11
14.306203937007874
21
-3.5937507086614171
0
LINE
8
BLACK
6
CONTINUOUS
10
14.306203937007874
20
-3.5937507086614171
11
14.3071079133858259
21
-3.593570905511811
0
LINE
8
BLACK
6
CONTINUOUS
10
14.3071079133858259
20
-3.593570905511811
11
14.3155989370078736
21
-3.593570905511811
0
LINE
8
BLACK
6
CONTINUOUS
10
14.3155989370078736
20
-3.593570905511811
11
14.3165029133858273
21
-3.5937507086614171
0
LINE
8
BLACK
6
CONTINUOUS
10
14.5604616141732279
20
-3.5789710236220471
11
14.5617400393700791
21
-3.5802494488188974
0
LINE
8
BLACK
6
CONTINUOUS
10
14.5617400393700791
20
-3.5802494488188974
11
14.5617400393700791
21
-3.582057401574803
0
LINE
8
BLACK
6
CONTINUOUS
10
14.5617400393700791
20
-3.582057401574803
11
14.5604616141732279
21
-3.5833358267716533
0
LINE
8
BLACK
6
CONTINUOUS
10
14.5604616141732279
20
-3.5833358267716533
11
14.559557637795276
21
-3.5835156299212598
0
LINE
8
BLACK
6
CONTINUOUS
10
14.559557637795276
20
-3.5835156299212598
11
14.5510666141732283
21
-3.5835156299212598
0
LINE
8
BLACK
6
CONTINUOUS
10
14.5510666141732283
20
-3.5835156299212598
11
14.5501626377952746
21
-3.5833358267716533
0
LINE
8
BLACK
6
CONTINUOUS
10
14.5501626377952746
20
-3.5833358267716533
11
14.5488842125984252
21
-3.582057401574803
0
LINE
8
BLACK
6
CONTINUOUS
10
14.5488842125984252
20
-3.582057401574803
11
14.5488842125984252
21
-3.5802494488188974
0
LINE
8
BLACK
6
CONTINUOUS
10
14.5488842125984252
20
-3.5802494488188974
11
14.5501626377952746
21
-3.5789710236220471
0
LINE
8
BLACK
6
CONTINUOUS
10
14.5501626377952746
20
-3.5789710236220471
11
14.5510666141732283
21
-3.578791220472441
0
LINE
8
BLACK
6
CONTINUOUS
10
14.5510666141732283
20
-3.578791220472441
11
14.559557637795276
21
-3.578791220472441
0
LINE
8
BLACK
6
CONTINUOUS
10
14.559557637795276
20
-3.578791220472441
11
14.5604616141732279
21
-3.5789710236220471
0
LINE
8
BLACK
6
CONTINUOUS
10
14.3900466535433065
20
-3.5475980314960629
11
14.3911120078740158
21
-3.5486633858267718
0
LINE
8
BLACK
6
CONTINUOUS
10
14.3911120078740158
20
-3.5486633858267718
11
14.3912618503937004
21
-3.5494166929133857
0
LINE
8
BLACK
6
CONTINUOUS
10
14.3912618503937004
20
-3.5494166929133857
11
14.3912618503937004
21
-3.5671332283464565
0
LINE
8
BLACK
6
CONTINUOUS
10
14.3912618503937004
20
-3.5671332283464565
11
14.3911120078740158
21
-3.5678865354330709
0
LINE
8
BLACK
6
CONTINUOUS
10
14.3911120078740158
20
-3.5678865354330709
11
14.3900466535433065
21
-3.5689518897637793
0
LINE
8
BLACK
6
CONTINUOUS
10
14.3900466535433065
20
-3.5689518897637793
11
14.3885400393700777
21
-3.5689518897637793
0
LINE
8
BLACK
6
CONTINUOUS
10
14.3885400393700777
20
-3.5689518897637793
11
14.3874746850393702
21
-3.5678865354330709
0
LINE
8
BLACK
6
CONTINUOUS
10
14.3874746850393702
20
-3.5678865354330709
11
14.3873248425196856
21
-3.5671332283464565
0
LINE
8
BLACK
6
CONTINUOUS
10
14.3873248425196856
20
-3.5671332283464565
11
14.3873248425196856
21
-3.5513851968503936
0
LINE
8
BLACK
6
CONTINUOUS
10
14.3873248425196856
20
-3.5513851968503936
11
14.3715768110236208
21
-3.5513851968503936
0
LINE
8
BLACK
6
CONTINUOUS
10
14.3715768110236208
20
-3.5513851968503936
11
14.3708235039370074
21
-3.5512353543307085
0
LINE
8
BLACK
6
CONTINUOUS
10
14.3708235039370074
20
-3.5512353543307085
11
14.369758149606298
21
-3.55017
0
LINE
8
BLACK
6
CONTINUOUS
10
14.369758149606298
20
-3.55017
11
14.369758149606298
21
-3.5486633858267718
0
LINE
8
BLACK
6
CONTINUOUS
10
14.369758149606298
20
-3.5486633858267718
11
14.3708235039370074
21
-3.5475980314960629
0
LINE
8
BLACK
6
CONTINUOUS
10
14.3708235039370074
20
-3.5475980314960629
11
14.3715768110236208
21
-3.5474481889763778
0
LINE
8
BLACK
6
CONTINUOUS
10
14.3715768110236208
20
-3.5474481889763778
11
14.389293346456693
21
-3.5474481889763778
0
LINE
8
BLACK
6
CONTINUOUS
10
14.389293346456693
20
-3.5474481889763778
11
14.3900466535433065
21
-3.5475980314960629
0
LINE
8
BLACK
6
CONTINUOUS
10
14.5604616141732279
20
-3.5506245669291339
11
14.5617400393700791
21
-3.5519029921259841
0
LINE
8
BLACK
6
CONTINUOUS
10
14.5617400393700791
20
-3.5519029921259841
11
14.5617400393700791
21
-3.5537109448818898
0
LINE
8
BLACK
6
CONTINUOUS
10
14.5617400393700791
20
-3.5537109448818898
11
14.5604616141732279
21
-3.5549893700787401
0
LINE
8
BLACK
6
CONTINUOUS
10
14.5604616141732279
20
-3.5549893700787401
11
14.559557637795276
21
-3.5551691732283466
0
LINE
8
BLACK
6
CONTINUOUS
10
14.559557637795276
20
-3.5551691732283466
11
14.5510666141732283
21
-3.5551691732283466
0
LINE
8
BLACK
6
CONTINUOUS
10
14.5510666141732283
20
-3.5551691732283466
11
14.5501626377952746
21
-3.5549893700787401
0
LINE
8
BLACK
6
CONTINUOUS
10
14.5501626377952746
20
-3.5549893700787401
11
14.5488842125984252
21
-3.5537109448818898
0
LINE
8
BLACK
6
CONTINUOUS
10
14.5488842125984252
20
-3.5537109448818898
11
14.5488842125984252
21
-3.5519029921259841
0
LINE
8
BLACK
6
CONTINUOUS
10
14.5488842125984252
20
-3.5519029921259841
11
14.5501626377952746
21
-3.5506245669291339
0
LINE
8
BLACK
6
CONTINUOUS
10
14.5501626377952746
20
-3.5506245669291339
11
14.5510666141732283
21
-3.5504447637795273
0
LINE
8
BLACK
6
CONTINUOUS
10
14.5510666141732283
20
-3.5504447637795273
11
14.559557637795276
21
-3.5504447637795273
0
LINE
8
BLACK
6
CONTINUOUS
10
14.559557637795276
20
-3.5504447637795273
11
14.5604616141732279
21
-3.5506245669291339
0
LINE
8
BLACK
6
CONTINUOUS
10
14.4758700000000005
20
-3.5270098425196847
11
14.4760198425196851
21
-3.5277631496062991
0
LINE
8
BLACK
6
CONTINUOUS
10
14.4760198425196851
20
-3.5277631496062991
11
14.4760198425196851
21
-3.5435111811023621
0
LINE
8
BLACK
6
CONTINUOUS
10
14.4760198425196851
20
-3.5435111811023621
11
14.4917678740157481
21
-3.5435111811023621
0
LINE
8
BLACK
6
CONTINUOUS
10
14.4917678740157481
20
-3.5435111811023621
11
14.4925211811023615
21
-3.5436610236220472
0
LINE
8
BLACK
6
CONTINUOUS
10
14.4925211811023615
20
-3.5436610236220472
11
14.4935865354330708
21
-3.544726377952756
0
LINE
8
BLACK
6
CONTINUOUS
10
14.4935865354330708
20
-3.544726377952756
11
14.4935865354330708
21
-3.5462329921259843
0
LINE
8
BLACK
6
CONTINUOUS
10
14.4935865354330708
20
-3.5462329921259843
11
14.4925211811023615
21
-3.5472983464566927
0
LINE
8
BLACK
6
CONTINUOUS
10
14.4925211811023615
20
-3.5472983464566927
11
14.4917678740157481
21
-3.5474481889763778
0
LINE
8
BLACK
6
CONTINUOUS
10
14.4917678740157481
20
-3.5474481889763778
11
14.4740513385826777
21
-3.5474481889763778
0
LINE
8
BLACK
6
CONTINUOUS
10
14.4740513385826777
20
-3.5474481889763778
11
14.4732980314960624
21
-3.5472983464566927
0
LINE
8
BLACK
6
CONTINUOUS
10
14.4732980314960624
20
-3.5472983464566927
11
14.4722326771653549
21
-3.5462329921259843
0
LINE
8
BLACK
6
CONTINUOUS
10
14.4722326771653549
20
-3.5462329921259843
11
14.4720828346456685
21
-3.5454796850393699
0
LINE
8
BLACK
6
CONTINUOUS
10
14.4720828346456685
20
-3.5454796850393699
11
14.4720828346456685
21
-3.5277631496062991
0
LINE
8
BLACK
6
CONTINUOUS
10
14.4720828346456685
20
-3.5277631496062991
11
14.4722326771653549
21
-3.5270098425196847
0
LINE
8
BLACK
6
CONTINUOUS
10
14.4722326771653549
20
-3.5270098425196847
11
14.4732980314960624
21
-3.5259444881889763
0
LINE
8
BLACK
6
CONTINUOUS
10
14.4732980314960624
20
-3.5259444881889763
11
14.4748046456692911
21
-3.5259444881889763
0
LINE
8
BLACK
6
CONTINUOUS
10
14.4748046456692911
20
-3.5259444881889763
11
14.4758700000000005
21
-3.5270098425196847
0
LINE
8
BLACK
6
CONTINUOUS
10
14.3165029133858273
20
-3.5400659842519686
11
14.3177813385826767
21
-3.5413444094488189
0
LINE
8
BLACK
6
CONTINUOUS
10
14.3177813385826767
20
-3.5413444094488189
11
14.3177813385826767
21
-3.5431523622047245
0
LINE
8
BLACK
6
CONTINUOUS
10
14.3177813385826767
20
-3.5431523622047245
11
14.3165029133858273
21
-3.5444307874015748
0
LINE
8
BLACK
6
CONTINUOUS
10
14.3165029133858273
20
-3.5444307874015748
11
14.3155989370078736
21
-3.5446105905511809
0
LINE
8
BLACK
6
CONTINUOUS
10
14.3155989370078736
20
-3.5446105905511809
11
14.3071079133858259
21
-3.5446105905511809
0
LINE
8
BLACK
6
CONTINUOUS
10
14.3071079133858259
20
-3.5446105905511809
11
14.306203937007874
21
-3.5444307874015748
0
LINE
8
BLACK
6
CONTINUOUS
10
14.306203937007874
20
-3.5444307874015748
11
14.3049255118110228
21
-3.5431523622047245
0
LINE
8
BLACK
6
CONTINUOUS
10
14.3049255118110228
20
-3.5431523622047245
11
14.3049255118110228
21
-3.5413444094488189
0
LINE
8
BLACK
6
CONTINUOUS
10
14.3049255118110228
20
-3.5413444094488189
11
14.306203937007874
21
-3.5400659842519686
0
LINE
8
BLACK
6
CONTINUOUS
10
14.306203937007874
20
-3.5400659842519686
11
14.3071079133858259
21
-3.5398861811023621
0
LINE
8
BLACK
6
CONTINUOUS
10
14.3071079133858259
20
-3.5398861811023621
11
14.3155989370078736
21
-3.5398861811023621
0
LINE
8
BLACK
6
CONTINUOUS
10
14.3155989370078736
20
-3.5398861811023621
11
14.3165029133858273
21
-3.5400659842519686
0
LINE
8
BLACK
6
CONTINUOUS
10
14.3165029133858273
20
-3.5117195275590549
11
14.3177813385826767
21
-3.5129979527559057
0
LINE
8
BLACK
6
CONTINUOUS
10
14.3177813385826767
20
-3.5129979527559057
11
14.3177813385826767
21
-3.5148059055118108
0
LINE
8
BLACK
6
CONTINUOUS
10
14.3177813385826767
20
-3.5148059055118108
11
14.3165029133858273
21
-3.5160843307086616
0
LINE
8
BLACK
6
CONTINUOUS
10
14.3165029133858273
20
-3.5160843307086616
11
14.3155989370078736
21
-3.5162641338582676
0
LINE
8
BLACK
6
CONTINUOUS
10
14.3155989370078736
20
-3.5162641338582676
11
14.3071079133858259
21
-3.5162641338582676
0
LINE
8
BLACK
6
CONTINUOUS
10
14.3071079133858259
20
-3.5162641338582676
11
14.306203937007874
21
-3.5160843307086616
0
LINE
8
BLACK
6
CONTINUOUS
10
14.306203937007874
20
-3.5160843307086616
11
14.3049255118110228
21
-3.5148059055118108
0
LINE
8
BLACK
6
CONTINUOUS
10
14.3049255118110228
20
-3.5148059055118108
11
14.3049255118110228
21
-3.5129979527559057
0
LINE
8
BLACK
6
CONTINUOUS
10
14.3049255118110228
20
-3.5129979527559057
11
14.306203937007874
21
-3.5117195275590549
0
LINE
8
BLACK
6
CONTINUOUS
10
14.306203937007874
20
-3.5117195275590549
11
14.3071079133858259
21
-3.5115397244094488
0
LINE
8
BLACK
6
CONTINUOUS
10
14.3071079133858259
20
-3.5115397244094488
11
14.3155989370078736
21
-3.5115397244094488
0
LINE
8
BLACK
6
CONTINUOUS
10
14.3155989370078736
20
-3.5115397244094488
11
14.3165029133858273
21
-3.5117195275590549
0
LINE
8
BLACK
6
CONTINUOUS
10
14.5604616141732279
20
-3.4969399212598424
11
14.5617400393700791
21
-3.4982183464566927
0
LINE
8
BLACK
6
CONTINUOUS
10
14.5617400393700791
20
-3.4982183464566927
11
14.5617400393700791
21
-3.5000262992125983
0
LINE
8
BLACK
6
CONTINUOUS
10
14.5617400393700791
20
-3.5000262992125983
11
14.5604616141732279
21
-3.5013047244094486
0
LINE
8
BLACK
6
CONTINUOUS
10
14.5604616141732279
20
-3.5013047244094486
11
14.559557637795276
21
-3.5014845275590551
0
LINE
8
BLACK
6
CONTINUOUS
10
14.559557637795276
20
-3.5014845275590551
11
14.5510666141732283
21
-3.5014845275590551
0
LINE
8
BLACK
6
CONTINUOUS
10
14.5510666141732283
20
-3.5014845275590551
11
14.5501626377952746
21
-3.5013047244094486
0
LINE
8
BLACK
6
CONTINUOUS
10
14.5501626377952746
20
-3.5013047244094486
11
14.5488842125984252
21
-3.5000262992125983
0
LINE
8
BLACK
6
CONTINUOUS
10
14.5488842125984252
20
-3.5000262992125983
11
14.5488842125984252
21
-3.4982183464566927
0
LINE
8
BLACK
6
CONTINUOUS
10
14.5488842125984252
20
-3.4982183464566927
11
14.5501626377952746
21
-3.4969399212598424
0
LINE
8
BLACK
6
CONTINUOUS
10
14.5501626377952746
20
-3.4969399212598424
11
14.5510666141732283
21
-3.4967601181102363
0
LINE
8
BLACK
6
CONTINUOUS
10
14.5510666141732283
20
-3.4967601181102363
11
14.559557637795276
21
-3.4967601181102363
0
LINE
8
BLACK
6
CONTINUOUS
10
14.559557637795276
20
-3.4967601181102363
11
14.5604616141732279
21
-3.4969399212598424
0
LINE
8
BLACK
6
CONTINUOUS
10
14.2192731102362195
20
-3.3897807480314959
11
14.2205515354330707
21
-3.3910591732283466
0
LINE
8
BLACK
6
CONTINUOUS
10
14.2205515354330707
20
-3.3910591732283466
11
14.2207313385826772
21
-3.391963149606299
0
LINE
8
BLACK
6
CONTINUOUS
10
14.2207313385826772
20
-3.391963149606299
11
14.2207313385826772
21
-3.4966875590551179
0
LINE
8
BLACK
6
CONTINUOUS
10
14.2207313385826772
20
-3.4966875590551179
11
14.2205515354330707
21
-3.4975915354330707
0
LINE
8
BLACK
6
CONTINUOUS
10
14.2205515354330707
20
-3.4975915354330707
11
14.2192731102362195
21
-3.4988699606299214
0
LINE
8
BLACK
6
CONTINUOUS
10
14.2192731102362195
20
-3.4988699606299214
11
14.2183691338582676
21
-3.4990497637795275
0
LINE
8
BLACK
6
CONTINUOUS
10
14.2183691338582676
20
-3.4990497637795275
11
13.9160069291338573
21
-3.4990497637795275
0
LINE
8
BLACK
6
CONTINUOUS
10
13.9160069291338573
20
-3.4990497637795275
11
13.9151029527559054
21
-3.4988699606299214
0
LINE
8
BLACK
6
CONTINUOUS
10
13.9151029527559054
20
-3.4988699606299214
11
13.9138245275590542
21
-3.4975915354330707
0
LINE
8
BLACK
6
CONTINUOUS
10
13.9138245275590542
20
-3.4975915354330707
11
13.9136447244094477
21
-3.4966875590551179
0
LINE
8
BLACK
6
CONTINUOUS
10
13.9136447244094477
20
-3.4966875590551179
11
13.9136447244094477
21
-3.4943253543307087
0
LINE
8
BLACK
6
CONTINUOUS
10
13.9136447244094477
20
-3.4943253543307087
11
13.9183691338582669
21
-3.4943253543307087
0
LINE
8
BLACK
6
CONTINUOUS
10
13.9183691338582669
20
-3.4943253543307087
11
14.216006929133858
21
-3.4943253543307087
0
LINE
8
BLACK
6
CONTINUOUS
10
14.216006929133858
20
-3.4943253543307087
11
14.216006929133858
21
-3.3943253543307086
0
LINE
8
BLACK
6
CONTINUOUS
10
14.216006929133858
20
-3.3943253543307086
11
13.9183691338582669
21
-3.3943253543307086
0
LINE
8
BLACK
6
CONTINUOUS
10
13.9183691338582669
20
-3.3943253543307086
11
13.9183691338582669
21
-3.4943253543307087
0
LINE
8
BLACK
6
CONTINUOUS
10
13.9183691338582669
20
-3.4943253543307087
11
13.9136447244094477
21
-3.4943253543307087
0
LINE
8
BLACK
6
CONTINUOUS
10
13.9136447244094477
20
-3.4943253543307087
11
13.9136447244094477
21
-3.391963149606299
0
LINE
8
BLACK
6
CONTINUOUS
10
13.9136447244094477
20
-3.391963149606299
11
13.9138245275590542
21
-3.3910591732283466
0
LINE
8
BLACK
6
CONTINUOUS
10
13.9138245275590542
20
-3.3910591732283466
11
13.9151029527559054
21
-3.3897807480314959
0
LINE
8
BLACK
6
CONTINUOUS
10
13.9151029527559054
20
-3.3897807480314959
11
13.9160069291338573
21
-3.3896009448818898
0
LINE
8
BLACK
6
CONTINUOUS
10
13.9160069291338573
20
-3.3896009448818898
11
14.2183691338582676
21
-3.3896009448818898
0
LINE
8
BLACK
6
CONTINUOUS
10
14.2183691338582676
20
-3.3896009448818898
11
14.2192731102362195
21
-3.3897807480314959
0
LINE
8
BLACK
6
CONTINUOUS
10
14.3900466535433065
20
-3.4694730314960629
11
14.3911120078740158
21
-3.4705383858267718
0
LINE
8
BLACK
6
CONTINUOUS
10
14.3911120078740158
20
-3.4705383858267718
11
14.3912618503937004
21
-3.4712916929133857
0
LINE
8
BLACK
6
CONTINUOUS
10
14.3912618503937004
20
-3.4712916929133857
11
14.3912618503937004
21
-3.4890082283464565
0
LINE
8
BLACK
6
CONTINUOUS
10
14.3912618503937004
20
-3.4890082283464565
11
14.3911120078740158
21
-3.4897615354330709
0
LINE
8
BLACK
6
CONTINUOUS
10
14.3911120078740158
20
-3.4897615354330709
11
14.3900466535433065
21
-3.4908268897637793
0
LINE
8
BLACK
6
CONTINUOUS
10
14.3900466535433065
20
-3.4908268897637793
11
14.3885400393700777
21
-3.4908268897637793
0
LINE
8
BLACK
6
CONTINUOUS
10
14.3885400393700777
20
-3.4908268897637793
11
14.3874746850393702
21
-3.4897615354330709
0
LINE
8
BLACK
6
CONTINUOUS
10
14.3874746850393702
20
-3.4897615354330709
11
14.3873248425196856
21
-3.4890082283464565
0
LINE
8
BLACK
6
CONTINUOUS
10
14.3873248425196856
20
-3.4890082283464565
11
14.3873248425196856
21
-3.4732601968503936
0
LINE
8
BLACK
6
CONTINUOUS
10
14.3873248425196856
20
-3.4732601968503936
11
14.3715768110236208
21
-3.4732601968503936
0
LINE
8
BLACK
6
CONTINUOUS
10
14.3715768110236208
20
-3.4732601968503936
11
14.3708235039370074
21
-3.4731103543307085
0
LINE
8
BLACK
6
CONTINUOUS
10
14.3708235039370074
20
-3.4731103543307085
11
14.369758149606298
21
-3.472045
0
LINE
8
BLACK
6
CONTINUOUS
10
14.369758149606298
20
-3.472045
11
14.369758149606298
21
-3.4705383858267718
0
LINE
8
BLACK
6
CONTINUOUS
10
14.369758149606298
20
-3.4705383858267718
11
14.3708235039370074
21
-3.4694730314960629
0
LINE
8
BLACK
6
CONTINUOUS
10
14.3708235039370074
20
-3.4694730314960629
11
14.3715768110236208
21
-3.4693231889763778
0
LINE
8
BLACK
6
CONTINUOUS
10
14.3715768110236208
20
-3.4693231889763778
11
14.389293346456693
21
-3.4693231889763778
0
LINE
8
BLACK
6
CONTINUOUS
10
14.389293346456693
20
-3.4693231889763778
11
14.3900466535433065
21
-3.4694730314960629
0
LINE
8
BLACK
6
CONTINUOUS
10
13.5421165748031491
20
-3.3847561417322836
11
13.5430950787401567
21
-3.3862764566929133
0
LINE
8
BLACK
6
CONTINUOUS
10
13.5430950787401567
20
-3.3862764566929133
11
13.5430792125984247
21
-3.387197992125984
0
LINE
8
BLACK
6
CONTINUOUS
10
13.5430792125984247
20
-3.387197992125984
11
13.5214080708661406
21
-3.487141062992126
0
LINE
8
BLACK
6
CONTINUOUS
10
13.5214080708661406
20
-3.487141062992126
11
13.5168393307086614
21
-3.4859168897637796
0
LINE
8
BLACK
6
CONTINUOUS
10
13.5168393307086614
20
-3.4859168897637796
11
13.5384621259842515
21
-3.3861968503937008
0
LINE
8
BLACK
6
CONTINUOUS
10
13.5384621259842515
20
-3.3861968503937008
11
13.5388294094488177
21
-3.385351496062992
0
LINE
8
BLACK
6
CONTINUOUS
10
13.5388294094488177
20
-3.385351496062992
11
13.5403496850393701
21
-3.3843730314960627
0
LINE
8
BLACK
6
CONTINUOUS
10
13.5403496850393701
20
-3.3843730314960627
11
13.5421165748031491
21
-3.3847561417322836
0
LINE
8
BLACK
6
CONTINUOUS
10
18.3269374409448815
20
-3.3201601181102363
11
18.3282158661417327
21
-3.3214385433070865
0
LINE
8
BLACK
6
CONTINUOUS
10
18.3282158661417327
20
-3.3214385433070865
11
18.3283956692913392
21
-3.3223425196850394
0
LINE
8
BLACK
6
CONTINUOUS
10
18.3283956692913392
20
-3.3223425196850394
11
18.3283956692913392
21
-3.4837598425196852
0
LINE
8
BLACK
6
CONTINUOUS
10
18.3283956692913392
20
-3.4837598425196852
11
18.3282158661417327
21
-3.4846638188976375
0
LINE
8
BLACK
6
CONTINUOUS
10
18.3282158661417327
20
-3.4846638188976375
11
18.3269374409448815
21
-3.4859422440944883
0
LINE
8
BLACK
6
CONTINUOUS
10
18.3269374409448815
20
-3.4859422440944883
11
18.3251294881889777
21
-3.4859422440944883
0
LINE
8
BLACK
6
CONTINUOUS
10
18.3251294881889777
20
-3.4859422440944883
11
18.3238510629921265
21
-3.4846638188976375
0
LINE
8
BLACK
6
CONTINUOUS
10
18.3238510629921265
20
-3.4846638188976375
11
18.32367125984252
21
-3.4837598425196852
0
LINE
8
BLACK
6
CONTINUOUS
10
18.32367125984252
20
-3.4837598425196852
11
18.32367125984252
21
-3.3247047244094485
0
LINE
8
BLACK
6
CONTINUOUS
10
18.32367125984252
20
-3.3247047244094485
11
17.86382874015748
21
-3.3247047244094485
0
LINE
8
BLACK
6
CONTINUOUS
10
17.86382874015748
20
-3.3247047244094485
11
17.86382874015748
21
-3.4837598425196852
0
LINE
8
BLACK
6
CONTINUOUS
10
17.86382874015748
20
-3.4837598425196852
11
17.8636489370078735
21
-3.4846638188976375
0
LINE
8
BLACK
6
CONTINUOUS
10
17.8636489370078735
20
-3.4846638188976375
11
17.8623705118110223
21
-3.4859422440944883
0
LINE
8
BLACK
6
CONTINUOUS
10
17.8623705118110223
20
-3.4859422440944883
11
17.8605625590551185
21
-3.4859422440944883
0
LINE
8
BLACK
6
CONTINUOUS
10
17.8605625590551185
20
-3.4859422440944883
11
17.8592841338582673
21
-3.4846638188976375
0
LINE
8
BLACK
6
CONTINUOUS
10
17.8592841338582673
20
-3.4846638188976375
11
17.8591043307086608
21
-3.4837598425196852
0
LINE
8
BLACK
6
CONTINUOUS
10
17.8591043307086608
20
-3.4837598425196852
11
17.8591043307086608
21
-3.3223425196850394
0
LINE
8
BLACK
6
CONTINUOUS
10
17.8591043307086608
20
-3.3223425196850394
11
17.8592841338582673
21
-3.3214385433070865
0
LINE
8
BLACK
6
CONTINUOUS
10
17.8592841338582673
20
-3.3214385433070865
11
17.8605625590551185
21
-3.3201601181102363
0
LINE
8
BLACK
6
CONTINUOUS
10
17.8605625590551185
20
-3.3201601181102363
11
17.8614665354330704
21
-3.3199803149606297
0
LINE
8
BLACK
6
CONTINUOUS
10
17.8614665354330704
20
-3.3199803149606297
11
18.3260334645669296
21
-3.3199803149606297
0
LINE
8
BLACK
6
CONTINUOUS
10
18.3260334645669296
20
-3.3199803149606297
11
18.3269374409448815
21
-3.3201601181102363
0
LINE
8
BLACK
6
CONTINUOUS
10
13.1869888188976372
20
-3.3854256299212597
11
13.1873509448818886
21
-3.3862731889763777
0
LINE
8
BLACK
6
CONTINUOUS
10
13.1873509448818886
20
-3.3862731889763777
11
13.2081067322834649
21
-3.4848933464566927
0
LINE
8
BLACK
6
CONTINUOUS
10
13.2081067322834649
20
-3.4848933464566927
11
13.2034353937007864
21
-3.4855083464566929
0
LINE
8
BLACK
6
CONTINUOUS
10
13.2034353937007864
20
-3.4855083464566929
11
13.2034096850393698
21
-3.4855151968503937
0
LINE
8
BLACK
6
CONTINUOUS
10
13.2034096850393698
20
-3.4855151968503937
11
13.182727795275591
21
-3.3872461811023622
0
LINE
8
BLACK
6
CONTINUOUS
10
13.182727795275591
20
-3.3872461811023622
11
13.1827175984251959
21
-3.386324566929134
0
LINE
8
BLACK
6
CONTINUOUS
10
13.1827175984251959
20
-3.386324566929134
11
13.1837053149606298
21
-3.3848102362204724
0
LINE
8
BLACK
6
CONTINUOUS
10
13.1837053149606298
20
-3.3848102362204724
11
13.1854744881889765
21
-3.3844379133858267
0
LINE
8
BLACK
6
CONTINUOUS
10
13.1854744881889765
20
-3.3844379133858267
11
13.1869888188976372
21
-3.3854256299212597
0
LINE
8
BLACK
6
CONTINUOUS
10
14.5604616141732279
20
-3.4685934645669292
11
14.5617400393700791
21
-3.4698718897637795
0
LINE
8
BLACK
6
CONTINUOUS
10
14.5617400393700791
20
-3.4698718897637795
11
14.5617400393700791
21
-3.4716798425196851
0
LINE
8
BLACK
6
CONTINUOUS
10
14.5617400393700791
20
-3.4716798425196851
11
14.5604616141732279
21
-3.4729582677165354
0
LINE
8
BLACK
6
CONTINUOUS
10
14.5604616141732279
20
-3.4729582677165354
11
14.559557637795276
21
-3.4731380708661415
0
LINE
8
BLACK
6
CONTINUOUS
10
14.559557637795276
20
-3.4731380708661415
11
14.5510666141732283
21
-3.4731380708661415
0
LINE
8
BLACK
6
CONTINUOUS
10
14.5510666141732283
20
-3.4731380708661415
11
14.5501626377952746
21
-3.4729582677165354
0
LINE
8
BLACK
6
CONTINUOUS
10
14.5501626377952746
20
-3.4729582677165354
11
14.5488842125984252
21
-3.4716798425196851
0
LINE
8
BLACK
6
CONTINUOUS
10
14.5488842125984252
20
-3.4716798425196851
11
14.5488842125984252
21
-3.4698718897637795
0
LINE
8
BLACK
6
CONTINUOUS
10
14.5488842125984252
20
-3.4698718897637795
11
14.5501626377952746
21
-3.4685934645669292
0
LINE
8
BLACK
6
CONTINUOUS
10
14.5501626377952746
20
-3.4685934645669292
11
14.5510666141732283
21
-3.4684136614173227
0
LINE
8
BLACK
6
CONTINUOUS
10
14.5510666141732283
20
-3.4684136614173227
11
14.559557637795276
21
-3.4684136614173227
0
LINE
8
BLACK
6
CONTINUOUS
10
14.559557637795276
20
-3.4684136614173227
11
14.5604616141732279
21
-3.4685934645669292
0
LINE
8
BLACK
6
CONTINUOUS
10
14.4758700000000005
20
-3.4488848425196847
11
14.4760198425196851
21
-3.4496381496062991
0
LINE
8
BLACK
6
CONTINUOUS
10
14.4760198425196851
20
-3.4496381496062991
11
14.4760198425196851
21
-3.4653861811023621
0
LINE
8
BLACK
6
CONTINUOUS
10
14.4760198425196851
20
-3.4653861811023621
11
14.4917678740157481
21
-3.4653861811023621
0
LINE
8
BLACK
6
CONTINUOUS
10
14.4917678740157481
20
-3.4653861811023621
11
14.4925211811023615
21
-3.4655360236220472
0
LINE
8
BLACK
6
CONTINUOUS
10
14.4925211811023615
20
-3.4655360236220472
11
14.4935865354330708
21
-3.466601377952756
0
LINE
8
BLACK
6
CONTINUOUS
10
14.4935865354330708
20
-3.466601377952756
11
14.4935865354330708
21
-3.4681079921259843
0
LINE
8
BLACK
6
CONTINUOUS
10
14.4935865354330708
20
-3.4681079921259843
11
14.4925211811023615
21
-3.4691733464566927
0
LINE
8
BLACK
6
CONTINUOUS
10
14.4925211811023615
20
-3.4691733464566927
11
14.4917678740157481
21
-3.4693231889763778
0
LINE
8
BLACK
6
CONTINUOUS
10
14.4917678740157481
20
-3.4693231889763778
11
14.4740513385826777
21
-3.4693231889763778
0
LINE
8
BLACK
6
CONTINUOUS
10
14.4740513385826777
20
-3.4693231889763778
11
14.4732980314960624
21
-3.4691733464566927
0
LINE
8
BLACK
6
CONTINUOUS
10
14.4732980314960624
20
-3.4691733464566927
11
14.4722326771653549
21
-3.4681079921259843
0
LINE
8
BLACK
6
CONTINUOUS
10
14.4722326771653549
20
-3.4681079921259843
11
14.4720828346456685
21
-3.4673546850393699
0
LINE
8
BLACK
6
CONTINUOUS
10
14.4720828346456685
20
-3.4673546850393699
11
14.4720828346456685
21
-3.4496381496062991
0
LINE
8
BLACK
6
CONTINUOUS
10
14.4720828346456685
20
-3.4496381496062991
11
14.4722326771653549
21
-3.4488848425196847
0
LINE
8
BLACK
6
CONTINUOUS
10
14.4722326771653549
20
-3.4488848425196847
11
14.4732980314960624
21
-3.4478194881889763
0
LINE
8
BLACK
6
CONTINUOUS
10
14.4732980314960624
20
-3.4478194881889763
11
14.4748046456692911
21
-3.4478194881889763
0
LINE
8
BLACK
6
CONTINUOUS
10
14.4748046456692911
20
-3.4478194881889763
11
14.4758700000000005
21
-3.4488848425196847
0
LINE
8
BLACK
6
CONTINUOUS
10
14.3165029133858273
20
-3.4638941732283466
11
14.3177813385826767
21
-3.4651725984251969
0
LINE
8
BLACK
6
CONTINUOUS
10
14.3177813385826767
20
-3.4651725984251969
11
14.3177813385826767
21
-3.4669805511811025
0
LINE
8
BLACK
6
CONTINUOUS
10
14.3177813385826767
20
-3.4669805511811025
11
14.3165029133858273
21
-3.4682589763779528
0
LINE
8
BLACK
6
CONTINUOUS
10
14.3165029133858273
20
-3.4682589763779528
11
14.3155989370078736
21
-3.4684387795275589
0
LINE
8
BLACK
6
CONTINUOUS
10
14.3155989370078736
20
-3.4684387795275589
11
14.3071079133858259
21
-3.4684387795275589
0
LINE
8
BLACK
6
CONTINUOUS
10
14.3071079133858259
20
-3.4684387795275589
11
14.306203937007874
21
-3.4682589763779528
0
LINE
8
BLACK
6
CONTINUOUS
10
14.306203937007874
20
-3.4682589763779528
11
14.3049255118110228
21
-3.4669805511811025
0
LINE
8
BLACK
6
CONTINUOUS
10
14.3049255118110228
20
-3.4669805511811025
11
14.3049255118110228
21
-3.4651725984251969
0
LINE
8
BLACK
6
CONTINUOUS
10
14.3049255118110228
20
-3.4651725984251969
11
14.306203937007874
21
-3.4638941732283466
0
LINE
8
BLACK
6
CONTINUOUS
10
14.306203937007874
20
-3.4638941732283466
11
14.3071079133858259
21
-3.4637143700787401
0
LINE
8
BLACK
6
CONTINUOUS
10
14.3071079133858259
20
-3.4637143700787401
11
14.3155989370078736
21
-3.4637143700787401
0
LINE
8
BLACK
6
CONTINUOUS
10
14.3155989370078736
20
-3.4637143700787401
11
14.3165029133858273
21
-3.4638941732283466
0
LINE
8
BLACK
6
CONTINUOUS
10
13.8669109055118103
20
-3.3897807480314959
11
13.8681893307086614
21
-3.3910591732283466
0
LINE
8
BLACK
6
CONTINUOUS
10
13.8681893307086614
20
-3.3910591732283466
11
13.8681893307086614
21
-3.3928671259842518
0
LINE
8
BLACK
6
CONTINUOUS
10
13.8681893307086614
20
-3.3928671259842518
11
13.8669109055118103
21
-3.3941455511811025
0
LINE
8
BLACK
6
CONTINUOUS
10
13.8669109055118103
20
-3.3941455511811025
11
13.8660069291338583
21
-3.3943253543307086
0
LINE
8
BLACK
6
CONTINUOUS
10
13.8660069291338583
20
-3.3943253543307086
11
13.8160069291338576
21
-3.3943253543307086
0
LINE
8
BLACK
6
CONTINUOUS
10
13.8160069291338576
20
-3.3943253543307086
11
13.8160069291338576
21
-3.4443253543307084
0
LINE
8
BLACK
6
CONTINUOUS
10
13.8160069291338576
20
-3.4443253543307084
11
13.8158271259842511
21
-3.4452293307086612
0
LINE
8
BLACK
6
CONTINUOUS
10
13.8158271259842511
20
-3.4452293307086612
11
13.8145487007874017
21
-3.4465077559055119
0
LINE
8
BLACK
6
CONTINUOUS
10
13.8145487007874017
20
-3.4465077559055119
11
13.8127407480314961
21
-3.4465077559055119
0
LINE
8
BLACK
6
CONTINUOUS
10
13.8127407480314961
20
-3.4465077559055119
11
13.8114623228346449
21
-3.4452293307086612
0
LINE
8
BLACK
6
CONTINUOUS
10
13.8114623228346449
20
-3.4452293307086612
11
13.8112825196850384
21
-3.4443253543307084
0
LINE
8
BLACK
6
CONTINUOUS
10
13.8112825196850384
20
-3.4443253543307084
11
13.8112825196850384
21
-3.391963149606299
0
LINE
8
BLACK
6
CONTINUOUS
10
13.8112825196850384
20
-3.391963149606299
11
13.8114623228346449
21
-3.3910591732283466
0
LINE
8
BLACK
6
CONTINUOUS
10
13.8114623228346449
20
-3.3910591732283466
11
13.8127407480314961
21
-3.3897807480314959
0
LINE
8
BLACK
6
CONTINUOUS
10
13.8127407480314961
20
-3.3897807480314959
11
13.813644724409448
21
-3.3896009448818898
0
LINE
8
BLACK
6
CONTINUOUS
10
13.813644724409448
20
-3.3896009448818898
11
13.8660069291338583
21
-3.3896009448818898
0
LINE
8
BLACK
6
CONTINUOUS
10
13.8660069291338583
20
-3.3896009448818898
11
13.8669109055118103
21
-3.3897807480314959
0
LINE
8
BLACK
6
CONTINUOUS
10
14.3165029133858273
20
-3.4355477165354329
11
14.3177813385826767
21
-3.4368261417322832
0
LINE
8
BLACK
6
CONTINUOUS
10
14.3177813385826767
20
-3.4368261417322832
11
14.3177813385826767
21
-3.4386340944881888
0
LINE
8
BLACK
6
CONTINUOUS
10
14.3177813385826767
20
-3.4386340944881888
11
14.3165029133858273
21
-3.4399125196850391
0
LINE
8
BLACK
6
CONTINUOUS
10
14.3165029133858273
20
-3.4399125196850391
11
14.3155989370078736
21
-3.4400923228346456
0
LINE
8
BLACK
6
CONTINUOUS
10
14.3155989370078736
20
-3.4400923228346456
11
14.3071079133858259
21
-3.4400923228346456
0
LINE
8
BLACK
6
CONTINUOUS
10
14.3071079133858259
20
-3.4400923228346456
11
14.306203937007874
21
-3.4399125196850391
0
LINE
8
BLACK
6
CONTINUOUS
10
14.306203937007874
20
-3.4399125196850391
11
14.3049255118110228
21
-3.4386340944881888
0
LINE
8
BLACK
6
CONTINUOUS
10
14.3049255118110228
20
-3.4386340944881888
11
14.3049255118110228
21
-3.4368261417322832
0
LINE
8
BLACK
6
CONTINUOUS
10
14.3049255118110228
20
-3.4368261417322832
11
14.306203937007874
21
-3.4355477165354329
0
LINE
8
BLACK
6
CONTINUOUS
10
14.306203937007874
20
-3.4355477165354329
11
14.3071079133858259
21
-3.4353679133858268
0
LINE
8
BLACK
6
CONTINUOUS
10
14.3071079133858259
20
-3.4353679133858268
11
14.3155989370078736
21
-3.4353679133858268
0
LINE
8
BLACK
6
CONTINUOUS
10
14.3155989370078736
20
-3.4353679133858268
11
14.3165029133858273
21
-3.4355477165354329
0
LINE
8
BLACK
6
CONTINUOUS
10
14.5604737007874014
20
-3.4181294094488188
11
14.5617521259842508
21
-3.4194078346456691
0
LINE
8
BLACK
6
CONTINUOUS
10
14.5617521259842508
20
-3.4194078346456691
11
14.5617521259842508
21
-3.4212157874015747
0
LINE
8
BLACK
6
CONTINUOUS
10
14.5617521259842508
20
-3.4212157874015747
11
14.5604737007874014
21
-3.422494212598425
0
LINE
8
BLACK
6
CONTINUOUS
10
14.5604737007874014
20
-3.422494212598425
11
14.5595697244094477
21
-3.4226740157480315
0
LINE
8
BLACK
6
CONTINUOUS
10
14.5595697244094477
20
-3.4226740157480315
11
14.5510787007874018
21
-3.4226740157480315
0
LINE
8
BLACK
6
CONTINUOUS
10
14.5510787007874018
20
-3.4226740157480315
11
14.5501747244094481
21
-3.422494212598425
0
LINE
8
BLACK
6
CONTINUOUS
10
14.5501747244094481
20
-3.422494212598425
11
14.5488962992125987
21
-3.4212157874015747
0
LINE
8
BLACK
6
CONTINUOUS
10
14.5488962992125987
20
-3.4212157874015747
11
14.5488962992125987
21
-3.4194078346456691
0
LINE
8
BLACK
6
CONTINUOUS
10
14.5488962992125987
20
-3.4194078346456691
11
14.5501747244094481
21
-3.4181294094488188
0
LINE
8
BLACK
6
CONTINUOUS
10
14.5501747244094481
20
-3.4181294094488188
11
14.5510787007874018
21
-3.4179496062992127
0
LINE
8
BLACK
6
CONTINUOUS
10
14.5510787007874018
20
-3.4179496062992127
11
14.5595697244094477
21
-3.4179496062992127
0
LINE
8
BLACK
6
CONTINUOUS
10
14.5595697244094477
20
-3.4179496062992127
11
14.5604737007874014
21
-3.4181294094488188
0
LINE
8
BLACK
6
CONTINUOUS
10
14.3900466535433065
20
-3.3913480314960629
11
14.3911120078740158
21
-3.3924133858267718
0
LINE
8
BLACK
6
CONTINUOUS
10
14.3911120078740158
20
-3.3924133858267718
11
14.3912618503937004
21
-3.3931666929133857
0
LINE
8
BLACK
6
CONTINUOUS
10
14.3912618503937004
20
-3.3931666929133857
11
14.3912618503937004
21
-3.4108832283464565
0
LINE
8
BLACK
6
CONTINUOUS
10
14.3912618503937004
20
-3.4108832283464565
11
14.3911120078740158
21
-3.4116365354330709
0
LINE
8
BLACK
6
CONTINUOUS
10
14.3911120078740158
20
-3.4116365354330709
11
14.3900466535433065
21
-3.4127018897637793
0
LINE
8
BLACK
6
CONTINUOUS
10
14.3900466535433065
20
-3.4127018897637793
11
14.3885400393700777
21
-3.4127018897637793
0
LINE
8
BLACK
6
CONTINUOUS
10
14.3885400393700777
20
-3.4127018897637793
11
14.3874746850393702
21
-3.4116365354330709
0
LINE
8
BLACK
6
CONTINUOUS
10
14.3874746850393702
20
-3.4116365354330709
11
14.3873248425196856
21
-3.4108832283464565
0
LINE
8
BLACK
6
CONTINUOUS
10
14.3873248425196856
20
-3.4108832283464565
11
14.3873248425196856
21
-3.3951351968503936
0
LINE
8
BLACK
6
CONTINUOUS
10
14.3873248425196856
20
-3.3951351968503936
11
14.3715768110236208
21
-3.3951351968503936
0
LINE
8
BLACK
6
CONTINUOUS
10
14.3715768110236208
20
-3.3951351968503936
11
14.3708235039370074
21
-3.3949853543307085
0
LINE
8
BLACK
6
CONTINUOUS
10
14.3708235039370074
20
-3.3949853543307085
11
14.369758149606298
21
-3.39392
0
LINE
8
BLACK
6
CONTINUOUS
10
14.369758149606298
20
-3.39392
11
14.369758149606298
21
-3.3924133858267718
0
LINE
8
BLACK
6
CONTINUOUS
10
14.369758149606298
20
-3.3924133858267718
11
14.3708235039370074
21
-3.3913480314960629
0
LINE
8
BLACK
6
CONTINUOUS
10
14.3708235039370074
20
-3.3913480314960629
11
14.3715768110236208
21
-3.3911981889763778
0
LINE
8
BLACK
6
CONTINUOUS
10
14.3715768110236208
20
-3.3911981889763778
11
14.389293346456693
21
-3.3911981889763778
0
LINE
8
BLACK
6
CONTINUOUS
10
14.389293346456693
20
-3.3911981889763778
11
14.3900466535433065
21
-3.3913480314960629
0
LINE
8
BLACK
6
CONTINUOUS
10
14.5604737007874014
20
-3.3897829527559056
11
14.5617521259842508
21
-3.3910613779527559
0
LINE
8
BLACK
6
CONTINUOUS
10
14.5617521259842508
20
-3.3910613779527559
11
14.5617521259842508
21
-3.3928693307086615
0
LINE
8
BLACK
6
CONTINUOUS
10
14.5617521259842508
20
-3.3928693307086615
11
14.5604737007874014
21
-3.3941477559055118
0
LINE
8
BLACK
6
CONTINUOUS
10
14.5604737007874014
20
-3.3941477559055118
11
14.5595697244094477
21
-3.3943275590551178
0
LINE
8
BLACK
6
CONTINUOUS
10
14.5595697244094477
20
-3.3943275590551178
11
14.5510787007874018
21
-3.3943275590551178
0
LINE
8
BLACK
6
CONTINUOUS
10
14.5510787007874018
20
-3.3943275590551178
11
14.5501747244094481
21
-3.3941477559055118
0
LINE
8
BLACK
6
CONTINUOUS
10
14.5501747244094481
20
-3.3941477559055118
11
14.5488962992125987
21
-3.3928693307086615
0
LINE
8
BLACK
6
CONTINUOUS
10
14.5488962992125987
20
-3.3928693307086615
11
14.5488962992125987
21
-3.3910613779527559
0
LINE
8
BLACK
6
CONTINUOUS
10
14.5488962992125987
20
-3.3910613779527559
11
14.5501747244094481
21
-3.3897829527559056
0
LINE
8
BLACK
6
CONTINUOUS
10
14.5501747244094481
20
-3.3897829527559056
11
14.5510787007874018
21
-3.389603149606299
0
LINE
8
BLACK
6
CONTINUOUS
10
14.5510787007874018
20
-3.389603149606299
11
14.5595697244094477
21
-3.389603149606299
0
LINE
8
BLACK
6
CONTINUOUS
10
14.5595697244094477
20
-3.389603149606299
11
14.5604737007874014
21
-3.3897829527559056
0
LINE
8
BLACK
6
CONTINUOUS
10
14.4758700000000005
20
-3.3707598425196847
11
14.4760198425196851
21
-3.3715131496062991
0
LINE
8
BLACK
6
CONTINUOUS
10
14.4760198425196851
20
-3.3715131496062991
11
14.4760198425196851
21
-3.3872611811023621
0
LINE
8
BLACK
6
CONTINUOUS
10
14.4760198425196851
20
-3.3872611811023621
11
14.4917678740157481
21
-3.3872611811023621
0
LINE
8
BLACK
6
CONTINUOUS
10
14.4917678740157481
20
-3.3872611811023621
11
14.4925211811023615
21
-3.3874110236220472
0
LINE
8
BLACK
6
CONTINUOUS
10
14.4925211811023615
20
-3.3874110236220472
11
14.4935865354330708
21
-3.388476377952756
0
LINE
8
BLACK
6
CONTINUOUS
10
14.4935865354330708
20
-3.388476377952756
11
14.4935865354330708
21
-3.3899829921259843
0
LINE
8
BLACK
6
CONTINUOUS
10
14.4935865354330708
20
-3.3899829921259843
11
14.4925211811023615
21
-3.3910483464566927
0
LINE
8
BLACK
6
CONTINUOUS
10
14.4925211811023615
20
-3.3910483464566927
11
14.4917678740157481
21
-3.3911981889763778
0
LINE
8
BLACK
6
CONTINUOUS
10
14.4917678740157481
20
-3.3911981889763778
11
14.4740513385826777
21
-3.3911981889763778
0
LINE
8
BLACK
6
CONTINUOUS
10
14.4740513385826777
20
-3.3911981889763778
11
14.4732980314960624
21
-3.3910483464566927
0
LINE
8
BLACK
6
CONTINUOUS
10
14.4732980314960624
20
-3.3910483464566927
11
14.4722326771653549
21
-3.3899829921259843
0
LINE
8
BLACK
6
CONTINUOUS
10
14.4722326771653549
20
-3.3899829921259843
11
14.4720828346456685
21
-3.3892296850393699
0
LINE
8
BLACK
6
CONTINUOUS
10
14.4720828346456685
20
-3.3892296850393699
11
14.4720828346456685
21
-3.3715131496062991
0
LINE
8
BLACK
6
CONTINUOUS
10
14.4720828346456685
20
-3.3715131496062991
11
14.4722326771653549
21
-3.3707598425196847
0
LINE
8
BLACK
6
CONTINUOUS
10
14.4722326771653549
20
-3.3707598425196847
11
14.4732980314960624
21
-3.3696944881889763
0
LINE
8
BLACK
6
CONTINUOUS
10
14.4732980314960624
20
-3.3696944881889763
11
14.4748046456692911
21
-3.3696944881889763
0
LINE
8
BLACK
6
CONTINUOUS
10
14.4748046456692911
20
-3.3696944881889763
11
14.4758700000000005
21
-3.3707598425196847
0
LINE
8
BLACK
6
CONTINUOUS
10
14.3165029133858273
20
-3.381862992125984
11
14.3177813385826767
21
-3.3831414173228347
0
LINE
8
BLACK
6
CONTINUOUS
10
14.3177813385826767
20
-3.3831414173228347
11
14.3177813385826767
21
-3.3849493700787399
0
LINE
8
BLACK
6
CONTINUOUS
10
14.3177813385826767
20
-3.3849493700787399
11
14.3165029133858273
21
-3.3862277952755906
0
LINE
8
BLACK
6
CONTINUOUS
10
14.3165029133858273
20
-3.3862277952755906
11
14.3155989370078736
21
-3.3864075984251967
0
LINE
8
BLACK
6
CONTINUOUS
10
14.3155989370078736
20
-3.3864075984251967
11
14.3071079133858259
21
-3.3864075984251967
0
LINE
8
BLACK
6
CONTINUOUS
10
14.3071079133858259
20
-3.3864075984251967
11
14.306203937007874
21
-3.3862277952755906
0
LINE
8
BLACK
6
CONTINUOUS
10
14.306203937007874
20
-3.3862277952755906
11
14.3049255118110228
21
-3.3849493700787399
0
LINE
8
BLACK
6
CONTINUOUS
10
14.3049255118110228
20
-3.3849493700787399
11
14.3049255118110228
21
-3.3831414173228347
0
LINE
8
BLACK
6
CONTINUOUS
10
14.3049255118110228
20
-3.3831414173228347
11
14.306203937007874
21
-3.381862992125984
0
LINE
8
BLACK
6
CONTINUOUS
10
14.306203937007874
20
-3.381862992125984
11
14.3071079133858259
21
-3.3816831889763779
0
LINE
8
BLACK
6
CONTINUOUS
10
14.3071079133858259
20
-3.3816831889763779
11
14.3155989370078736
21
-3.3816831889763779
0
LINE
8
BLACK
6
CONTINUOUS
10
14.3155989370078736
20
-3.3816831889763779
11
14.3165029133858273
21
-3.381862992125984
0
LINE
8
BLACK
6
CONTINUOUS
10
13.1248007874015737
20
-3.3337256299212599
11
13.1253480314960633
21
-3.3339055118110235
0
LINE
8
BLACK
6
CONTINUOUS
10
13.1253480314960633
20
-3.3339055118110235
11
13.1254439370078746
21
-3.3339742125984251
0
LINE
8
BLACK
6
CONTINUOUS
10
13.1254439370078746
20
-3.3339742125984251
11
13.1256502362204728
21
-3.334248622047244
0
LINE
8
BLACK
6
CONTINUOUS
10
13.1256502362204728
20
-3.334248622047244
11
13.1256860236220465
21
-3.3343288582677166
0
LINE
8
BLACK
6
CONTINUOUS
10
13.1256860236220465
20
-3.3343288582677166
11
13.1257594488188971
21
-3.3347015354330707
0
LINE
8
BLACK
6
CONTINUOUS
10
13.1257594488188971
20
-3.3347015354330707
11
13.1257631496062981
21
-3.3347396062992125
0
LINE
8
BLACK
6
CONTINUOUS
10
13.1257631496062981
20
-3.3347396062992125
11
13.1257631496062981
21
-3.36896031496063
0
LINE
8
BLACK
6
CONTINUOUS
10
13.1257631496062981
20
-3.36896031496063
11
13.1458485433070855
21
-3.36896031496063
0
LINE
8
BLACK
6
CONTINUOUS
10
13.1458485433070855
20
-3.36896031496063
11
13.1459099999999989
21
-3.368970157480315
0
LINE
8
BLACK
6
CONTINUOUS
10
13.1459099999999989
20
-3.368970157480315
11
13.1464572440944885
21
-3.3691500393700786
0
LINE
8
BLACK
6
CONTINUOUS
10
13.1464572440944885
20
-3.3691500393700786
11
13.1465531496062997
21
-3.3692187401574802
0
LINE
8
BLACK
6
CONTINUOUS
10
13.1465531496062997
20
-3.3692187401574802
11
13.1467594488188979
21
-3.3694931496062992
0
LINE
8
BLACK
6
CONTINUOUS
10
13.1467594488188979
20
-3.3694931496062992
11
13.1467952362204716
21
-3.3695733858267718
0
LINE
8
BLACK
6
CONTINUOUS
10
13.1467952362204716
20
-3.3695733858267718
11
13.1468686614173222
21
-3.3699460629921258
0
LINE
8
BLACK
6
CONTINUOUS
10
13.1468686614173222
20
-3.3699460629921258
11
13.146872362204725
21
-3.3699841338582677
0
LINE
8
BLACK
6
CONTINUOUS
10
13.146872362204725
20
-3.3699841338582677
11
13.146872362204725
21
-3.371859251968504
0
LINE
8
BLACK
6
CONTINUOUS
10
13.146872362204725
20
-3.371859251968504
11
13.1468625196850386
21
-3.3719206692913386
0
LINE
8
BLACK
6
CONTINUOUS
10
13.1468625196850386
20
-3.3719206692913386
11
13.1466834645669284
21
-3.3724659055118109
0
LINE
8
BLACK
6
CONTINUOUS
10
13.1466834645669284
20
-3.3724659055118109
11
13.1466146850393706
21
-3.3725618897637792
0
LINE
8
BLACK
6
CONTINUOUS
10
13.1466146850393706
20
-3.3725618897637792
11
13.1463405118110241
21
-3.3727678346456691
0
LINE
8
BLACK
6
CONTINUOUS
10
13.1463405118110241
20
-3.3727678346456691
11
13.1462601968503936
21
-3.3728035826771654
0
LINE
8
BLACK
6
CONTINUOUS
10
13.1462601968503936
20
-3.3728035826771654
11
13.1458864566929137
21
-3.3728769685039368
0
LINE
8
BLACK
6
CONTINUOUS
10
13.1458864566929137
20
-3.3728769685039368
11
13.1458485433070855
21
-3.3728806692913387
0
LINE
8
BLACK
6
CONTINUOUS
10
13.1458485433070855
20
-3.3728806692913387
11
13.122479606299212
21
-3.3728806692913387
0
LINE
8
BLACK
6
CONTINUOUS
10
13.122479606299212
20
-3.3728806692913387
11
13.1224180314960623
21
-3.3728707874015749
0
LINE
8
BLACK
6
CONTINUOUS
10
13.1224180314960623
20
-3.3728707874015749
11
13.1218698425196845
21
-3.37269031496063
0
LINE
8
BLACK
6
CONTINUOUS
10
13.1218698425196845
20
-3.37269031496063
11
13.121774133858267
21
-3.3726217322834646
0
LINE
8
BLACK
6
CONTINUOUS
10
13.121774133858267
20
-3.3726217322834646
11
13.1215686614173226
21
-3.3723487007874016
0
LINE
8
BLACK
6
CONTINUOUS
10
13.1215686614173226
20
-3.3723487007874016
11
13.1215328346456683
21
-3.372268464566929
0
LINE
8
BLACK
6
CONTINUOUS
10
13.1215328346456683
20
-3.372268464566929
11
13.121459527559054
21
-3.3718974015748029
0
LINE
8
BLACK
6
CONTINUOUS
10
13.121459527559054
20
-3.3718974015748029
11
13.1214557874015743
21
-3.371859251968504
0
LINE
8
BLACK
6
CONTINUOUS
10
13.1214557874015743
20
-3.371859251968504
11
13.1214557874015743
21
-3.3347396062992125
0
LINE
8
BLACK
6
CONTINUOUS
10
13.1214557874015743
20
-3.3347396062992125
11
13.1214657480314951
21
-3.3346777559055116
0
LINE
8
BLACK
6
CONTINUOUS
10
13.1214657480314951
20
-3.3346777559055116
11
13.1216472047244093
21
-3.3341295669291338
0
LINE
8
BLACK
6
CONTINUOUS
10
13.1216472047244093
20
-3.3341295669291338
11
13.1217159842519688
21
-3.3340339370078738
0
LINE
8
BLACK
6
CONTINUOUS
10
13.1217159842519688
20
-3.3340339370078738
11
13.1219899606299215
21
-3.3338284645669289
0
LINE
8
BLACK
6
CONTINUOUS
10
13.1219899606299215
20
-3.3338284645669289
11
13.1220699606299203
21
-3.3337928346456693
0
LINE
8
BLACK
6
CONTINUOUS
10
13.1220699606299203
20
-3.3337928346456693
11
13.1224414960629918
21
-3.333719527559055
0
LINE
8
BLACK
6
CONTINUOUS
10
13.1224414960629918
20
-3.333719527559055
11
13.122479606299212
21
-3.3337157874015748
0
LINE
8
BLACK
6
CONTINUOUS
10
13.122479606299212
20
-3.3337157874015748
11
13.1247393307086604
21
-3.3337157874015748
0
LINE
8
BLACK
6
CONTINUOUS
10
13.1247393307086604
20
-3.3337157874015748
11
13.1248007874015737
21
-3.3337256299212599
0
LINE
8
BLACK
6
CONTINUOUS
10
13.1668166141732286
20
-3.3337201968503938
11
13.1673081496062991
21
-3.3338262598425197
0
LINE
8
BLACK
6
CONTINUOUS
10
13.1673081496062991
20
-3.3338262598425197
11
13.1673835039370069
21
-3.3338603149606301
0
LINE
8
BLACK
6
CONTINUOUS
10
13.1673835039370069
20
-3.3338603149606301
11
13.1676802362204715
21
-3.3340792913385826
0
LINE
8
BLACK
6
CONTINUOUS
10
13.1676802362204715
20
-3.3340792913385826
11
13.1677318110236214
21
-3.3341358661417324
0
LINE
8
BLACK
6
CONTINUOUS
10
13.1677318110236214
20
-3.3341358661417324
11
13.1679363779527563
21
-3.3344743307086615
0
LINE
8
BLACK
6
CONTINUOUS
10
13.1679363779527563
20
-3.3344743307086615
11
13.1679493307086606
21
-3.3344997637795273
0
LINE
8
BLACK
6
CONTINUOUS
10
13.1679493307086606
20
-3.3344997637795273
11
13.1836015354330698
21
-3.3716698818897637
0
LINE
8
BLACK
6
CONTINUOUS
10
13.1836015354330698
20
-3.3716698818897637
11
13.1836043307086612
21
-3.3716769291338582
0
LINE
8
BLACK
6
CONTINUOUS
10
13.1836043307086612
20
-3.3716769291338582
11
13.1836226771653546
21
-3.3717256692913384
0
LINE
8
BLACK
6
CONTINUOUS
10
13.1836226771653546
20
-3.3717256692913384
11
13.1836351181102351
21
-3.3718038976377951
0
LINE
8
BLACK
6
CONTINUOUS
10
13.1836351181102351
20
-3.3718038976377951
11
13.1836075196850384
21
-3.3724147637795276
0
LINE
8
BLACK
6
CONTINUOUS
10
13.1836075196850384
20
-3.3724147637795276
11
13.1835436220472442
21
-3.3725512204724408
0
LINE
8
BLACK
6
CONTINUOUS
10
13.1835436220472442
20
-3.3725512204724408
11
13.1835351968503929
21
-3.3725585039370078
0
LINE
8
BLACK
6
CONTINUOUS
10
13.1835351968503929
20
-3.3725585039370078
11
13.1832838582677159
21
-3.3727632283464568
0
LINE
8
BLACK
6
CONTINUOUS
10
13.1832838582677159
20
-3.3727632283464568
11
13.183194921259842
21
-3.372804212598425
0
LINE
8
BLACK
6
CONTINUOUS
10
13.183194921259842
20
-3.372804212598425
11
13.1827944094488192
21
-3.3728774409448818
0
LINE
8
BLACK
6
CONTINUOUS
10
13.1827944094488192
20
-3.3728774409448818
11
13.1827590157480312
21
-3.3728806692913387
0
LINE
8
BLACK
6
CONTINUOUS
10
13.1827590157480312
20
-3.3728806692913387
11
13.1803334251968494
21
-3.3728806692913387
0
LINE
8
BLACK
6
CONTINUOUS
10
13.1803334251968494
20
-3.3728806692913387
11
13.1802919291338583
21
-3.3728762598425197
0
LINE
8
BLACK
6
CONTINUOUS
10
13.1802919291338583
20
-3.3728762598425197
11
13.1797976771653538
21
-3.3727696456692913
0
LINE
8
BLACK
6
CONTINUOUS
10
13.1797976771653538
20
-3.3727696456692913
11
13.1797220866141735
21
-3.3727354724409446
0
LINE
8
BLACK
6
CONTINUOUS
10
13.1797220866141735
20
-3.3727354724409446
11
13.1794277559055111
21
-3.372517716535433
0
LINE
8
BLACK
6
CONTINUOUS
10
13.1794277559055111
20
-3.372517716535433
11
13.1793759842519673
21
-3.3724606692913386
0
LINE
8
BLACK
6
CONTINUOUS
10
13.1793759842519673
20
-3.3724606692913386
11
13.1791741338582682
21
-3.3721239370078737
0
LINE
8
BLACK
6
CONTINUOUS
10
13.1791741338582682
20
-3.3721239370078737
11
13.1791611811023621
21
-3.3720981496062992
0
LINE
8
BLACK
6
CONTINUOUS
10
13.1791611811023621
20
-3.3720981496062992
11
13.1758483858267716
21
-3.3641109842519685
0
LINE
8
BLACK
6
CONTINUOUS
10
13.1758483858267716
20
-3.3641109842519685
11
13.1557184645669292
21
-3.3641109842519685
0
LINE
8
BLACK
6
CONTINUOUS
10
13.1557184645669292
20
-3.3641109842519685
11
13.1524056692913387
21
-3.3720981496062992
0
LINE
8
BLACK
6
CONTINUOUS
10
13.1524056692913387
20
-3.3720981496062992
11
13.152391377952755
21
-3.3721260629921259
0
LINE
8
BLACK
6
CONTINUOUS
10
13.152391377952755
20
-3.3721260629921259
11
13.1521743307086609
21
-3.3724779133858265
0
LINE
8
BLACK
6
CONTINUOUS
10
13.1521743307086609
20
-3.3724779133858265
11
13.152115984251969
21
-3.3725383464566927
0
LINE
8
BLACK
6
CONTINUOUS
10
13.152115984251969
20
-3.3725383464566927
11
13.1517677559055119
21
-3.3727704724409446
0
LINE
8
BLACK
6
CONTINUOUS
10
13.1517677559055119
20
-3.3727704724409446
11
13.1516935433070863
21
-3.3728004330708661
0
LINE
8
BLACK
6
CONTINUOUS
10
13.1516935433070863
20
-3.3728004330708661
11
13.1512659842519675
21
-3.3728775590551181
0
LINE
8
BLACK
6
CONTINUOUS
10
13.1512659842519675
20
-3.3728775590551181
11
13.1512310236220475
21
-3.3728806692913387
0
LINE
8
BLACK
6
CONTINUOUS
10
13.1512310236220475
20
-3.3728806692913387
11
13.1488078346456696
21
-3.3728806692913387
0
LINE
8
BLACK
6
CONTINUOUS
10
13.1488078346456696
20
-3.3728806692913387
11
13.148803149606298
21
-3.3728806299212599
0
LINE
8
BLACK
6
CONTINUOUS
10
13.148803149606298
20
-3.3728806299212599
11
13.1487371653543299
21
-3.3728790551181103
0
LINE
8
BLACK
6
CONTINUOUS
10
13.1487371653543299
20
-3.3728790551181103
11
13.1486624015748035
21
-3.3728623622047245
0
LINE
8
BLACK
6
CONTINUOUS
10
13.1486624015748035
20
-3.3728623622047245
11
13.1480927559055107
21
-3.3726110629921258
0
LINE
8
BLACK
6
CONTINUOUS
10
13.1480927559055107
20
-3.3726110629921258
11
13.1479886614173225
21
-3.3725021259842518
0
LINE
8
BLACK
6
CONTINUOUS
10
13.1479886614173225
20
-3.3725021259842518
11
13.1479858661417328
21
-3.3724943700787402
0
LINE
8
BLACK
6
CONTINUOUS
10
13.1479858661417328
20
-3.3724943700787402
11
13.1478840944881892
21
-3.3721953543307084
0
LINE
8
BLACK
6
CONTINUOUS
10
13.1478840944881892
20
-3.3721953543307084
11
13.147877086614173
21
-3.3720948818897636
0
LINE
8
BLACK
6
CONTINUOUS
10
13.147877086614173
20
-3.3720948818897636
11
13.1479509842519686
21
-3.3717092125984252
0
LINE
8
BLACK
6
CONTINUOUS
10
13.1479509842519686
20
-3.3717092125984252
11
13.1479629921259846
21
-3.3716696062992124
0
LINE
8
BLACK
6
CONTINUOUS
10
13.1479629921259846
20
-3.3716696062992124
11
13.1527637401574804
21
-3.3603108661417322
0
LINE
8
BLACK
6
CONTINUOUS
10
13.1527637401574804
20
-3.3603108661417322
11
13.1528145275590553
21
-3.3601906692913386
0
LINE
8
BLACK
6
CONTINUOUS
10
13.1528145275590553
20
-3.3601906692913386
11
13.1573148425196855
21
-3.3601906692913386
0
LINE
8
BLACK
6
CONTINUOUS
10
13.1573148425196855
20
-3.3601906692913386
11
13.1742520078740153
21
-3.3601906692913386
0
LINE
8
BLACK
6
CONTINUOUS
10
13.1742520078740153
20
-3.3601906692913386
11
13.1657822440944887
21
-3.3398316929133856
0
LINE
8
BLACK
6
CONTINUOUS
10
13.1657822440944887
20
-3.3398316929133856
11
13.1573148425196855
21
-3.3601906692913386
0
LINE
8
BLACK
6
CONTINUOUS
10
13.1573148425196855
20
-3.3601906692913386
11
13.1528145275590553
21
-3.3601906692913386
0
LINE
8
BLACK
6
CONTINUOUS
10
13.1528145275590553
20
-3.3601906692913386
11
13.1636729133858257
21
-3.3344994881889765
0
LINE
8
BLACK
6
CONTINUOUS
10
13.1636729133858257
20
-3.3344994881889765
11
13.1636868897637793
21
-3.3344725196850393
0
LINE
8
BLACK
6
CONTINUOUS
10
13.1636868897637793
20
-3.3344725196850393
11
13.1639071653543311
21
-3.3341167322834644
0
LINE
8
BLACK
6
CONTINUOUS
10
13.1639071653543311
20
-3.3341167322834644
11
13.1639655511811018
21
-3.3340564173228344
0
LINE
8
BLACK
6
CONTINUOUS
10
13.1639655511811018
20
-3.3340564173228344
11
13.1643126771653538
21
-3.3338256299212596
0
LINE
8
BLACK
6
CONTINUOUS
10
13.1643126771653538
20
-3.3338256299212596
11
13.1643866141732282
21
-3.3337958661417324
0
LINE
8
BLACK
6
CONTINUOUS
10
13.1643866141732282
20
-3.3337958661417324
11
13.1648120472440944
21
-3.3337189370078741
0
LINE
8
BLACK
6
CONTINUOUS
10
13.1648120472440944
20
-3.3337189370078741
11
13.1648470866141736
21
-3.3337157874015748
0
LINE
8
BLACK
6
CONTINUOUS
10
13.1648470866141736
20
-3.3337157874015748
11
13.166775078740157
21
-3.3337157874015748
0
LINE
8
BLACK
6
CONTINUOUS
10
13.166775078740157
20
-3.3337157874015748
11
13.1668166141732286
21
-3.3337201968503938
0
LINE
8
BLACK
6
CONTINUOUS
10
13.2141056692913388
20
-3.3337256299212599
11
13.2146529527559053
21
-3.3339055118110235
0
LINE
8
BLACK
6
CONTINUOUS
10
13.2146529527559053
20
-3.3339055118110235
11
13.2147488582677166
21
-3.3339742519685038
0
LINE
8
BLACK
6
CONTINUOUS
10
13.2147488582677166
20
-3.3339742519685038
11
13.214955118110236
21
-3.3342486614173228
0
LINE
8
BLACK
6
CONTINUOUS
10
13.214955118110236
20
-3.3342486614173228
11
13.2149909055118115
21
-3.3343288582677166
0
LINE
8
BLACK
6
CONTINUOUS
10
13.2149909055118115
20
-3.3343288582677166
11
13.2150643307086604
21
-3.3347015354330707
0
LINE
8
BLACK
6
CONTINUOUS
10
13.2150643307086604
20
-3.3347015354330707
11
13.2150680314960631
21
-3.3347396062992125
0
LINE
8
BLACK
6
CONTINUOUS
10
13.2150680314960631
20
-3.3347396062992125
11
13.2150680314960631
21
-3.3366147244094488
0
LINE
8
BLACK
6
CONTINUOUS
10
13.2150680314960631
20
-3.3366147244094488
11
13.2150581496062998
21
-3.3366763385826772
0
LINE
8
BLACK
6
CONTINUOUS
10
13.2150581496062998
20
-3.3366763385826772
11
13.2148775196850394
21
-3.3372245275590551
0
LINE
8
BLACK
6
CONTINUOUS
10
13.2148775196850394
20
-3.3372245275590551
11
13.2148087007874011
21
-3.3373203543307084
0
LINE
8
BLACK
6
CONTINUOUS
10
13.2148087007874011
20
-3.3373203543307084
11
13.2145349212598422
21
-3.3375257874015749
0
LINE
8
BLACK
6
CONTINUOUS
10
13.2145349212598422
20
-3.3375257874015749
11
13.2144547637795267
21
-3.337561496062992
0
LINE
8
BLACK
6
CONTINUOUS
10
13.2144547637795267
20
-3.337561496062992
11
13.2140822047244093
21
-3.3376348031496064
0
LINE
8
BLACK
6
CONTINUOUS
10
13.2140822047244093
20
-3.3376348031496064
11
13.2140442125984254
21
-3.3376385039370078
0
LINE
8
BLACK
6
CONTINUOUS
10
13.2140442125984254
20
-3.3376385039370078
11
13.193958818897638
21
-3.3376385039370078
0
LINE
8
BLACK
6
CONTINUOUS
10
13.193958818897638
20
-3.3376385039370078
11
13.193958818897638
21
-3.3511012598425198
0
LINE
8
BLACK
6
CONTINUOUS
10
13.193958818897638
20
-3.3511012598425198
11
13.2113998818897631
21
-3.3511012598425198
0
LINE
8
BLACK
6
CONTINUOUS
10
13.2113998818897631
20
-3.3511012598425198
11
13.211461732283464
21
-3.3511112204724407
0
LINE
8
BLACK
6
CONTINUOUS
10
13.211461732283464
20
-3.3511112204724407
11
13.2120099212598419
21
-3.3512926771653544
0
LINE
8
BLACK
6
CONTINUOUS
10
13.2120099212598419
20
-3.3512926771653544
11
13.2121055905511806
21
-3.3513614960629918
0
LINE
8
BLACK
6
CONTINUOUS
10
13.2121055905511806
20
-3.3513614960629918
11
13.2123110236220462
21
-3.3516355118110237
0
LINE
8
BLACK
6
CONTINUOUS
10
13.2123110236220462
20
-3.3516355118110237
11
13.212346614173228
21
-3.3517154724409446
0
LINE
8
BLACK
6
CONTINUOUS
10
13.212346614173228
20
-3.3517154724409446
11
13.2124199212598423
21
-3.3520869685039369
0
LINE
8
BLACK
6
CONTINUOUS
10
13.2124199212598423
20
-3.3520869685039369
11
13.2124236614173221
21
-3.3521250787401575
0
LINE
8
BLACK
6
CONTINUOUS
10
13.2124236614173221
20
-3.3521250787401575
11
13.2124236614173221
21
-3.3540001968503934
0
LINE
8
BLACK
6
CONTINUOUS
10
13.2124236614173221
20
-3.3540001968503934
11
13.2124137007874012
21
-3.3540620472440943
0
LINE
8
BLACK
6
CONTINUOUS
10
13.2124137007874012
20
-3.3540620472440943
11
13.2122322834645658
21
-3.3546102362204722
0
LINE
8
BLACK
6
CONTINUOUS
10
13.2122322834645658
20
-3.3546102362204722
11
13.2121634645669292
21
-3.3547059055118109
0
LINE
8
BLACK
6
CONTINUOUS
10
13.2121634645669292
20
-3.3547059055118109
11
13.2118894488188978
21
-3.354911338582677
0
LINE
8
BLACK
6
CONTINUOUS
10
13.2118894488188978
20
-3.354911338582677
11
13.211809488188976
21
-3.3549469291338583
0
LINE
8
BLACK
6
CONTINUOUS
10
13.211809488188976
20
-3.3549469291338583
11
13.2114379921259832
21
-3.3550202755905509
0
LINE
8
BLACK
6
CONTINUOUS
10
13.2114379921259832
20
-3.3550202755905509
11
13.2113998818897631
21
-3.3550240157480316
0
LINE
8
BLACK
6
CONTINUOUS
10
13.2113998818897631
20
-3.3550240157480316
11
13.193958818897638
21
-3.3550240157480316
0
LINE
8
BLACK
6
CONTINUOUS
10
13.193958818897638
20
-3.3550240157480316
11
13.193958818897638
21
-3.36896031496063
0
LINE
8
BLACK
6
CONTINUOUS
10
13.193958818897638
20
-3.36896031496063
11
13.2140442125984254
21
-3.36896031496063
0
LINE
8
BLACK
6
CONTINUOUS
10
13.2140442125984254
20
-3.36896031496063
11
13.2141056692913388
21
-3.368970157480315
0
LINE
8
BLACK
6
CONTINUOUS
10
13.2141056692913388
20
-3.368970157480315
11
13.2146529527559053
21
-3.3691500393700786
0
LINE
8
BLACK
6
CONTINUOUS
10
13.2146529527559053
20
-3.3691500393700786
11
13.2147488582677166
21
-3.369218779527559
0
LINE
8
BLACK
6
CONTINUOUS
10
13.2147488582677166
20
-3.369218779527559
11
13.214955118110236
21
-3.369493188976378
0
LINE
8
BLACK
6
CONTINUOUS
10
13.214955118110236
20
-3.369493188976378
11
13.2149909055118115
21
-3.3695733858267718
0
LINE
8
BLACK
6
CONTINUOUS
10
13.2149909055118115
20
-3.3695733858267718
11
13.2150643307086604
21
-3.3699460629921258
0
LINE
8
BLACK
6
CONTINUOUS
10
13.2150643307086604
20
-3.3699460629921258
11
13.2150680314960631
21
-3.3699841338582677
0
LINE
8
BLACK
6
CONTINUOUS
10
13.2150680314960631
20
-3.3699841338582677
11
13.2150680314960631
21
-3.371859251968504
0
LINE
8
BLACK
6
CONTINUOUS
10
13.2150680314960631
20
-3.371859251968504
11
13.2150581889763785
21
-3.3719206692913386
0
LINE
8
BLACK
6
CONTINUOUS
10
13.2150581889763785
20
-3.3719206692913386
11
13.2148791338582683
21
-3.3724659055118109
0
LINE
8
BLACK
6
CONTINUOUS
10
13.2148791338582683
20
-3.3724659055118109
11
13.2148103543307087
21
-3.3725618897637792
0
LINE
8
BLACK
6
CONTINUOUS
10
13.2148103543307087
20
-3.3725618897637792
11
13.214536220472441
21
-3.3727678346456691
0
LINE
8
BLACK
6
CONTINUOUS
10
13.214536220472441
20
-3.3727678346456691
11
13.2144559055118105
21
-3.3728035826771654
0
LINE
8
BLACK
6
CONTINUOUS
10
13.2144559055118105
20
-3.3728035826771654
11
13.2140821259842518
21
-3.3728769685039368
0
LINE
8
BLACK
6
CONTINUOUS
10
13.2140821259842518
20
-3.3728769685039368
11
13.2140442125984254
21
-3.3728806692913387
0
LINE
8
BLACK
6
CONTINUOUS
10
13.2140442125984254
20
-3.3728806692913387
11
13.1906752755905501
21
-3.3728806692913387
0
LINE
8
BLACK
6
CONTINUOUS
10
13.1906752755905501
20
-3.3728806692913387
11
13.1906137007874005
21
-3.3728707874015749
0
LINE
8
BLACK
6
CONTINUOUS
10
13.1906137007874005
20
-3.3728707874015749
11
13.1900655118110226
21
-3.37269031496063
0
LINE
8
BLACK
6
CONTINUOUS
10
13.1900655118110226
20
-3.37269031496063
11
13.1899698031496069
21
-3.3726217322834646
0
LINE
8
BLACK
6
CONTINUOUS
10
13.1899698031496069
20
-3.3726217322834646
11
13.1897643307086607
21
-3.3723487007874016
0
LINE
8
BLACK
6
CONTINUOUS
10
13.1897643307086607
20
-3.3723487007874016
11
13.1897285039370082
21
-3.372268464566929
0
LINE
8
BLACK
6
CONTINUOUS
10
13.1897285039370082
20
-3.372268464566929
11
13.1896551968503939
21
-3.3718974015748029
0
LINE
8
BLACK
6
CONTINUOUS
10
13.1896551968503939
20
-3.3718974015748029
11
13.1896514566929124
21
-3.371859251968504
0
LINE
8
BLACK
6
CONTINUOUS
10
13.1896514566929124
20
-3.371859251968504
11
13.1896514566929124
21
-3.3347396062992125
0
LINE
8
BLACK
6
CONTINUOUS
10
13.1896514566929124
20
-3.3347396062992125
11
13.189661417322835
21
-3.3346777559055116
0
LINE
8
BLACK
6
CONTINUOUS
10
13.189661417322835
20
-3.3346777559055116
11
13.1898428740157474
21
-3.3341295669291338
0
LINE
8
BLACK
6
CONTINUOUS
10
13.1898428740157474
20
-3.3341295669291338
11
13.189911653543307
21
-3.3340339370078738
0
LINE
8
BLACK
6
CONTINUOUS
10
13.189911653543307
20
-3.3340339370078738
11
13.1901856692913384
21
-3.3338284645669289
0
LINE
8
BLACK
6
CONTINUOUS
10
13.1901856692913384
20
-3.3338284645669289
11
13.1902656692913389
21
-3.3337928346456693
0
LINE
8
BLACK
6
CONTINUOUS
10
13.1902656692913389
20
-3.3337928346456693
11
13.19063716535433
21
-3.333719527559055
0
LINE
8
BLACK
6
CONTINUOUS
10
13.19063716535433
20
-3.333719527559055
11
13.1906752755905501
21
-3.3337157874015748
0
LINE
8
BLACK
6
CONTINUOUS
10
13.1906752755905501
20
-3.3337157874015748
11
13.2140442125984254
21
-3.3337157874015748
0
LINE
8
BLACK
6
CONTINUOUS
10
13.2140442125984254
20
-3.3337157874015748
11
13.2141056692913388
21
-3.3337256299212599
0
LINE
8
BLACK
6
CONTINUOUS
10
13.5731800787401564
20
-3.3293488976377952
11
13.5737273622047248
21
-3.3295287795275588
0
LINE
8
BLACK
6
CONTINUOUS
10
13.5737273622047248
20
-3.3295287795275588
11
13.5738232677165342
21
-3.3295975196850391
0
LINE
8
BLACK
6
CONTINUOUS
10
13.5738232677165342
20
-3.3295975196850391
11
13.5740295275590555
21
-3.3298719291338581
0
LINE
8
BLACK
6
CONTINUOUS
10
13.5740295275590555
20
-3.3298719291338581
11
13.5740653149606292
21
-3.3299521259842519
0
LINE
8
BLACK
6
CONTINUOUS
10
13.5740653149606292
20
-3.3299521259842519
11
13.5741387401574798
21
-3.3303248031496064
0
LINE
8
BLACK
6
CONTINUOUS
10
13.5741387401574798
20
-3.3303248031496064
11
13.5741424409448808
21
-3.3303628740157478
0
LINE
8
BLACK
6
CONTINUOUS
10
13.5741424409448808
20
-3.3303628740157478
11
13.5741424409448808
21
-3.3321826771653544
0
LINE
8
BLACK
6
CONTINUOUS
10
13.5741424409448808
20
-3.3321826771653544
11
13.5741325590551174
21
-3.3322442913385828
0
LINE
8
BLACK
6
CONTINUOUS
10
13.5741325590551174
20
-3.3322442913385828
11
13.5739519291338588
21
-3.3327924803149607
0
LINE
8
BLACK
6
CONTINUOUS
10
13.5739519291338588
20
-3.3327924803149607
11
13.5738831102362205
21
-3.332888307086614
0
LINE
8
BLACK
6
CONTINUOUS
10
13.5738831102362205
20
-3.332888307086614
11
13.5736093307086616
21
-3.3330937795275588
0
LINE
8
BLACK
6
CONTINUOUS
10
13.5736093307086616
20
-3.3330937795275588
11
13.5735291732283461
21
-3.3331294881889764
0
LINE
8
BLACK
6
CONTINUOUS
10
13.5735291732283461
20
-3.3331294881889764
11
13.5731566141732287
21
-3.3332027952755903
0
LINE
8
BLACK
6
CONTINUOUS
10
13.5731566141732287
20
-3.3332027952755903
11
13.5731186220472431
21
-3.3332064960629921
0
LINE
8
BLACK
6
CONTINUOUS
10
13.5731186220472431
20
-3.3332064960629921
11
13.5574974015748033
21
-3.3332064960629921
0
LINE
8
BLACK
6
CONTINUOUS
10
13.5574974015748033
20
-3.3332064960629921
11
13.5574974015748033
21
-3.3449102755905513
0
LINE
8
BLACK
6
CONTINUOUS
10
13.5574974015748033
20
-3.3449102755905513
11
13.5598718110236209
21
-3.3443709448818897
0
LINE
8
BLACK
6
CONTINUOUS
10
13.5598718110236209
20
-3.3443709448818897
11
13.5598982283464569
21
-3.344366811023622
0
LINE
8
BLACK
6
CONTINUOUS
10
13.5598982283464569
20
-3.344366811023622
11
13.5631802755905504
21
-3.3440785433070865
0
LINE
8
BLACK
6
CONTINUOUS
10
13.5631802755905504
20
-3.3440785433070865
11
13.5631998818897639
21
-3.3440777952755907
0
LINE
8
BLACK
6
CONTINUOUS
10
13.5631998818897639
20
-3.3440777952755907
11
13.5637661811023627
21
-3.3440846850393702
0
LINE
8
BLACK
6
CONTINUOUS
10
13.5637661811023627
20
-3.3440846850393702
11
13.5637849999999993
21
-3.3440858267716536
0
LINE
8
BLACK
6
CONTINUOUS
10
13.5637849999999993
20
-3.3440858267716536
11
13.5671062598425198
21
-3.3444460629921258
0
LINE
8
BLACK
6
CONTINUOUS
10
13.5671062598425198
20
-3.3444460629921258
11
13.5671430314960624
21
-3.3444536614173228
0
LINE
8
BLACK
6
CONTINUOUS
10
13.5671430314960624
20
-3.3444536614173228
11
13.5698931889763781
21
-3.3453012204724408
0
LINE
8
BLACK
6
CONTINUOUS
10
13.5698931889763781
20
-3.3453012204724408
11
13.5699328346456696
21
-3.3453183858267717
0
LINE
8
BLACK
6
CONTINUOUS
10
13.5699328346456696
20
-3.3453183858267717
11
13.5721701968503936
21
-3.3465963779527557
0
LINE
8
BLACK
6
CONTINUOUS
10
13.5721701968503936
20
-3.3465963779527557
11
13.5722084645669288
21
-3.3466249212598425
0
LINE
8
BLACK
6
CONTINUOUS
10
13.5722084645669288
20
-3.3466249212598425
11
13.5739798031496068
21
-3.3483151574803149
0
LINE
8
BLACK
6
CONTINUOUS
10
13.5739798031496068
20
-3.3483151574803149
11
13.5740041338582671
21
-3.3483431889763779
0
LINE
8
BLACK
6
CONTINUOUS
10
13.5740041338582671
20
-3.3483431889763779
11
13.5747251968503928
21
-3.3493535039370079
0
LINE
8
BLACK
6
CONTINUOUS
10
13.5747251968503928
20
-3.3493535039370079
11
13.5747381889763776
21
-3.3493743307086614
0
LINE
8
BLACK
6
CONTINUOUS
10
13.5747381889763776
20
-3.3493743307086614
11
13.5753390551181106
21
-3.3504871653543304
0
LINE
8
BLACK
6
CONTINUOUS
10
13.5753390551181106
20
-3.3504871653543304
11
13.5753490944881889
21
-3.3505088582677165
0
LINE
8
BLACK
6
CONTINUOUS
10
13.5753490944881889
20
-3.3505088582677165
11
13.5758390157480306
21
-3.351758897637795
0
LINE
8
BLACK
6
CONTINUOUS
10
13.5758390157480306
20
-3.351758897637795
11
13.5758461023622043
21
-3.351780590551181
0
LINE
8
BLACK
6
CONTINUOUS
10
13.5758461023622043
20
-3.351780590551181
11
13.5762029527559047
21
-3.3531351968503937
0
LINE
8
BLACK
6
CONTINUOUS
10
13.5762029527559047
20
-3.3531351968503937
11
13.5762072834645657
21
-3.3531562598425197
0
LINE
8
BLACK
6
CONTINUOUS
10
13.5762072834645657
20
-3.3531562598425197
11
13.576434212598425
21
-3.3546745275590553
0
LINE
8
BLACK
6
CONTINUOUS
10
13.576434212598425
20
-3.3546745275590553
11
13.5764361417322839
21
-3.3546944094488187
0
LINE
8
BLACK
6
CONTINUOUS
10
13.5764361417322839
20
-3.3546944094488187
11
13.5765125196850391
21
-3.3563212992125981
0
LINE
8
BLACK
6
CONTINUOUS
10
13.5765125196850391
20
-3.3563212992125981
11
13.5765126771653541
21
-3.356336220472441
0
LINE
8
BLACK
6
CONTINUOUS
10
13.5765126771653541
20
-3.356336220472441
11
13.5764854330708662
21
-3.3572735826771654
0
LINE
8
BLACK
6
CONTINUOUS
10
13.5764854330708662
20
-3.3572735826771654
11
13.5764829921259835
21
-3.3572992125984253
0
LINE
8
BLACK
6
CONTINUOUS
10
13.5764829921259835
20
-3.3572992125984253
11
13.576027480314961
21
-3.3601238976377954
0
LINE
8
BLACK
6
CONTINUOUS
10
13.576027480314961
20
-3.3601238976377954
11
13.5760158661417325
21
-3.3601657874015749
0
LINE
8
BLACK
6
CONTINUOUS
10
13.5760158661417325
20
-3.3601657874015749
11
13.5750371259842524
21
-3.3626075984251966
0
LINE
8
BLACK
6
CONTINUOUS
10
13.5750371259842524
20
-3.3626075984251966
11
13.5750213385826761
21
-3.3626387401574802
0
LINE
8
BLACK
6
CONTINUOUS
10
13.5750213385826761
20
-3.3626387401574802
11
13.5743431889763784
21
-3.3637233858267717
0
LINE
8
BLACK
6
CONTINUOUS
10
13.5743431889763784
20
-3.3637233858267717
11
13.5743293700787397
21
-3.363742716535433
0
LINE
8
BLACK
6
CONTINUOUS
10
13.5743293700787397
20
-3.363742716535433
11
13.5735287795275585
21
-3.3647335433070866
0
LINE
8
BLACK
6
CONTINUOUS
10
13.5735287795275585
20
-3.3647335433070866
11
13.573512677165354
21
-3.364751181102362
0
LINE
8
BLACK
6
CONTINUOUS
10
13.573512677165354
20
-3.364751181102362
11
13.5725793700787403
21
-3.3656560629921257
0
LINE
8
BLACK
6
CONTINUOUS
10
13.5725793700787403
20
-3.3656560629921257
11
13.5725615748031494
21
-3.3656713779527556
0
LINE
8
BLACK
6
CONTINUOUS
10
13.5725615748031494
20
-3.3656713779527556
11
13.5715084251968499
21
-3.3664729527559056
0
LINE
8
BLACK
6
CONTINUOUS
10
13.5715084251968499
20
-3.3664729527559056
11
13.5714894881889769
21
-3.3664857086614171
0
LINE
8
BLACK
6
CONTINUOUS
10
13.5714894881889769
20
-3.3664857086614171
11
13.5702882283464561
21
-3.3671967322834644
0
LINE
8
BLACK
6
CONTINUOUS
10
13.5702882283464561
20
-3.3671967322834644
11
13.5702687795275594
21
-3.367206811023622
0
LINE
8
BLACK
6
CONTINUOUS
10
13.5702687795275594
20
-3.367206811023622
11
13.5689478740157483
21
-3.3678017322834646
0
LINE
8
BLACK
6
CONTINUOUS
10
13.5689478740157483
20
-3.3678017322834646
11
13.5689285433070861
21
-3.3678092519685037
0
LINE
8
BLACK
6
CONTINUOUS
10
13.5689285433070861
20
-3.3678092519685037
11
13.5674435826771642
21
-3.3682974803149603
0
LINE
8
BLACK
6
CONTINUOUS
10
13.5674435826771642
20
-3.3682974803149603
11
13.5674247637795276
21
-3.3683026377952756
0
LINE
8
BLACK
6
CONTINUOUS
10
13.5674247637795276
20
-3.3683026377952756
11
13.5658194094488191
21
-3.3686591338582677
0
LINE
8
BLACK
6
CONTINUOUS
10
13.5658194094488191
20
-3.3686591338582677
11
13.5658014566929133
21
-3.3686622440944882
0
LINE
8
BLACK
6
CONTINUOUS
10
13.5658014566929133
20
-3.3686622440944882
11
13.5640216535433069
21
-3.3688877165354332
0
LINE
8
BLACK
6
CONTINUOUS
10
13.5640216535433069
20
-3.3688877165354332
11
13.5640048031496061
21
-3.3688891338582678
0
LINE
8
BLACK
6
CONTINUOUS
10
13.5640048031496061
20
-3.3688891338582678
11
13.5621043307086619
21
-3.3689653149606298
0
LINE
8
BLACK
6
CONTINUOUS
10
13.5621043307086619
20
-3.3689653149606298
11
13.5620825984251958
21
-3.3689649999999998
0
LINE
8
BLACK
6
CONTINUOUS
10
13.5620825984251958
20
-3.3689649999999998
11
13.5590927165354334
21
-3.3687540551181101
0
LINE
8
BLACK
6
CONTINUOUS
10
13.5590927165354334
20
-3.3687540551181101
11
13.5590658267716524
21
-3.3687502755905512
0
LINE
8
BLACK
6
CONTINUOUS
10
13.5590658267716524
20
-3.3687502755905512
11
13.5551091338582665
21
-3.3679135039370078
0
LINE
8
BLACK
6
CONTINUOUS
10
13.5551091338582665
20
-3.3679135039370078
11
13.5550811023622035
21
-3.3679053543307087
0
LINE
8
BLACK
6
CONTINUOUS
10
13.5550811023622035
20
-3.3679053543307087
11
13.5518300393700777
21
-3.3666933464566928
0
LINE
8
BLACK
6
CONTINUOUS
10
13.5518300393700777
20
-3.3666933464566928
11
13.5517761811023618
21
-3.366662874015748
0
LINE
8
BLACK
6
CONTINUOUS
10
13.5517761811023618
20
-3.366662874015748
11
13.5513712204724399
21
-3.3663403149606297
0
LINE
8
BLACK
6
CONTINUOUS
10
13.5513712204724399
20
-3.3663403149606297
11
13.5513034251968509
21
-3.3662361023622047
0
LINE
8
BLACK
6
CONTINUOUS
10
13.5513034251968509
20
-3.3662361023622047
11
13.5512154330708654
21
-3.3658994488188974
0
LINE
8
BLACK
6
CONTINUOUS
10
13.5512154330708654
20
-3.3658994488188974
11
13.5512163385826767
21
-3.3657965354330708
0
LINE
8
BLACK
6
CONTINUOUS
10
13.5512163385826767
20
-3.3657965354330708
11
13.5513246850393703
21
-3.3654100393700785
0
LINE
8
BLACK
6
CONTINUOUS
10
13.5513246850393703
20
-3.3654100393700785
11
13.5513341732283461
21
-3.3653835826771652
0
LINE
8
BLACK
6
CONTINUOUS
10
13.5513341732283461
20
-3.3653835826771652
11
13.5521611417322827
21
-3.3635132677165354
0
LINE
8
BLACK
6
CONTINUOUS
10
13.5521611417322827
20
-3.3635132677165354
11
13.552186062992126
21
-3.3634716535433071
0
LINE
8
BLACK
6
CONTINUOUS
10
13.552186062992126
20
-3.3634716535433071
11
13.5524938582677166
21
-3.3630778346456691
0
LINE
8
BLACK
6
CONTINUOUS
10
13.5524938582677166
20
-3.3630778346456691
11
13.5525960236220477
21
-3.3630094488188975
0
LINE
8
BLACK
6
CONTINUOUS
10
13.5525960236220477
20
-3.3630094488188975
11
13.5529546456692902
21
-3.3629092913385827
0
LINE
8
BLACK
6
CONTINUOUS
10
13.5529546456692902
20
-3.3629092913385827
11
13.5530546456692917
21
-3.3629077559055118
0
LINE
8
BLACK
6
CONTINUOUS
10
13.5530546456692917
20
-3.3629077559055118
11
13.553489212598425
21
-3.3630147244094486
0
LINE
8
BLACK
6
CONTINUOUS
10
13.553489212598425
20
-3.3630147244094486
11
13.5535206299212589
21
-3.36302531496063
0
LINE
8
BLACK
6
CONTINUOUS
10
13.5535206299212589
20
-3.36302531496063
11
13.5556819685039365
21
-3.3639646456692911
0
LINE
8
BLACK
6
CONTINUOUS
10
13.5556819685039365
20
-3.3639646456692911
11
13.5590536614173232
21
-3.3649114566929135
0
LINE
8
BLACK
6
CONTINUOUS
10
13.5590536614173232
20
-3.3649114566929135
11
13.5621039763779532
21
-3.3652107874015749
0
LINE
8
BLACK
6
CONTINUOUS
10
13.5621039763779532
20
-3.3652107874015749
11
13.5627853543307086
21
-3.3651966929133859
0
LINE
8
BLACK
6
CONTINUOUS
10
13.5627853543307086
20
-3.3651966929133859
11
13.5655905511811028
21
-3.3647993307086614
0
LINE
8
BLACK
6
CONTINUOUS
10
13.5655905511811028
20
-3.3647993307086614
11
13.5678662992125982
21
-3.3639282677165352
0
LINE
8
BLACK
6
CONTINUOUS
10
13.5678662992125982
20
-3.3639282677165352
11
13.5696559448818892
21
-3.3626445669291338
0
LINE
8
BLACK
6
CONTINUOUS
10
13.5696559448818892
20
-3.3626445669291338
11
13.5703683070866141
21
-3.3618650393700786
0
LINE
8
BLACK
6
CONTINUOUS
10
13.5703683070866141
20
-3.3618650393700786
11
13.5709654330708656
21
-3.3609893307086613
0
LINE
8
BLACK
6
CONTINUOUS
10
13.5709654330708656
20
-3.3609893307086613
11
13.571447047244094
21
-3.3600090551181103
0
LINE
8
BLACK
6
CONTINUOUS
10
13.571447047244094
20
-3.3600090551181103
11
13.571798188976377
21
-3.3589428740157481
0
LINE
8
BLACK
6
CONTINUOUS
10
13.571798188976377
20
-3.3589428740157481
11
13.5720196456692914
21
-3.3577592913385828
0
LINE
8
BLACK
6
CONTINUOUS
10
13.5720196456692914
20
-3.3577592913385828
11
13.5720947637795266
21
-3.3564894881889762
0
LINE
8
BLACK
6
CONTINUOUS
10
13.5720947637795266
20
-3.3564894881889762
11
13.5720896062992118
21
-3.3561366141732281
0
LINE
8
BLACK
6
CONTINUOUS
10
13.5720896062992118
20
-3.3561366141732281
11
13.5717458661417325
21
-3.3537340551181103
0
LINE
8
BLACK
6
CONTINUOUS
10
13.5717458661417325
20
-3.3537340551181103
11
13.5709141338582668
21
-3.3517792125984252
0
LINE
8
BLACK
6
CONTINUOUS
10
13.5709141338582668
20
-3.3517792125984252
11
13.5703242125984254
21
-3.350950748031496
0
LINE
8
BLACK
6
CONTINUOUS
10
13.5703242125984254
20
-3.350950748031496
11
13.5696138188976381
21
-3.3502137007874015
0
LINE
8
BLACK
6
CONTINUOUS
10
13.5696138188976381
20
-3.3502137007874015
11
13.568755866141732
21
-3.3495528346456691
0
LINE
8
BLACK
6
CONTINUOUS
10
13.568755866141732
20
-3.3495528346456691
11
13.5677755905511805
21
-3.3489988188976376
0
LINE
8
BLACK
6
CONTINUOUS
10
13.5677755905511805
20
-3.3489988188976376
11
13.566605984251968
21
-3.3485308267716536
0
LINE
8
BLACK
6
CONTINUOUS
10
13.566605984251968
20
-3.3485308267716536
11
13.5653035433070865
21
-3.3481879133858268
0
LINE
8
BLACK
6
CONTINUOUS
10
13.5653035433070865
20
-3.3481879133858268
11
13.56377188976378
21
-3.3479633070866139
0
LINE
8
BLACK
6
CONTINUOUS
10
13.56377188976378
20
-3.3479633070866139
11
13.5621001181102354
21
-3.3478878740157478
0
LINE
8
BLACK
6
CONTINUOUS
10
13.5621001181102354
20
-3.3478878740157478
11
13.5586647244094483
21
-3.3481768503937008
0
LINE
8
BLACK
6
CONTINUOUS
10
13.5586647244094483
20
-3.3481768503937008
11
13.5561472440944879
21
-3.3488692125984252
0
LINE
8
BLACK
6
CONTINUOUS
10
13.5561472440944879
20
-3.3488692125984252
11
13.5559187007874016
21
-3.348948464566929
0
LINE
8
BLACK
6
CONTINUOUS
10
13.5559187007874016
20
-3.348948464566929
11
13.5558659055118103
21
-3.3489589763779528
0
LINE
8
BLACK
6
CONTINUOUS
10
13.5558659055118103
20
-3.3489589763779528
11
13.5554372047244094
21
-3.3489844488188973
0
LINE
8
BLACK
6
CONTINUOUS
10
13.5554372047244094
20
-3.3489844488188973
11
13.5553574409448814
21
-3.3489726771653543
0
LINE
8
BLACK
6
CONTINUOUS
10
13.5553574409448814
20
-3.3489726771653543
11
13.554917440944882
21
-3.3488105118110236
0
LINE
8
BLACK
6
CONTINUOUS
10
13.554917440944882
20
-3.3488105118110236
11
13.5548832677165354
21
-3.3487940157480316
0
LINE
8
BLACK
6
CONTINUOUS
10
13.5548832677165354
20
-3.3487940157480316
11
13.5538904330708654
21
-3.3481906299212598
0
LINE
8
BLACK
6
CONTINUOUS
10
13.5538904330708654
20
-3.3481906299212598
11
13.5538775196850398
21
-3.3481820472440944
0
LINE
8
BLACK
6
CONTINUOUS
10
13.5538775196850398
20
-3.3481820472440944
11
13.5536604330708652
21
-3.3480254330708661
0
LINE
8
BLACK
6
CONTINUOUS
10
13.5536604330708652
20
-3.3480254330708661
11
13.5536136220472443
21
-3.3479776771653542
0
LINE
8
BLACK
6
CONTINUOUS
10
13.5536136220472443
20
-3.3479776771653542
11
13.5533603543307084
21
-3.3476111023622046
0
LINE
8
BLACK
6
CONTINUOUS
10
13.5533603543307084
20
-3.3476111023622046
11
13.5533282677165356
21
-3.3475323228346454
0
LINE
8
BLACK
6
CONTINUOUS
10
13.5533282677165356
20
-3.3475323228346454
11
13.5532481102362201
21
-3.3470626771653542
0
LINE
8
BLACK
6
CONTINUOUS
10
13.5532481102362201
20
-3.3470626771653542
11
13.5532453149606305
21
-3.3470295669291339
0
LINE
8
BLACK
6
CONTINUOUS
10
13.5532453149606305
20
-3.3470295669291339
11
13.5532453149606305
21
-3.3303628740157478
0
LINE
8
BLACK
6
CONTINUOUS
10
13.5532453149606305
20
-3.3303628740157478
11
13.5532552755905513
21
-3.3303010236220474
0
LINE
8
BLACK
6
CONTINUOUS
10
13.5532552755905513
20
-3.3303010236220474
11
13.5534367322834637
21
-3.3297528346456691
0
LINE
8
BLACK
6
CONTINUOUS
10
13.5534367322834637
20
-3.3297528346456691
11
13.5535055118110233
21
-3.3296572047244095
0
LINE
8
BLACK
6
CONTINUOUS
10
13.5535055118110233
20
-3.3296572047244095
11
13.5537795275590547
21
-3.3294517322834647
0
LINE
8
BLACK
6
CONTINUOUS
10
13.5537795275590547
20
-3.3294517322834647
11
13.5538595275590552
21
-3.3294161023622046
0
LINE
8
BLACK
6
CONTINUOUS
10
13.5538595275590552
20
-3.3294161023622046
11
13.5542310236220462
21
-3.3293427952755903
0
LINE
8
BLACK
6
CONTINUOUS
10
13.5542310236220462
20
-3.3293427952755903
11
13.5542691338582681
21
-3.3293390551181101
0
LINE
8
BLACK
6
CONTINUOUS
10
13.5542691338582681
20
-3.3293390551181101
11
13.5731186220472431
21
-3.3293390551181101
0
LINE
8
BLACK
6
CONTINUOUS
10
13.5731186220472431
20
-3.3293390551181101
11
13.5731800787401564
21
-3.3293488976377952
0
LINE
8
BLACK
6
CONTINUOUS
10
13.6460095669291341
20
-3.3289200393700789
11
13.6460220472440934
21
-3.328920748031496
0
LINE
8
BLACK
6
CONTINUOUS
10
13.6460220472440934
20
-3.328920748031496
11
13.6480034251968494
21
-3.3290970078740156
0
LINE
8
BLACK
6
CONTINUOUS
10
13.6480034251968494
20
-3.3290970078740156
11
13.6480191732283469
21
-3.3290990551181103
0
LINE
8
BLACK
6
CONTINUOUS
10
13.6480191732283469
20
-3.3290990551181103
11
13.6497955511811018
21
-3.3294027559055119
0
LINE
8
BLACK
6
CONTINUOUS
10
13.6497955511811018
20
-3.3294027559055119
11
13.6498129133858264
21
-3.3294065354330709
0
LINE
8
BLACK
6
CONTINUOUS
10
13.6498129133858264
20
-3.3294065354330709
11
13.6514377952755908
21
-3.3298383464566927
0
LINE
8
BLACK
6
CONTINUOUS
10
13.6514377952755908
20
-3.3298383464566927
11
13.6514562992125974
21
-3.3298442519685039
0
LINE
8
BLACK
6
CONTINUOUS
10
13.6514562992125974
20
-3.3298442519685039
11
13.6529062598425188
21
-3.3303875590551182
0
LINE
8
BLACK
6
CONTINUOUS
10
13.6529062598425188
20
-3.3303875590551182
11
13.6529257480314961
21
-3.3303960629921261
0
LINE
8
BLACK
6
CONTINUOUS
10
13.6529257480314961
20
-3.3303960629921261
11
13.6543449606299205
21
-3.3311106299212598
0
LINE
8
BLACK
6
CONTINUOUS
10
13.6543449606299205
20
-3.3311106299212598
11
13.6543640551181102
21
-3.331121653543307
0
LINE
8
BLACK
6
CONTINUOUS
10
13.6543640551181102
20
-3.331121653543307
11
13.6556221653543304
21
-3.331943346456693
0
LINE
8
BLACK
6
CONTINUOUS
10
13.6556221653543304
20
-3.331943346456693
11
13.6556711417322827
21
-3.3319888582677164
0
LINE
8
BLACK
6
CONTINUOUS
10
13.6556711417322827
20
-3.3319888582677164
11
13.6559614960629911
21
-3.3323700787401576
0
LINE
8
BLACK
6
CONTINUOUS
10
13.6559614960629911
20
-3.3323700787401576
11
13.6560006692913376
21
-3.3324689370078739
0
LINE
8
BLACK
6
CONTINUOUS
10
13.6560006692913376
20
-3.3324689370078739
11
13.6560394094488178
21
-3.3328399212598425
0
LINE
8
BLACK
6
CONTINUOUS
10
13.6560394094488178
20
-3.3328399212598425
11
13.6560261417322835
21
-3.3329340944881891
0
LINE
8
BLACK
6
CONTINUOUS
10
13.6560261417322835
20
-3.3329340944881891
11
13.6558629133858265
21
-3.3333382283464568
0
LINE
8
BLACK
6
CONTINUOUS
10
13.6558629133858265
20
-3.3333382283464568
11
13.6558440551181093
21
-3.3333738582677164
0
LINE
8
BLACK
6
CONTINUOUS
10
13.6558440551181093
20
-3.3333738582677164
11
13.6547406692913391
21
-3.3350253543307087
0
LINE
8
BLACK
6
CONTINUOUS
10
13.6547406692913391
20
-3.3350253543307087
11
13.6547092125984246
21
-3.3350618110236221
0
LINE
8
BLACK
6
CONTINUOUS
10
13.6547092125984246
20
-3.3350618110236221
11
13.6542923622047248
21
-3.3354396850393702
0
LINE
8
BLACK
6
CONTINUOUS
10
13.6542923622047248
20
-3.3354396850393702
11
13.6541714566929127
21
-3.3354903937007871
0
LINE
8
BLACK
6
CONTINUOUS
10
13.6541714566929127
20
-3.3354903937007871
11
13.6538461023622038
21
-3.3355090944881889
0
LINE
8
BLACK
6
CONTINUOUS
10
13.6538461023622038
20
-3.3355090944881889
11
13.6537474015748028
21
-3.3354889370078737
0
LINE
8
BLACK
6
CONTINUOUS
10
13.6537474015748028
20
-3.3354889370078737
11
13.6533885826771648
21
-3.3353111417322836
0
LINE
8
BLACK
6
CONTINUOUS
10
13.6533885826771648
20
-3.3353111417322836
11
13.6533797637795278
21
-3.3353064960629921
0
LINE
8
BLACK
6
CONTINUOUS
10
13.6533797637795278
20
-3.3353064960629921
11
13.6508786220472444
21
-3.3339048425196851
0
LINE
8
BLACK
6
CONTINUOUS
10
13.6508786220472444
20
-3.3339048425196851
11
13.6496085433070871
21
-3.3334443307086614
0
LINE
8
BLACK
6
CONTINUOUS
10
13.6496085433070871
20
-3.3334443307086614
11
13.6482140551181104
21
-3.3331074803149607
0
LINE
8
BLACK
6
CONTINUOUS
10
13.6482140551181104
20
-3.3331074803149607
11
13.6464567716535434
21
-3.332876929133858
0
LINE
8
BLACK
6
CONTINUOUS
10
13.6464567716535434
20
-3.332876929133858
11
13.6444388582677156
21
-3.3328003937007873
0
LINE
8
BLACK
6
CONTINUOUS
10
13.6444388582677156
20
-3.3328003937007873
11
13.6428895669291332
21
-3.3328835433070867
0
LINE
8
BLACK
6
CONTINUOUS
10
13.6428895669291332
20
-3.3328835433070867
11
13.6404488582677157
21
-3.3334280708661415
0
LINE
8
BLACK
6
CONTINUOUS
10
13.6404488582677157
20
-3.3334280708661415
11
13.6385814960629919
21
-3.3343781102362202
0
LINE
8
BLACK
6
CONTINUOUS
10
13.6385814960629919
20
-3.3343781102362202
11
13.6372542913385821
21
-3.335649724409449
0
LINE
8
BLACK
6
CONTINUOUS
10
13.6372542913385821
20
-3.335649724409449
11
13.6364329921259841
21
-3.3372226771653541
0
LINE
8
BLACK
6
CONTINUOUS
10
13.6364329921259841
20
-3.3372226771653541
11
13.6362195669291335
21
-3.3381197637795275
0
LINE
8
BLACK
6
CONTINUOUS
10
13.6362195669291335
20
-3.3381197637795275
11
13.6361460236220466
21
-3.3390990944881889
0
LINE
8
BLACK
6
CONTINUOUS
10
13.6361460236220466
20
-3.3390990944881889
11
13.6362187007874009
21
-3.3401004724409447
0
LINE
8
BLACK
6
CONTINUOUS
10
13.6362187007874009
20
-3.3401004724409447
11
13.6364214960629919
21
-3.3409580314960627
0
LINE
8
BLACK
6
CONTINUOUS
10
13.6364214960629919
20
-3.3409580314960627
11
13.6367512992125981
21
-3.3417267322834645
0
LINE
8
BLACK
6
CONTINUOUS
10
13.6367512992125981
20
-3.3417267322834645
11
13.6372497637795274
21
-3.3424716535433072
0
LINE
8
BLACK
6
CONTINUOUS
10
13.6372497637795274
20
-3.3424716535433072
11
13.6378941732283465
21
-3.3431367716535432
0
LINE
8
BLACK
6
CONTINUOUS
10
13.6378941732283465
20
-3.3431367716535432
11
13.6388668503937005
21
-3.3438485433070864
0
LINE
8
BLACK
6
CONTINUOUS
10
13.6388668503937005
20
-3.3438485433070864
11
13.6400486220472441
21
-3.3444735039370079
0
LINE
8
BLACK
6
CONTINUOUS
10
13.6400486220472441
20
-3.3444735039370079
11
13.6421611023622038
21
-3.3452668897637796
0
LINE
8
BLACK
6
CONTINUOUS
10
13.6421611023622038
20
-3.3452668897637796
11
13.6447055905511814
21
-3.3459520472440945
0
LINE
8
BLACK
6
CONTINUOUS
10
13.6447055905511814
20
-3.3459520472440945
11
13.6460847637795268
21
-3.3462986220472439
0
LINE
8
BLACK
6
CONTINUOUS
10
13.6460847637795268
20
-3.3462986220472439
11
13.6460992519685043
21
-3.3463028740157479
0
LINE
8
BLACK
6
CONTINUOUS
10
13.6460992519685043
20
-3.3463028740157479
11
13.6499146062992125
21
-3.3475801574803148
0
LINE
8
BLACK
6
CONTINUOUS
10
13.6499146062992125
20
-3.3475801574803148
11
13.6499431496062993
21
-3.3475922834645671
0
LINE
8
BLACK
6
CONTINUOUS
10
13.6499431496062993
20
-3.3475922834645671
11
13.6526723622047239
21
-3.3490155118110234
0
LINE
8
BLACK
6
CONTINUOUS
10
13.6526723622047239
20
-3.3490155118110234
11
13.6527061811023618
21
-3.3490378346456691
0
LINE
8
BLACK
6
CONTINUOUS
10
13.6527061811023618
20
-3.3490378346456691
11
13.6546589763779522
21
-3.3506398818897636
0
LINE
8
BLACK
6
CONTINUOUS
10
13.6546589763779522
20
-3.3506398818897636
11
13.6546927165354326
21
-3.3506754724409449
0
LINE
8
BLACK
6
CONTINUOUS
10
13.6546927165354326
20
-3.3506754724409449
11
13.6560552755905515
21
-3.3525285039370076
0
LINE
8
BLACK
6
CONTINUOUS
10
13.6560552755905515
20
-3.3525285039370076
11
13.6560754724409446
21
-3.3525627559055118
0
LINE
8
BLACK
6
CONTINUOUS
10
13.6560754724409446
20
-3.3525627559055118
11
13.6565696850393703
21
-3.3536355118110235
0
LINE
8
BLACK
6
CONTINUOUS
10
13.6565696850393703
20
-3.3536355118110235
11
13.6565790551181099
21
-3.3536600393700788
0
LINE
8
BLACK
6
CONTINUOUS
10
13.6565790551181099
20
-3.3536600393700788
11
13.656936259842519
21
-3.3548218897637794
0
LINE
8
BLACK
6
CONTINUOUS
10
13.656936259842519
20
-3.3548218897637794
11
13.6569421259842514
21
-3.354846377952756
0
LINE
8
BLACK
6
CONTINUOUS
10
13.6569421259842514
20
-3.354846377952756
11
13.6571747244094492
21
-3.3561999606299211
0
LINE
8
BLACK
6
CONTINUOUS
10
13.6571747244094492
20
-3.3561999606299211
11
13.6571772834645664
21
-3.3562229527559055
0
LINE
8
BLACK
6
CONTINUOUS
10
13.6571772834645664
20
-3.3562229527559055
11
13.6572544488188967
21
-3.3576904330708661
0
LINE
8
BLACK
6
CONTINUOUS
10
13.6572544488188967
20
-3.3576904330708661
11
13.6572538976377942
21
-3.3577188582677167
0
LINE
8
BLACK
6
CONTINUOUS
10
13.6572538976377942
20
-3.3577188582677167
11
13.6570466141732272
21
-3.3599694881889763
0
LINE
8
BLACK
6
CONTINUOUS
10
13.6570466141732272
20
-3.3599694881889763
11
13.6570413385826761
21
-3.3600000393700786
0
LINE
8
BLACK
6
CONTINUOUS
10
13.6570413385826761
20
-3.3600000393700786
11
13.6567227165354321
21
-3.3612496456692913
0
LINE
8
BLACK
6
CONTINUOUS
10
13.6567227165354321
20
-3.3612496456692913
11
13.6567152755905514
21
-3.3612728346456691
0
LINE
8
BLACK
6
CONTINUOUS
10
13.6567152755905514
20
-3.3612728346456691
11
13.6562613385826772
21
-3.3624315748031495
0
LINE
8
BLACK
6
CONTINUOUS
10
13.6562613385826772
20
-3.3624315748031495
11
13.6562507480314963
21
-3.3624542519685039
0
LINE
8
BLACK
6
CONTINUOUS
10
13.6562507480314963
20
-3.3624542519685039
11
13.6556494881889758
21
-3.3635533858267714
0
LINE
8
BLACK
6
CONTINUOUS
10
13.6556494881889758
20
-3.3635533858267714
11
13.655635984251969
21
-3.3635746456692912
0
LINE
8
BLACK
6
CONTINUOUS
10
13.655635984251969
20
-3.3635746456692912
11
13.6549090157480304
21
-3.3645744488188978
0
LINE
8
BLACK
6
CONTINUOUS
10
13.6549090157480304
20
-3.3645744488188978
11
13.6548929921259834
21
-3.3645937795275591
0
LINE
8
BLACK
6
CONTINUOUS
10
13.6548929921259834
20
-3.3645937795275591
11
13.6540083070866132
21
-3.3655316929133856
0
LINE
8
BLACK
6
CONTINUOUS
10
13.6540083070866132
20
-3.3655316929133856
11
13.6539903937007878
21
-3.3655484251968502
0
LINE
8
BLACK
6
CONTINUOUS
10
13.6539903937007878
20
-3.3655484251968502
11
13.6529890551181108
21
-3.3663747244094488
0
LINE
8
BLACK
6
CONTINUOUS
10
13.6529890551181108
20
-3.3663747244094488
11
13.6529699212598423
21
-3.3663887007874016
0
LINE
8
BLACK
6
CONTINUOUS
10
13.6529699212598423
20
-3.3663887007874016
11
13.6518051181102358
21
-3.3671342913385827
0
LINE
8
BLACK
6
CONTINUOUS
10
13.6518051181102358
20
-3.3671342913385827
11
13.6517852755905515
21
-3.3671454330708661
0
LINE
8
BLACK
6
CONTINUOUS
10
13.6517852755905515
20
-3.3671454330708661
11
13.6505160236220462
21
-3.3677646062992124
0
LINE
8
BLACK
6
CONTINUOUS
10
13.6505160236220462
20
-3.3677646062992124
11
13.6504961417322832
21
-3.367772992125984
0
LINE
8
BLACK
6
CONTINUOUS
10
13.6504961417322832
20
-3.367772992125984
11
13.6490770866141737
21
-3.3682814566929133
0
LINE
8
BLACK
6
CONTINUOUS
10
13.6490770866141737
20
-3.3682814566929133
11
13.649057362204724
21
-3.3682873622047245
0
LINE
8
BLACK
6
CONTINUOUS
10
13.649057362204724
20
-3.3682873622047245
11
13.6475524409448816
21
-3.3686549606299212
0
LINE
8
BLACK
6
CONTINUOUS
10
13.6475524409448816
20
-3.3686549606299212
11
13.6475333070866132
21
-3.3686586614173226
0
LINE
8
BLACK
6
CONTINUOUS
10
13.6475333070866132
20
-3.3686586614173226
11
13.6459186220472439
21
-3.3688869685039369
0
LINE
8
BLACK
6
CONTINUOUS
10
13.6459186220472439
20
-3.3688869685039369
11
13.645900039370078
21
-3.3688887007874015
0
LINE
8
BLACK
6
CONTINUOUS
10
13.645900039370078
20
-3.3688887007874015
11
13.6442248818897642
21
-3.368965275590551
0
LINE
8
BLACK
6
CONTINUOUS
10
13.6442248818897642
20
-3.368965275590551
11
13.6442072047244096
21
-3.368965275590551
0
LINE
8
BLACK
6
CONTINUOUS
10
13.6442072047244096
20
-3.368965275590551
11
13.6414855905511807
21
-3.3688448425196849
0
LINE
8
BLACK
6
CONTINUOUS
10
13.6414855905511807
20
-3.3688448425196849
11
13.641462322834645
21
-3.3688424409448818
0
LINE
8
BLACK
6
CONTINUOUS
10
13.641462322834645
20
-3.3688424409448818
11
13.6375343307086609
21
-3.3681959842519684
0
LINE
8
BLACK
6
CONTINUOUS
10
13.6375343307086609
20
-3.3681959842519684
11
13.6375043307086603
21
-3.3681885826771651
0
LINE
8
BLACK
6
CONTINUOUS
10
13.6375043307086603
20
-3.3681885826771651
11
13.6340631102362195
21
-3.3670472440944881
0
LINE
8
BLACK
6
CONTINUOUS
10
13.6340631102362195
20
-3.3670472440944881
11
13.6340320866141731
21
-3.3670338976377954
0
LINE
8
BLACK
6
CONTINUOUS
10
13.6340320866141731
20
-3.3670338976377954
11
13.6311150393700782
21
-3.3654707874015748
0
LINE
8
BLACK
6
CONTINUOUS
10
13.6311150393700782
20
-3.3654707874015748
11
13.631059960629921
21
-3.3654270078740156
0
LINE
8
BLACK
6
CONTINUOUS
10
13.631059960629921
20
-3.3654270078740156
11
13.6307150393700791
21
-3.3650333070866143
0
LINE
8
BLACK
6
CONTINUOUS
10
13.6307150393700791
20
-3.3650333070866143
11
13.6306670472440938
21
-3.3649211417322835
0
LINE
8
BLACK
6
CONTINUOUS
10
13.6306670472440938
20
-3.3649211417322835
11
13.6306341338582673
21
-3.3645533070866143
0
LINE
8
BLACK
6
CONTINUOUS
10
13.6306341338582673
20
-3.3645533070866143
11
13.6306472440944884
21
-3.3644631102362204
0
LINE
8
BLACK
6
CONTINUOUS
10
13.6306472440944884
20
-3.3644631102362204
11
13.6308039370078742
21
-3.3640683464566927
0
LINE
8
BLACK
6
CONTINUOUS
10
13.6308039370078742
20
-3.3640683464566927
11
13.6308203543307087
21
-3.3640359842519683
0
LINE
8
BLACK
6
CONTINUOUS
10
13.6308203543307087
20
-3.3640359842519683
11
13.6320343700787401
21
-3.3621104330708662
0
LINE
8
BLACK
6
CONTINUOUS
10
13.6320343700787401
20
-3.3621104330708662
11
13.6320678740157479
21
-3.3620703149606297
0
LINE
8
BLACK
6
CONTINUOUS
10
13.6320678740157479
20
-3.3620703149606297
11
13.6324741732283456
21
-3.3616978740157482
0
LINE
8
BLACK
6
CONTINUOUS
10
13.6324741732283456
20
-3.3616978740157482
11
13.6325920866141725
21
-3.3616467322834644
0
LINE
8
BLACK
6
CONTINUOUS
10
13.6325920866141725
20
-3.3616467322834644
11
13.6329395669291333
21
-3.3616199606299211
0
LINE
8
BLACK
6
CONTINUOUS
10
13.6329395669291333
20
-3.3616199606299211
11
13.633034291338582
21
-3.3616361811023623
0
LINE
8
BLACK
6
CONTINUOUS
10
13.633034291338582
20
-3.3616361811023623
11
13.6334368110236213
21
-3.3618142125984249
0
LINE
8
BLACK
6
CONTINUOUS
10
13.6334368110236213
20
-3.3618142125984249
11
13.6334625984251971
21
-3.3618279921259844
0
LINE
8
BLACK
6
CONTINUOUS
10
13.6334625984251971
20
-3.3618279921259844
11
13.634434015748031
21
-3.3624438582677163
0
LINE
8
BLACK
6
CONTINUOUS
10
13.634434015748031
20
-3.3624438582677163
11
13.6358685433070868
21
-3.363195905511811
0
LINE
8
BLACK
6
CONTINUOUS
10
13.6358685433070868
20
-3.363195905511811
11
13.6374109055118105
21
-3.3638321653543306
0
LINE
8
BLACK
6
CONTINUOUS
10
13.6374109055118105
20
-3.3638321653543306
11
13.6406837401574794
21
-3.3646982677165354
0
LINE
8
BLACK
6
CONTINUOUS
10
13.6406837401574794
20
-3.3646982677165354
11
13.6440512204724413
21
-3.3649892519685038
0
LINE
8
BLACK
6
CONTINUOUS
10
13.6440512204724413
20
-3.3649892519685038
11
13.6462696850393694
21
-3.3648250393700785
0
LINE
8
BLACK
6
CONTINUOUS
10
13.6462696850393694
20
-3.3648250393700785
11
13.6486753937007865
21
-3.3641767716535433
0
LINE
8
BLACK
6
CONTINUOUS
10
13.6486753937007865
20
-3.3641767716535433
11
13.6505195669291339
21
-3.363137125984252
0
LINE
8
BLACK
6
CONTINUOUS
10
13.6505195669291339
20
-3.363137125984252
11
13.6518433070866134
21
-3.3617690551181103
0
LINE
8
BLACK
6
CONTINUOUS
10
13.6518433070866134
20
-3.3617690551181103
11
13.65231094488189
21
-3.36097937007874
0
LINE
8
BLACK
6
CONTINUOUS
10
13.65231094488189
20
-3.36097937007874
11
13.6526568897637794
21
-3.3601033858267715
0
LINE
8
BLACK
6
CONTINUOUS
10
13.6526568897637794
20
-3.3601033858267715
11
13.6528731102362197
21
-3.3591352362204723
0
LINE
8
BLACK
6
CONTINUOUS
10
13.6528731102362197
20
-3.3591352362204723
11
13.6529472440944879
21
-3.3580821653543307
0
LINE
8
BLACK
6
CONTINUOUS
10
13.6529472440944879
20
-3.3580821653543307
11
13.6529421653543306
21
-3.3577723622047242
0
LINE
8
BLACK
6
CONTINUOUS
10
13.6529421653543306
20
-3.3577723622047242
11
13.6526182283464568
21
-3.3557688188976376
0
LINE
8
BLACK
6
CONTINUOUS
10
13.6526182283464568
20
-3.3557688188976376
11
13.6522767716535434
21
-3.3549263779527556
0
LINE
8
BLACK
6
CONTINUOUS
10
13.6522767716535434
20
-3.3549263779527556
11
13.6518025196850399
21
-3.354147874015748
0
LINE
8
BLACK
6
CONTINUOUS
10
13.6518025196850399
20
-3.354147874015748
11
13.6511520078740158
21
-3.3533945669291336
0
LINE
8
BLACK
6
CONTINUOUS
10
13.6511520078740158
20
-3.3533945669291336
11
13.6503399212598424
21
-3.3527072047244095
0
LINE
8
BLACK
6
CONTINUOUS
10
13.6503399212598424
20
-3.3527072047244095
11
13.6492174803149595
21
-3.3520040551181101
0
LINE
8
BLACK
6
CONTINUOUS
10
13.6492174803149595
20
-3.3520040551181101
11
13.6478674015748034
21
-3.3513736220472441
0
LINE
8
BLACK
6
CONTINUOUS
10
13.6478674015748034
20
-3.3513736220472441
11
13.6459489763779516
21
-3.3507102755905511
0
LINE
8
BLACK
6
CONTINUOUS
10
13.6459489763779516
20
-3.3507102755905511
11
13.6436733464566924
21
-3.3501318503937005
0
LINE
8
BLACK
6
CONTINUOUS
10
13.6436733464566924
20
-3.3501318503937005
11
13.6429865354330708
21
-3.3499729133858267
0
LINE
8
BLACK
6
CONTINUOUS
10
13.6429865354330708
20
-3.3499729133858267
11
13.6429733070866135
21
-3.3499693700787403
0
LINE
8
BLACK
6
CONTINUOUS
10
13.6429733070866135
20
-3.3499693700787403
11
13.6391753937007874
21
-3.3488075984251968
0
LINE
8
BLACK
6
CONTINUOUS
10
13.6391753937007874
20
-3.3488075984251968
11
13.639146456692913
21
-3.3487961811023621
0
LINE
8
BLACK
6
CONTINUOUS
10
13.639146456692913
20
-3.3487961811023621
11
13.6364177165354334
21
-3.3474607874015749
0
LINE
8
BLACK
6
CONTINUOUS
10
13.6364177165354334
20
-3.3474607874015749
11
13.6363831496062993
21
-3.3474391732283464
0
LINE
8
BLACK
6
CONTINUOUS
10
13.6363831496062993
20
-3.3474391732283464
11
13.6344283464566924
21
-3.3459138582677164
0
LINE
8
BLACK
6
CONTINUOUS
10
13.6344283464566924
20
-3.3459138582677164
11
13.6343933858267707
21
-3.3458786220472438
0
LINE
8
BLACK
6
CONTINUOUS
10
13.6343933858267707
20
-3.3458786220472438
11
13.6330320078740161
21
-3.3441077952755904
0
LINE
8
BLACK
6
CONTINUOUS
10
13.6330320078740161
20
-3.3441077952755904
11
13.6330107086614163
21
-3.3440732283464567
0
LINE
8
BLACK
6
CONTINUOUS
10
13.6330107086614163
20
-3.3440732283464567
11
13.6325200393700783
21
-3.3430542913385826
0
LINE
8
BLACK
6
CONTINUOUS
10
13.6325200393700783
20
-3.3430542913385826
11
13.6325099999999999
21
-3.3430291732283464
0
LINE
8
BLACK
6
CONTINUOUS
10
13.6325099999999999
20
-3.3430291732283464
11
13.6321537401574808
21
-3.3419219685039367
0
LINE
8
BLACK
6
CONTINUOUS
10
13.6321537401574808
20
-3.3419219685039367
11
13.6321474015748034
21
-3.3418966535433072
0
LINE
8
BLACK
6
CONTINUOUS
10
13.6321474015748034
20
-3.3418966535433072
11
13.6319179921259845
21
-3.3406248031496064
0
LINE
8
BLACK
6
CONTINUOUS
10
13.6319179921259845
20
-3.3406248031496064
11
13.6319151968503931
21
-3.3406007874015748
0
LINE
8
BLACK
6
CONTINUOUS
10
13.6319151968503931
20
-3.3406007874015748
11
13.631838464566929
21
-3.3392204330708659
0
LINE
8
BLACK
6
CONTINUOUS
10
13.631838464566929
20
-3.3392204330708659
11
13.6318388188976378
21
-3.3391932283464567
0
LINE
8
BLACK
6
CONTINUOUS
10
13.6318388188976378
20
-3.3391932283464567
11
13.6319684251968507
21
-3.3376281889763777
0
LINE
8
BLACK
6
CONTINUOUS
10
13.6319684251968507
20
-3.3376281889763777
11
13.6319730708661417
21
-3.3375989763779526
0
LINE
8
BLACK
6
CONTINUOUS
10
13.6319730708661417
20
-3.3375989763779526
11
13.6322499606299203
21
-3.3364324409448818
0
LINE
8
BLACK
6
CONTINUOUS
10
13.6322499606299203
20
-3.3364324409448818
11
13.6322576377952753
21
-3.3364075590551181
0
LINE
8
BLACK
6
CONTINUOUS
10
13.6322576377952753
20
-3.3364075590551181
11
13.6326801968503926
21
-3.335302992125984
0
LINE
8
BLACK
6
CONTINUOUS
10
13.6326801968503926
20
-3.335302992125984
11
13.6326910629921265
21
-3.3352794094488187
0
LINE
8
BLACK
6
CONTINUOUS
10
13.6326910629921265
20
-3.3352794094488187
11
13.6332688582677157
21
-3.3342155118110237
0
LINE
8
BLACK
6
CONTINUOUS
10
13.6332688582677157
20
-3.3342155118110237
11
13.6332825590551181
21
-3.3341938188976377
0
LINE
8
BLACK
6
CONTINUOUS
10
13.6332825590551181
20
-3.3341938188976377
11
13.6339977559055114
21
-3.3332085826771651
0
LINE
8
BLACK
6
CONTINUOUS
10
13.6339977559055114
20
-3.3332085826771651
11
13.6340137007874009
21
-3.3331892913385825
0
LINE
8
BLACK
6
CONTINUOUS
10
13.6340137007874009
20
-3.3331892913385825
11
13.6348813385826766
21
-3.3322674409448818
0
LINE
8
BLACK
6
CONTINUOUS
10
13.6348813385826766
20
-3.3322674409448818
11
13.6348990157480312
21
-3.3322508267716535
0
LINE
8
BLACK
6
CONTINUOUS
10
13.6348990157480312
20
-3.3322508267716535
11
13.6358934645669283
21
-3.3314260629921257
0
LINE
8
BLACK
6
CONTINUOUS
10
13.6358934645669283
20
-3.3314260629921257
11
13.6359122834645667
21
-3.3314122834645667
0
LINE
8
BLACK
6
CONTINUOUS
10
13.6359122834645667
20
-3.3314122834645667
11
13.6370444881889767
21
-3.3306805511811022
0
LINE
8
BLACK
6
CONTINUOUS
10
13.6370444881889767
20
-3.3306805511811022
11
13.637064015748031
21
-3.3306694488188975
0
LINE
8
BLACK
6
CONTINUOUS
10
13.637064015748031
20
-3.3306694488188975
11
13.638308661417323
21
-3.330053346456693
0
LINE
8
BLACK
6
CONTINUOUS
10
13.638308661417323
20
-3.330053346456693
11
13.6383284251968497
21
-3.3300448818897639
0
LINE
8
BLACK
6
CONTINUOUS
10
13.6383284251968497
20
-3.3300448818897639
11
13.6396833858267712
21
-3.3295497637795273
0
LINE
8
BLACK
6
CONTINUOUS
10
13.6396833858267712
20
-3.3295497637795273
11
13.6397031496062997
21
-3.3295437007874016
0
LINE
8
BLACK
6
CONTINUOUS
10
13.6397031496062997
20
-3.3295437007874016
11
13.6411525984251973
21
-3.3291809448818896
0
LINE
8
BLACK
6
CONTINUOUS
10
13.6411525984251973
20
-3.3291809448818896
11
13.641172047244094
21
-3.3291770866141732
0
LINE
8
BLACK
6
CONTINUOUS
10
13.641172047244094
20
-3.3291770866141732
11
13.6426978346456682
21
-3.3289551968503934
0
LINE
8
BLACK
6
CONTINUOUS
10
13.6426978346456682
20
-3.3289551968503934
11
13.6427168897637792
21
-3.3289533858267717
0
LINE
8
BLACK
6
CONTINUOUS
10
13.6427168897637792
20
-3.3289533858267717
11
13.644317204724409
21
-3.3288777559055118
0
LINE
8
BLACK
6
CONTINUOUS
10
13.644317204724409
20
-3.3288777559055118
11
13.6443314566929139
21
-3.3288775984251968
0
LINE
8
BLACK
6
CONTINUOUS
10
13.6443314566929139
20
-3.3288775984251968
11
13.6460095669291341
21
-3.3289200393700789
0
LINE
8
BLACK
6
CONTINUOUS
10
13.5165672440944871
20
-3.3625770866141731
11
13.5166104330708663
21
-3.3625866141732281
0
LINE
8
BLACK
6
CONTINUOUS
10
13.5166104330708663
20
-3.3625866141732281
11
13.517264212598425
21
-3.3628101574803151
0
LINE
8
BLACK
6
CONTINUOUS
10
13.517264212598425
20
-3.3628101574803151
11
13.5173059842519674
21
-3.3628301968503935
0
LINE
8
BLACK
6
CONTINUOUS
10
13.5173059842519674
20
-3.3628301968503935
11
13.5178744094488188
21
-3.3631908267716533
0
LINE
8
BLACK
6
CONTINUOUS
10
13.5178744094488188
20
-3.3631908267716533
11
13.5179243700787399
21
-3.3632362598425196
0
LINE
8
BLACK
6
CONTINUOUS
10
13.5179243700787399
20
-3.3632362598425196
11
13.5187494881889769
21
-3.3642981889763779
0
LINE
8
BLACK
6
CONTINUOUS
10
13.5187494881889769
20
-3.3642981889763779
11
13.518786338582677
21
-3.3643768503937008
0
LINE
8
BLACK
6
CONTINUOUS
10
13.518786338582677
20
-3.3643768503937008
11
13.5190750787401566
21
-3.3656951181102364
0
LINE
8
BLACK
6
CONTINUOUS
10
13.5190750787401566
20
-3.3656951181102364
11
13.5190785433070868
21
-3.3657580708661419
0
LINE
8
BLACK
6
CONTINUOUS
10
13.5190785433070868
20
-3.3657580708661419
11
13.5190033070866136
21
-3.3664645275590552
0
LINE
8
BLACK
6
CONTINUOUS
10
13.5190033070866136
20
-3.3664645275590552
11
13.5189940157480315
21
-3.3665068897637793
0
LINE
8
BLACK
6
CONTINUOUS
10
13.5189940157480315
20
-3.3665068897637793
11
13.5187720472440933
21
-3.3671620078740157
0
LINE
8
BLACK
6
CONTINUOUS
10
13.5187720472440933
20
-3.3671620078740157
11
13.5187529921259841
21
-3.3672023622047242
0
LINE
8
BLACK
6
CONTINUOUS
10
13.5187529921259841
20
-3.3672023622047242
11
13.5183996850393697
21
-3.3677735826771653
0
LINE
8
BLACK
6
CONTINUOUS
10
13.5183996850393697
20
-3.3677735826771653
11
13.5183549212598422
21
-3.3678240157480315
0
LINE
8
BLACK
6
CONTINUOUS
10
13.5183549212598422
20
-3.3678240157480315
11
13.5173367322834643
21
-3.3686351181102361
0
LINE
8
BLACK
6
CONTINUOUS
10
13.5173367322834643
20
-3.3686351181102361
11
13.517256377952755
21
-3.3686733858267717
0
LINE
8
BLACK
6
CONTINUOUS
10
13.517256377952755
20
-3.3686733858267717
11
13.5159489763779526
21
-3.3689608661417321
0
LINE
8
BLACK
6
CONTINUOUS
10
13.5159489763779526
20
-3.3689608661417321
11
13.5158862204724404
21
-3.3689644094488189
0
LINE
8
BLACK
6
CONTINUOUS
10
13.5158862204724404
20
-3.3689644094488189
11
13.5151850787401564
21
-3.3688911023622046
0
LINE
8
BLACK
6
CONTINUOUS
10
13.5151850787401564
20
-3.3688911023622046
11
13.5151425984251965
21
-3.3688818503937008
0
LINE
8
BLACK
6
CONTINUOUS
10
13.5151425984251965
20
-3.3688818503937008
11
13.5144860236220463
21
-3.368660275590551
0
LINE
8
BLACK
6
CONTINUOUS
10
13.5144860236220463
20
-3.368660275590551
11
13.5144449606299215
21
-3.3686408661417322
0
LINE
8
BLACK
6
CONTINUOUS
10
13.5144449606299215
20
-3.3686408661417322
11
13.5138772834645664
21
-3.3682876377952757
0
LINE
8
BLACK
6
CONTINUOUS
10
13.5138772834645664
20
-3.3682876377952757
11
13.5138264566929127
21
-3.3682420472440944
0
LINE
8
BLACK
6
CONTINUOUS
10
13.5138264566929127
20
-3.3682420472440944
11
13.5130104330708658
21
-3.367202244094488
0
LINE
8
BLACK
6
CONTINUOUS
10
13.5130104330708658
20
-3.367202244094488
11
13.5129787007874018
21
-3.3671434645669289
0
LINE
8
BLACK
6
CONTINUOUS
10
13.5129787007874018
20
-3.3671434645669289
11
13.5127634251968498
21
-3.3665033070866142
0
LINE
8
BLACK
6
CONTINUOUS
10
13.5127634251968498
20
-3.3665033070866142
11
13.512754251968504
21
-3.3664613385826772
0
LINE
8
BLACK
6
CONTINUOUS
10
13.512754251968504
20
-3.3664613385826772
11
13.5126795275590545
21
-3.3657580314960631
0
LINE
8
BLACK
6
CONTINUOUS
10
13.5126795275590545
20
-3.3657580314960631
11
13.5126797244094483
21
-3.3657145275590552
0
LINE
8
BLACK
6
CONTINUOUS
10
13.5126797244094483
20
-3.3657145275590552
11
13.5127642125984249
21
-3.3649868110236221
0
LINE
8
BLACK
6
CONTINUOUS
10
13.5127642125984249
20
-3.3649868110236221
11
13.5127744881889758
21
-3.3649429921259841
0
LINE
8
BLACK
6
CONTINUOUS
10
13.5127744881889758
20
-3.3649429921259841
11
13.5130063779527561
21
-3.3642975196850391
0
LINE
8
BLACK
6
CONTINUOUS
10
13.5130063779527561
20
-3.3642975196850391
11
13.5130260236220465
21
-3.3642576771653543
0
LINE
8
BLACK
6
CONTINUOUS
10
13.5130260236220465
20
-3.3642576771653543
11
13.5133910236220469
21
-3.3636893307086613
0
LINE
8
BLACK
6
CONTINUOUS
10
13.5133910236220469
20
-3.3636893307086613
11
13.513435708661417
21
-3.3636403937007873
0
LINE
8
BLACK
6
CONTINUOUS
10
13.513435708661417
20
-3.3636403937007873
11
13.5144690551181093
21
-3.3628357480314959
0
LINE
8
BLACK
6
CONTINUOUS
10
13.5144690551181093
20
-3.3628357480314959
11
13.5145483070866135
21
-3.3627986614173229
0
LINE
8
BLACK
6
CONTINUOUS
10
13.5145483070866135
20
-3.3627986614173229
11
13.5158649999999998
21
-3.3625134251968505
0
LINE
8
BLACK
6
CONTINUOUS
10
13.5158649999999998
20
-3.3625134251968505
11
13.5159272047244094
21
-3.3625100393700786
0
LINE
8
BLACK
6
CONTINUOUS
10
13.5159272047244094
20
-3.3625100393700786
11
13.5165672440944871
21
-3.3625770866141731
0
LINE
8
BLACK
6
CONTINUOUS
10
13.5029651574803147
20
-3.3293489370078739
11
13.5035124015748025
21
-3.3295290157480313
0
LINE
8
BLACK
6
CONTINUOUS
10
13.5035124015748025
20
-3.3295290157480313
11
13.5036083464566925
21
-3.3295978740157479
0
LINE
8
BLACK
6
CONTINUOUS
10
13.5036083464566925
20
-3.3295978740157479
11
13.5038146456692907
21
-3.3298729527559052
0
LINE
8
BLACK
6
CONTINUOUS
10
13.5038146456692907
20
-3.3298729527559052
11
13.5038503149606299
21
-3.3299531496062991
0
LINE
8
BLACK
6
CONTINUOUS
10
13.5038503149606299
20
-3.3299531496062991
11
13.5039237401574805
21
-3.3303273622047245
0
LINE
8
BLACK
6
CONTINUOUS
10
13.5039237401574805
20
-3.3303273622047245
11
13.5039274409448815
21
-3.3303652755905513
0
LINE
8
BLACK
6
CONTINUOUS
10
13.5039274409448815
20
-3.3303652755905513
11
13.5039274409448815
21
-3.3674801181102363
0
LINE
8
BLACK
6
CONTINUOUS
10
13.5039274409448815
20
-3.3674801181102363
11
13.5039176771653544
21
-3.3675413385826771
0
LINE
8
BLACK
6
CONTINUOUS
10
13.5039176771653544
20
-3.3675413385826771
11
13.5037386220472442
21
-3.3680885826771654
0
LINE
8
BLACK
6
CONTINUOUS
10
13.5037386220472442
20
-3.3680885826771654
11
13.5036698818897634
21
-3.36818468503937
0
LINE
8
BLACK
6
CONTINUOUS
10
13.5036698818897634
20
-3.36818468503937
11
13.5033957086614169
21
-3.3683909448818898
0
LINE
8
BLACK
6
CONTINUOUS
10
13.5033957086614169
20
-3.3683909448818898
11
13.5033153149606289
21
-3.3684267716535432
0
LINE
8
BLACK
6
CONTINUOUS
10
13.5033153149606289
20
-3.3684267716535432
11
13.5029415748031489
21
-3.3685002362204726
0
LINE
8
BLACK
6
CONTINUOUS
10
13.5029415748031489
20
-3.3685002362204726
11
13.5029036220472438
21
-3.368503937007874
0
LINE
8
BLACK
6
CONTINUOUS
10
13.5029036220472438
20
-3.368503937007874
11
13.5006438976377954
21
-3.368503937007874
0
LINE
8
BLACK
6
CONTINUOUS
10
13.5006438976377954
20
-3.368503937007874
11
13.500582283464567
21
-3.3684940551181102
0
LINE
8
BLACK
6
CONTINUOUS
10
13.500582283464567
20
-3.3684940551181102
11
13.5000340944881891
21
-3.3683133858267715
0
LINE
8
BLACK
6
CONTINUOUS
10
13.5000340944881891
20
-3.3683133858267715
11
13.4999382677165354
21
-3.3682446062992124
0
LINE
8
BLACK
6
CONTINUOUS
10
13.4999382677165354
20
-3.3682446062992124
11
13.499732795275591
21
-3.3679708661417322
0
LINE
8
BLACK
6
CONTINUOUS
10
13.499732795275591
20
-3.3679708661417322
11
13.499697086614173
21
-3.3678906692913384
0
LINE
8
BLACK
6
CONTINUOUS
10
13.499697086614173
20
-3.3678906692913384
11
13.4996237795275587
21
-3.3675181102362206
0
LINE
8
BLACK
6
CONTINUOUS
10
13.4996237795275587
20
-3.3675181102362206
11
13.4996200787401577
21
-3.3674801181102363
0
LINE
8
BLACK
6
CONTINUOUS
10
13.4996200787401577
20
-3.3674801181102363
11
13.4996200787401577
21
-3.3343403543307084
0
LINE
8
BLACK
6
CONTINUOUS
10
13.4996200787401577
20
-3.3343403543307084
11
13.4910106299212593
21
-3.3374426377952755
0
LINE
8
BLACK
6
CONTINUOUS
10
13.4910106299212593
20
-3.3374426377952755
11
13.4909544881889758
21
-3.3374540157480315
0
LINE
8
BLACK
6
CONTINUOUS
10
13.4909544881889758
20
-3.3374540157480315
11
13.4903860629921262
21
-3.3374846062992125
0
LINE
8
BLACK
6
CONTINUOUS
10
13.4903860629921262
20
-3.3374846062992125
11
13.4902697637795281
21
-3.337454094488189
0
LINE
8
BLACK
6
CONTINUOUS
10
13.4902697637795281
20
-3.337454094488189
11
13.4899837007874019
21
-3.3372719685039369
0
LINE
8
BLACK
6
CONTINUOUS
10
13.4899837007874019
20
-3.3372719685039369
11
13.4899179133858258
21
-3.3372025196850394
0
LINE
8
BLACK
6
CONTINUOUS
10
13.4899179133858258
20
-3.3372025196850394
11
13.4897242913385824
21
-3.3368588582677163
0
LINE
8
BLACK
6
CONTINUOUS
10
13.4897242913385824
20
-3.3368588582677163
11
13.4897116929133851
21
-3.3368320078740155
0
LINE
8
BLACK
6
CONTINUOUS
10
13.4897116929133851
20
-3.3368320078740155
11
13.4891058661417311
21
-3.3352333464566928
0
LINE
8
BLACK
6
CONTINUOUS
10
13.4891058661417311
20
-3.3352333464566928
11
13.4890934251968506
21
-3.3351744488188975
0
LINE
8
BLACK
6
CONTINUOUS
10
13.4890934251968506
20
-3.3351744488188975
11
13.4890621259842511
21
-3.3346074409448816
0
LINE
8
BLACK
6
CONTINUOUS
10
13.4890621259842511
20
-3.3346074409448816
11
13.489092401574803
21
-3.3344911811023623
0
LINE
8
BLACK
6
CONTINUOUS
10
13.489092401574803
20
-3.3344911811023623
11
13.4892742913385817
21
-3.3342041732283465
0
LINE
8
BLACK
6
CONTINUOUS
10
13.4892742913385817
20
-3.3342041732283465
11
13.4893439370078738
21
-3.3341380314960629
0
LINE
8
BLACK
6
CONTINUOUS
10
13.4893439370078738
20
-3.3341380314960629
11
13.4896885826771644
21
-3.3339439370078741
0
LINE
8
BLACK
6
CONTINUOUS
10
13.4896885826771644
20
-3.3339439370078741
11
13.4897122047244089
21
-3.3339326771653544
0
LINE
8
BLACK
6
CONTINUOUS
10
13.4897122047244089
20
-3.3339326771653544
11
13.500626181102362
21
-3.3295742913385826
0
LINE
8
BLACK
6
CONTINUOUS
10
13.500626181102362
20
-3.3295742913385826
11
13.500658543307086
21
-3.3295644881889763
0
LINE
8
BLACK
6
CONTINUOUS
10
13.500658543307086
20
-3.3295644881889763
11
13.5017066929133858
21
-3.3293433070866141
0
LINE
8
BLACK
6
CONTINUOUS
10
13.5017066929133858
20
-3.3293433070866141
11
13.5017473228346461
21
-3.3293390551181101
0
LINE
8
BLACK
6
CONTINUOUS
10
13.5017473228346461
20
-3.3293390551181101
11
13.5029036220472438
21
-3.3293390551181101
0
LINE
8
BLACK
6
CONTINUOUS
10
13.5029036220472438
20
-3.3293390551181101
11
13.5029651574803147
21
-3.3293489370078739
0
LINE
8
BLACK
6
CONTINUOUS
10
13.5469099606299217
20
-3.3293490157480314
11
13.5474581496062996
21
-3.3295304724409447
0
LINE
8
BLACK
6
CONTINUOUS
10
13.5474581496062996
20
-3.3295304724409447
11
13.5475537795275596
21
-3.3295992519685038
0
LINE
8
BLACK
6
CONTINUOUS
10
13.5475537795275596
20
-3.3295992519685038
11
13.5477592519685039
21
-3.3298732677165352
0
LINE
8
BLACK
6
CONTINUOUS
10
13.5477592519685039
20
-3.3298732677165352
11
13.5477948818897627
21
-3.3299532677165353
0
LINE
8
BLACK
6
CONTINUOUS
10
13.5477948818897627
20
-3.3299532677165353
11
13.547868188976377
21
-3.3303247637795277
0
LINE
8
BLACK
6
CONTINUOUS
10
13.547868188976377
20
-3.3303247637795277
11
13.5478719291338585
21
-3.3303628740157478
0
LINE
8
BLACK
6
CONTINUOUS
10
13.5478719291338585
20
-3.3303628740157478
11
13.5478719291338585
21
-3.3311345669291339
0
LINE
8
BLACK
6
CONTINUOUS
10
13.5478719291338585
20
-3.3311345669291339
11
13.5478676771653532
21
-3.3311751968503938
0
LINE
8
BLACK
6
CONTINUOUS
10
13.5478676771653532
20
-3.3311751968503938
11
13.5476464960629919
21
-3.3322233070866143
0
LINE
8
BLACK
6
CONTINUOUS
10
13.5476464960629919
20
-3.3322233070866143
11
13.5476336220472433
21
-3.3322629921259841
0
LINE
8
BLACK
6
CONTINUOUS
10
13.5476336220472433
20
-3.3322629921259841
11
13.5317602362204727
21
-3.3677815748031494
0
LINE
8
BLACK
6
CONTINUOUS
10
13.5317602362204727
20
-3.3677815748031494
11
13.5317554724409455
21
-3.367791496062992
0
LINE
8
BLACK
6
CONTINUOUS
10
13.5317554724409455
20
-3.367791496062992
11
13.5316312992125987
21
-3.3680322440944881
0
LINE
8
BLACK
6
CONTINUOUS
10
13.5316312992125987
20
-3.3680322440944881
11
13.5315808267716537
21
-3.3680944881889765
0
LINE
8
BLACK
6
CONTINUOUS
10
13.5315808267716537
20
-3.3680944881889765
11
13.5312367322834639
21
-3.3683754330708662
0
LINE
8
BLACK
6
CONTINUOUS
10
13.5312367322834639
20
-3.3683754330708662
11
13.5311469685039363
21
-3.3684167322834644
0
LINE
8
BLACK
6
CONTINUOUS
10
13.5311469685039363
20
-3.3684167322834644
11
13.5306777165354326
21
-3.3685008661417322
0
LINE
8
BLACK
6
CONTINUOUS
10
13.5306777165354326
20
-3.3685008661417322
11
13.5306429921259834
21
-3.368503937007874
0
LINE
8
BLACK
6
CONTINUOUS
10
13.5306429921259834
20
-3.368503937007874
11
13.5281092125984248
21
-3.368503937007874
0
LINE
8
BLACK
6
CONTINUOUS
10
13.5281092125984248
20
-3.368503937007874
11
13.5281014173228336
21
-3.368503779527559
0
LINE
8
BLACK
6
CONTINUOUS
10
13.5281014173228336
20
-3.368503779527559
11
13.5279942125984256
21
-3.368499527559055
0
LINE
8
BLACK
6
CONTINUOUS
10
13.5279942125984256
20
-3.368499527559055
11
13.5279142125984251
21
-3.3684790157480315
0
LINE
8
BLACK
6
CONTINUOUS
10
13.5279142125984251
20
-3.3684790157480315
11
13.5273872834645665
21
-3.3682164960629919
0
LINE
8
BLACK
6
CONTINUOUS
10
13.5273872834645665
20
-3.3682164960629919
11
13.5272884251968506
21
-3.3681028346456694
0
LINE
8
BLACK
6
CONTINUOUS
10
13.5272884251968506
20
-3.3681028346456694
11
13.5272844094488178
21
-3.3680892913385825
0
LINE
8
BLACK
6
CONTINUOUS
10
13.5272844094488178
20
-3.3680892913385825
11
13.5272041732283466
21
-3.3677768503937009
0
LINE
8
BLACK
6
CONTINUOUS
10
13.5272041732283466
20
-3.3677768503937009
11
13.5272042519685041
21
-3.3676786614173229
0
LINE
8
BLACK
6
CONTINUOUS
10
13.5272042519685041
20
-3.3676786614173229
11
13.5273103937007875
21
-3.3672674015748032
0
LINE
8
BLACK
6
CONTINUOUS
10
13.5273103937007875
20
-3.3672674015748032
11
13.5273214566929134
21
-3.3672359055118108
0
LINE
8
BLACK
6
CONTINUOUS
10
13.5273214566929134
20
-3.3672359055118108
11
13.5425195669291334
21
-3.3334276771653544
0
LINE
8
BLACK
6
CONTINUOUS
10
13.5425195669291334
20
-3.3334276771653544
11
13.5225416141732282
21
-3.3334276771653544
0
LINE
8
BLACK
6
CONTINUOUS
10
13.5225416141732282
20
-3.3334276771653544
11
13.5224797637795273
21
-3.3334177165354331
0
LINE
8
BLACK
6
CONTINUOUS
10
13.5224797637795273
20
-3.3334177165354331
11
13.5219315748031494
21
-3.3332362598425198
0
LINE
8
BLACK
6
CONTINUOUS
10
13.5219315748031494
20
-3.3332362598425198
11
13.5218359448818894
21
-3.3331674803149607
0
LINE
8
BLACK
6
CONTINUOUS
10
13.5218359448818894
20
-3.3331674803149607
11
13.5216304724409451
21
-3.3328934645669293
0
LINE
8
BLACK
6
CONTINUOUS
10
13.5216304724409451
20
-3.3328934645669293
11
13.5215948425196846
21
-3.3328134645669292
0
LINE
8
BLACK
6
CONTINUOUS
10
13.5215948425196846
20
-3.3328134645669292
11
13.5215215354330702
21
-3.3324419685039368
0
LINE
8
BLACK
6
CONTINUOUS
10
13.5215215354330702
20
-3.3324419685039368
11
13.5215177952755905
21
-3.3324038582677167
0
LINE
8
BLACK
6
CONTINUOUS
10
13.5215177952755905
20
-3.3324038582677167
11
13.5215177952755905
21
-3.3303628740157478
0
LINE
8
BLACK
6
CONTINUOUS
10
13.5215177952755905
20
-3.3303628740157478
11
13.5215277559055114
21
-3.3303010236220474
0
LINE
8
BLACK
6
CONTINUOUS
10
13.5215277559055114
20
-3.3303010236220474
11
13.5217092125984255
21
-3.3297528346456691
0
LINE
8
BLACK
6
CONTINUOUS
10
13.5217092125984255
20
-3.3297528346456691
11
13.5217779921259833
21
-3.3296572047244095
0
LINE
8
BLACK
6
CONTINUOUS
10
13.5217779921259833
20
-3.3296572047244095
11
13.5220520078740147
21
-3.3294517322834647
0
LINE
8
BLACK
6
CONTINUOUS
10
13.5220520078740147
20
-3.3294517322834647
11
13.5221320078740153
21
-3.3294161023622046
0
LINE
8
BLACK
6
CONTINUOUS
10
13.5221320078740153
20
-3.3294161023622046
11
13.5225035039370081
21
-3.3293427952755903
0
LINE
8
BLACK
6
CONTINUOUS
10
13.5225035039370081
20
-3.3293427952755903
11
13.5225416141732282
21
-3.3293390551181101
0
LINE
8
BLACK
6
CONTINUOUS
10
13.5225416141732282
20
-3.3293390551181101
11
13.5468481102362208
21
-3.3293390551181101
0
LINE
8
BLACK
6
CONTINUOUS
10
13.5468481102362208
20
-3.3293390551181101
11
13.5469099606299217
21
-3.3293490157480314
0
LINE
8
BLACK
6
CONTINUOUS
10
13.6104550393700787
20
-3.3293394488188977
11
13.6141531102362201
21
-3.3295733070866143
0
LINE
8
BLACK
6
CONTINUOUS
10
13.6141531102362201
20
-3.3295733070866143
11
13.6141835826771658
21
-3.3295776377952757
0
LINE
8
BLACK
6
CONTINUOUS
10
13.6141835826771658
20
-3.3295776377952757
11
13.6173761023622042
21
-3.330290590551181
0
LINE
8
BLACK
6
CONTINUOUS
10
13.6173761023622042
20
-3.330290590551181
11
13.617413464566928
21
-3.3303029921259841
0
LINE
8
BLACK
6
CONTINUOUS
10
13.617413464566928
20
-3.3303029921259841
11
13.6198979527559061
21
-3.3314127559055118
0
LINE
8
BLACK
6
CONTINUOUS
10
13.6198979527559061
20
-3.3314127559055118
11
13.6199283070866137
21
-3.3314296456692913
0
LINE
8
BLACK
6
CONTINUOUS
10
13.6199283070866137
20
-3.3314296456692913
11
13.6209440551181107
21
-3.3321198818897635
0
LINE
8
BLACK
6
CONTINUOUS
10
13.6209440551181107
20
-3.3321198818897635
11
13.6209639370078737
21
-3.3321353543307084
0
LINE
8
BLACK
6
CONTINUOUS
10
13.6209639370078737
20
-3.3321353543307084
11
13.621842047244094
21
-3.3329128740157481
0
LINE
8
BLACK
6
CONTINUOUS
10
13.621842047244094
20
-3.3329128740157481
11
13.6218606299212599
21
-3.3329316929133856
0
LINE
8
BLACK
6
CONTINUOUS
10
13.6218606299212599
20
-3.3329316929133856
11
13.6226178346456681
21
-3.3338100787401572
0
LINE
8
BLACK
6
CONTINUOUS
10
13.6226178346456681
20
-3.3338100787401572
11
13.6226340551181107
21
-3.3338317322834645
0
LINE
8
BLACK
6
CONTINUOUS
10
13.6226340551181107
20
-3.3338317322834645
11
13.6232545275590553
21
-3.3347914566929133
0
LINE
8
BLACK
6
CONTINUOUS
10
13.6232545275590553
20
-3.3347914566929133
11
13.6232676771653534
21
-3.3348152362204724
0
LINE
8
BLACK
6
CONTINUOUS
10
13.6232676771653534
20
-3.3348152362204724
11
13.6237768503936998
21
-3.3359085826771651
0
LINE
8
BLACK
6
CONTINUOUS
10
13.6237768503936998
20
-3.3359085826771651
11
13.6237863385826774
21
-3.3359331889763779
0
LINE
8
BLACK
6
CONTINUOUS
10
13.6237863385826774
20
-3.3359331889763779
11
13.6241512992125973
21
-3.3371058267716536
0
LINE
8
BLACK
6
CONTINUOUS
10
13.6241512992125973
20
-3.3371058267716536
11
13.6241572440944871
21
-3.3371303149606297
0
LINE
8
BLACK
6
CONTINUOUS
10
13.6241572440944871
20
-3.3371303149606297
11
13.6243935826771647
21
-3.3384777165354329
0
LINE
8
BLACK
6
CONTINUOUS
10
13.6243935826771647
20
-3.3384777165354329
11
13.6243962598425199
21
-3.3385010236220474
0
LINE
8
BLACK
6
CONTINUOUS
10
13.6243962598425199
20
-3.3385010236220474
11
13.6244739763779528
21
-3.3399271653543305
0
LINE
8
BLACK
6
CONTINUOUS
10
13.6244739763779528
20
-3.3399271653543305
11
13.6244739763779528
21
-3.3399479133858265
0
LINE
8
BLACK
6
CONTINUOUS
10
13.6244739763779528
20
-3.3399479133858265
11
13.6244259448818887
21
-3.3408875196850394
0
LINE
8
BLACK
6
CONTINUOUS
10
13.6244259448818887
20
-3.3408875196850394
11
13.6244233858267716
21
-3.3409108267716534
0
LINE
8
BLACK
6
CONTINUOUS
10
13.6244233858267716
20
-3.3409108267716534
11
13.6242180314960635
21
-3.3421054724409447
0
LINE
8
BLACK
6
CONTINUOUS
10
13.6242180314960635
20
-3.3421054724409447
11
13.6242118110236223
21
-3.3421311417322834
0
LINE
8
BLACK
6
CONTINUOUS
10
13.6242118110236223
20
-3.3421311417322834
11
13.6238563385826765
21
-3.3432626377952754
0
LINE
8
BLACK
6
CONTINUOUS
10
13.6238563385826765
20
-3.3432626377952754
11
13.6238468110236219
21
-3.343287125984252
0
LINE
8
BLACK
6
CONTINUOUS
10
13.6238468110236219
20
-3.343287125984252
11
13.6233270472440946
21
-3.3443967716535434
0
LINE
8
BLACK
6
CONTINUOUS
10
13.6233270472440946
20
-3.3443967716535434
11
13.6233145275590548
21
-3.3444194881889762
0
LINE
8
BLACK
6
CONTINUOUS
10
13.6233145275590548
20
-3.3444194881889762
11
13.6226577165354321
21
-3.3454444881889764
0
LINE
8
BLACK
6
CONTINUOUS
10
13.6226577165354321
20
-3.3454444881889764
11
13.6226427165354327
21
-3.3454648818897637
0
LINE
8
BLACK
6
CONTINUOUS
10
13.6226427165354327
20
-3.3454648818897637
11
13.6218336220472445
21
-3.3464282283464568
0
LINE
8
BLACK
6
CONTINUOUS
10
13.6218336220472445
20
-3.3464282283464568
11
13.6218165354330711
21
-3.3464461417322835
0
LINE
8
BLACK
6
CONTINUOUS
10
13.6218165354330711
20
-3.3464461417322835
11
13.6208914173228344
21
-3.3473015748031494
0
LINE
8
BLACK
6
CONTINUOUS
10
13.6208914173228344
20
-3.3473015748031494
11
13.6208727165354322
21
-3.3473168503937005
0
LINE
8
BLACK
6
CONTINUOUS
10
13.6208727165354322
20
-3.3473168503937005
11
13.6198365748031485
21
-3.3480623622047245
0
LINE
8
BLACK
6
CONTINUOUS
10
13.6198365748031485
20
-3.3480623622047245
11
13.6198164960629917
21
-3.3480750393700784
0
LINE
8
BLACK
6
CONTINUOUS
10
13.6198164960629917
20
-3.3480750393700784
11
13.6190380708661412
21
-3.3485032677165352
0
LINE
8
BLACK
6
CONTINUOUS
10
13.6190380708661412
20
-3.3485032677165352
11
13.6209311417322834
21
-3.3493637401574801
0
LINE
8
BLACK
6
CONTINUOUS
10
13.6209311417322834
20
-3.3493637401574801
11
13.6209607874015752
21
-3.3493804724409446
0
LINE
8
BLACK
6
CONTINUOUS
10
13.6209607874015752
20
-3.3493804724409446
11
13.6219988582677161
21
-3.3500903149606298
0
LINE
8
BLACK
6
CONTINUOUS
10
13.6219988582677161
20
-3.3500903149606298
11
13.6220180314960633
21
-3.3501052362204722
0
LINE
8
BLACK
6
CONTINUOUS
10
13.6220180314960633
20
-3.3501052362204722
11
13.6229375196850384
21
-3.3509171259842518
0
LINE
8
BLACK
6
CONTINUOUS
10
13.6229375196850384
20
-3.3509171259842518
11
13.6229630708661418
21
-3.350944409448819
0
LINE
8
BLACK
6
CONTINUOUS
10
13.6229630708661418
20
-3.350944409448819
11
13.6244060629921258
21
-3.352813661417323
0
LINE
8
BLACK
6
CONTINUOUS
10
13.6244060629921258
20
-3.352813661417323
11
13.6244318110236211
21
-3.3528579527559055
0
LINE
8
BLACK
6
CONTINUOUS
10
13.6244318110236211
20
-3.3528579527559055
11
13.6253159842519675
21
-3.3549709842519686
0
LINE
8
BLACK
6
CONTINUOUS
10
13.6253159842519675
20
-3.3549709842519686
11
13.6253295669291337
21
-3.3550211811023622
0
LINE
8
BLACK
6
CONTINUOUS
10
13.6253295669291337
20
-3.3550211811023622
11
13.6256288976377942
21
-3.3572879527559056
0
LINE
8
BLACK
6
CONTINUOUS
10
13.6256288976377942
20
-3.3572879527559056
11
13.625629566929133
21
-3.3573336220472441
0
LINE
8
BLACK
6
CONTINUOUS
10
13.625629566929133
20
-3.3573336220472441
11
13.6253593307086618
21
-3.3599944488188975
0
LINE
8
BLACK
6
CONTINUOUS
10
13.6253593307086618
20
-3.3599944488188975
11
13.6253496850393692
21
-3.3600384645669292
0
LINE
8
BLACK
6
CONTINUOUS
10
13.6253496850393692
20
-3.3600384645669292
11
13.6245507480314956
21
-3.3623664960629922
0
LINE
8
BLACK
6
CONTINUOUS
10
13.6245507480314956
20
-3.3623664960629922
11
13.6245353543307086
21
-3.3624004724409446
0
LINE
8
BLACK
6
CONTINUOUS
10
13.6245353543307086
20
-3.3624004724409446
11
13.6239446456692903
21
-3.363431220472441
0
LINE
8
BLACK
6
CONTINUOUS
10
13.6239446456692903
20
-3.363431220472441
11
13.6239305118110234
21
-3.3634525590551179
0
LINE
8
BLACK
6
CONTINUOUS
10
13.6239305118110234
20
-3.3634525590551179
11
13.6232139370078738
21
-3.3643941338582675
0
LINE
8
BLACK
6
CONTINUOUS
10
13.6232139370078738
20
-3.3643941338582675
11
13.6231970472440942
21
-3.3644135433070868
0
LINE
8
BLACK
6
CONTINUOUS
10
13.6231970472440942
20
-3.3644135433070868
11
13.6223394488188969
21
-3.3652784251968502
0
LINE
8
BLACK
6
CONTINUOUS
10
13.6223394488188969
20
-3.3652784251968502
11
13.6223206299212602
21
-3.365295118110236
0
LINE
8
BLACK
6
CONTINUOUS
10
13.6223206299212602
20
-3.365295118110236
11
13.6213361023622053
21
-3.3660618897637793
0
LINE
8
BLACK
6
CONTINUOUS
10
13.6213361023622053
20
-3.3660618897637793
11
13.6213161023622042
21
-3.3660755905511812
0
LINE
8
BLACK
6
CONTINUOUS
10
13.6213161023622042
20
-3.3660755905511812
11
13.6201631496062987
21
-3.3667641732283462
0
LINE
8
BLACK
6
CONTINUOUS
10
13.6201631496062987
20
-3.3667641732283462
11
13.6201428346456694
21
-3.3667747244094488
0
LINE
8
BLACK
6
CONTINUOUS
10
13.6201428346456694
20
-3.3667747244094488
11
13.6188575196850383
21
-3.3673517322834643
0
LINE
8
BLACK
6
CONTINUOUS
10
13.6188575196850383
20
-3.3673517322834643
11
13.6188375590551178
21
-3.3673594488188976
0
LINE
8
BLACK
6
CONTINUOUS
10
13.6188375590551178
20
-3.3673594488188976
11
13.617353070866141
21
-3.3678403937007872
0
LINE
8
BLACK
6
CONTINUOUS
10
13.617353070866141
20
-3.3678403937007872
11
13.6173340551181106
21
-3.3678455118110238
0
LINE
8
BLACK
6
CONTINUOUS
10
13.6173340551181106
20
-3.3678455118110238
11
13.6157092913385824
21
-3.3681972440944881
0
LINE
8
BLACK
6
CONTINUOUS
10
13.6157092913385824
20
-3.3681972440944881
11
13.6156914960629916
21
-3.3682002362204724
0
LINE
8
BLACK
6
CONTINUOUS
10
13.6156914960629916
20
-3.3682002362204724
11
13.6138419291338586
21
-3.3684262204724407
0
LINE
8
BLACK
6
CONTINUOUS
10
13.6138419291338586
20
-3.3684262204724407
11
13.6138255905511816
21
-3.3684275196850395
0
LINE
8
BLACK
6
CONTINUOUS
10
13.6138255905511816
20
-3.3684275196850395
11
13.6118275984251973
21
-3.368503779527559
0
LINE
8
BLACK
6
CONTINUOUS
10
13.6118275984251973
20
-3.368503779527559
11
13.6118200787401573
21
-3.368503937007874
0
LINE
8
BLACK
6
CONTINUOUS
10
13.6118200787401573
20
-3.368503937007874
11
13.598701614173228
21
-3.368503937007874
0
LINE
8
BLACK
6
CONTINUOUS
10
13.598701614173228
20
-3.368503937007874
11
13.5986400393700784
21
-3.3684940551181102
0
LINE
8
BLACK
6
CONTINUOUS
10
13.5986400393700784
20
-3.3684940551181102
11
13.5980918897637792
21
-3.3683135826771653
0
LINE
8
BLACK
6
CONTINUOUS
10
13.5980918897637792
20
-3.3683135826771653
11
13.5979961811023617
21
-3.3682449999999999
0
LINE
8
BLACK
6
CONTINUOUS
10
13.5979961811023617
20
-3.3682449999999999
11
13.5977907086614174
21
-3.3679719685039369
0
LINE
8
BLACK
6
CONTINUOUS
10
13.5977907086614174
20
-3.3679719685039369
11
13.5977548818897631
21
-3.3678917322834643
0
LINE
8
BLACK
6
CONTINUOUS
10
13.5977548818897631
20
-3.3678917322834643
11
13.5976815748031488
21
-3.3675206692913386
0
LINE
8
BLACK
6
CONTINUOUS
10
13.5976815748031488
20
-3.3675206692913386
11
13.597677834645669
21
-3.3674825196850393
0
LINE
8
BLACK
6
CONTINUOUS
10
13.597677834645669
20
-3.3674825196850393
11
13.597677834645669
21
-3.3645835826771653
0
LINE
8
BLACK
6
CONTINUOUS
10
13.597677834645669
20
-3.3645835826771653
11
13.6019851574803141
21
-3.3645835826771653
0
LINE
8
BLACK
6
CONTINUOUS
10
13.6019851574803141
20
-3.3645835826771653
11
13.6116454724409444
21
-3.3645835826771653
0
LINE
8
BLACK
6
CONTINUOUS
10
13.6116454724409444
20
-3.3645835826771653
11
13.6145629527559056
21
-3.364326929133858
0
LINE
8
BLACK
6
CONTINUOUS
10
13.6145629527559056
20
-3.364326929133858
11
13.6169594881889768
21
-3.3635996850393699
0
LINE
8
BLACK
6
CONTINUOUS
10
13.6169594881889768
20
-3.3635996850393699
11
13.6187855511811016
21
-3.3624935039370079
0
LINE
8
BLACK
6
CONTINUOUS
10
13.6187855511811016
20
-3.3624935039370079
11
13.6201015748031491
21
-3.3610482677165354
0
LINE
8
BLACK
6
CONTINUOUS
10
13.6201015748031491
20
-3.3610482677165354
11
13.6205720866141728
21
-3.3602046850393701
0
LINE
8
BLACK
6
CONTINUOUS
10
13.6205720866141728
20
-3.3602046850393701
11
13.6209188188976373
21
-3.3592711417322834
0
LINE
8
BLACK
6
CONTINUOUS
10
13.6209188188976373
20
-3.3592711417322834
11
13.6211378740157478
21
-3.3582255118110234
0
LINE
8
BLACK
6
CONTINUOUS
10
13.6211378740157478
20
-3.3582255118110234
11
13.6212119685039372
21
-3.3570983858267716
0
LINE
8
BLACK
6
CONTINUOUS
10
13.6212119685039372
20
-3.3570983858267716
11
13.6210937401574803
21
-3.3559186614173226
0
LINE
8
BLACK
6
CONTINUOUS
10
13.6210937401574803
20
-3.3559186614173226
11
13.620462952755906
21
-3.3542517322834646
0
LINE
8
BLACK
6
CONTINUOUS
10
13.620462952755906
20
-3.3542517322834646
11
13.6199586220472444
21
-3.3535194094488188
0
LINE
8
BLACK
6
CONTINUOUS
10
13.6199586220472444
20
-3.3535194094488188
11
13.6193094094488192
21
-3.3528386220472441
0
LINE
8
BLACK
6
CONTINUOUS
10
13.6193094094488192
20
-3.3528386220472441
11
13.6185192125984251
21
-3.3522305905511809
0
LINE
8
BLACK
6
CONTINUOUS
10
13.6185192125984251
20
-3.3522305905511809
11
13.6175795275590552
21
-3.3517032677165353
0
LINE
8
BLACK
6
CONTINUOUS
10
13.6175795275590552
20
-3.3517032677165353
11
13.6164729921259831
21
-3.3512648031496064
0
LINE
8
BLACK
6
CONTINUOUS
10
13.6164729921259831
20
-3.3512648031496064
11
13.6152035826771645
21
-3.3509340551181102
0
LINE
8
BLACK
6
CONTINUOUS
10
13.6152035826771645
20
-3.3509340551181102
11
13.6137390944881886
21
-3.3507213779527558
0
LINE
8
BLACK
6
CONTINUOUS
10
13.6137390944881886
20
-3.3507213779527558
11
13.6120920472440936
21
-3.3506472834645669
0
LINE
8
BLACK
6
CONTINUOUS
10
13.6120920472440936
20
-3.3506472834645669
11
13.6019851574803141
21
-3.3506472834645669
0
LINE
8
BLACK
6
CONTINUOUS
10
13.6019851574803141
20
-3.3506472834645669
11
13.6019851574803141
21
-3.3645835826771653
0
LINE
8
BLACK
6
CONTINUOUS
10
13.6019851574803141
20
-3.3645835826771653
11
13.597677834645669
21
-3.3645835826771653
0
LINE
8
BLACK
6
CONTINUOUS
10
13.597677834645669
20
-3.3645835826771653
11
13.597677834645669
21
-3.3467245275590551
0
LINE
8
BLACK
6
CONTINUOUS
10
13.597677834645669
20
-3.3467245275590551
11
13.6019851574803141
21
-3.3467245275590551
0
LINE
8
BLACK
6
CONTINUOUS
10
13.6019851574803141
20
-3.3467245275590551
11
13.6120915354330698
21
-3.3467245275590551
0
LINE
8
BLACK
6
CONTINUOUS
10
13.6120915354330698
20
-3.3467245275590551
11
13.6133775196850397
21
-3.3466643700787402
0
LINE
8
BLACK
6
CONTINUOUS
10
13.6133775196850397
20
-3.3466643700787402
11
13.6157586220472435
21
-3.3461609055118111
0
LINE
8
BLACK
6
CONTINUOUS
10
13.6157586220472435
20
-3.3461609055118111
11
13.6175807086614178
21
-3.345237834645669
0
LINE
8
BLACK
6
CONTINUOUS
10
13.6175807086614178
20
-3.345237834645669
11
13.6188954330708665
21
-3.3439582283464566
0
LINE
8
BLACK
6
CONTINUOUS
10
13.6188954330708665
20
-3.3439582283464566
11
13.6193633858267713
21
-3.3432003543307087
0
LINE
8
BLACK
6
CONTINUOUS
10
13.6193633858267713
20
-3.3432003543307087
11
13.6197089370078732
21
-3.3423546850393699
0
LINE
8
BLACK
6
CONTINUOUS
10
13.6197089370078732
20
-3.3423546850393699
11
13.6199265748031486
21
-3.3414076377952755
0
LINE
8
BLACK
6
CONTINUOUS
10
13.6199265748031486
20
-3.3414076377952755
11
13.6200002755905505
21
-3.3403855118110237
0
LINE
8
BLACK
6
CONTINUOUS
10
13.6200002755905505
20
-3.3403855118110237
11
13.6198237795275592
21
-3.3386579133858265
0
LINE
8
BLACK
6
CONTINUOUS
10
13.6198237795275592
20
-3.3386579133858265
11
13.6191579133858269
21
-3.336893503937008
0
LINE
8
BLACK
6
CONTINUOUS
10
13.6191579133858269
20
-3.336893503937008
11
13.6186478740157479
21
-3.3361449212598426
0
LINE
8
BLACK
6
CONTINUOUS
10
13.6186478740157479
20
-3.3361449212598426
11
13.6180052362204727
21
-3.335468149606299
0
LINE
8
BLACK
6
CONTINUOUS
10
13.6180052362204727
20
-3.335468149606299
11
13.6172045275590552
21
-3.3348561417322835
0
LINE
8
BLACK
6
CONTINUOUS
10
13.6172045275590552
20
-3.3348561417322835
11
13.6162583464566929
21
-3.3343350393700786
0
LINE
8
BLACK
6
CONTINUOUS
10
13.6162583464566929
20
-3.3343350393700786
11
13.6150954330708664
21
-3.3338889763779527
0
LINE
8
BLACK
6
CONTINUOUS
10
13.6150954330708664
20
-3.3338889763779527
11
13.6137618110236218
21
-3.3335573228346456
0
LINE
8
BLACK
6
CONTINUOUS
10
13.6137618110236218
20
-3.3335573228346456
11
13.6121477559055108
21
-3.3333370472440946
0
LINE
8
BLACK
6
CONTINUOUS
10
13.6121477559055108
20
-3.3333370472440946
11
13.6103276771653547
21
-3.3332617716535431
0
LINE
8
BLACK
6
CONTINUOUS
10
13.6103276771653547
20
-3.3332617716535431
11
13.6019851574803141
21
-3.3332617716535431
0
LINE
8
BLACK
6
CONTINUOUS
10
13.6019851574803141
20
-3.3332617716535431
11
13.6019851574803141
21
-3.3467245275590551
0
LINE
8
BLACK
6
CONTINUOUS
10
13.6019851574803141
20
-3.3467245275590551
11
13.597677834645669
21
-3.3467245275590551
0
LINE
8
BLACK
6
CONTINUOUS
10
13.597677834645669
20
-3.3467245275590551
11
13.597677834645669
21
-3.3303628740157478
0
LINE
8
BLACK
6
CONTINUOUS
10
13.597677834645669
20
-3.3303628740157478
11
13.5976877952755899
21
-3.3303010236220474
0
LINE
8
BLACK
6
CONTINUOUS
10
13.5976877952755899
20
-3.3303010236220474
11
13.5978692125984253
21
-3.3297528346456691
0
LINE
8
BLACK
6
CONTINUOUS
10
13.5978692125984253
20
-3.3297528346456691
11
13.5979379921259831
21
-3.3296572047244095
0
LINE
8
BLACK
6
CONTINUOUS
10
13.5979379921259831
20
-3.3296572047244095
11
13.5982120078740163
21
-3.3294517322834647
0
LINE
8
BLACK
6
CONTINUOUS
10
13.5982120078740163
20
-3.3294517322834647
11
13.598292007874015
21
-3.3294161023622046
0
LINE
8
BLACK
6
CONTINUOUS
10
13.598292007874015
20
-3.3294161023622046
11
13.5986635039370078
21
-3.3293427952755903
0
LINE
8
BLACK
6
CONTINUOUS
10
13.5986635039370078
20
-3.3293427952755903
11
13.598701614173228
21
-3.3293390551181101
0
LINE
8
BLACK
6
CONTINUOUS
10
13.598701614173228
20
-3.3293390551181101
11
13.6104425984251964
21
-3.3293390551181101
0
LINE
8
BLACK
6
CONTINUOUS
10
13.6104425984251964
20
-3.3293390551181101
11
13.6104550393700787
21
-3.3293394488188977
0
LINE
8
BLACK
6
CONTINUOUS
10
14.3165029133858273
20
-3.3535165354330707
11
14.3177813385826767
21
-3.354794960629921
0
LINE
8
BLACK
6
CONTINUOUS
10
14.3177813385826767
20
-3.354794960629921
11
14.3177813385826767
21
-3.3566029133858266
0
LINE
8
BLACK
6
CONTINUOUS
10
14.3177813385826767
20
-3.3566029133858266
11
14.3165029133858273
21
-3.3578813385826769
0
LINE
8
BLACK
6
CONTINUOUS
10
14.3165029133858273
20
-3.3578813385826769
11
14.3155989370078736
21
-3.3580611417322834
0
LINE
8
BLACK
6
CONTINUOUS
10
14.3155989370078736
20
-3.3580611417322834
11
14.3071079133858259
21
-3.3580611417322834
0
LINE
8
BLACK
6
CONTINUOUS
10
14.3071079133858259
20
-3.3580611417322834
11
14.306203937007874
21
-3.3578813385826769
0
LINE
8
BLACK
6
CONTINUOUS
10
14.306203937007874
20
-3.3578813385826769
11
14.3049255118110228
21
-3.3566029133858266
0
LINE
8
BLACK
6
CONTINUOUS
10
14.3049255118110228
20
-3.3566029133858266
11
14.3049255118110228
21
-3.354794960629921
0
LINE
8
BLACK
6
CONTINUOUS
10
14.3049255118110228
20
-3.354794960629921
11
14.306203937007874
21
-3.3535165354330707
0
LINE
8
BLACK
6
CONTINUOUS
10
14.306203937007874
20
-3.3535165354330707
11
14.3071079133858259
21
-3.3533367322834646
0
LINE
8
BLACK
6
CONTINUOUS
10
14.3071079133858259
20
-3.3533367322834646
11
14.3155989370078736
21
-3.3533367322834646
0
LINE
8
BLACK
6
CONTINUOUS
10
14.3155989370078736
20
-3.3533367322834646
11
14.3165029133858273
21
-3.3535165354330707
0
LINE
8
BLACK
6
CONTINUOUS
10
18.0952551574803131
20
-3.3282214173228346
11
18.0958196062992123
21
-3.328785866141732
0
LINE
8
BLACK
6
CONTINUOUS
10
18.0958196062992123
20
-3.328785866141732
11
18.1052684251968508
21
-3.341777992125984
0
LINE
8
BLACK
6
CONTINUOUS
10
18.1052684251968508
20
-3.341777992125984
11
18.1057265748031497
21
-3.3436822834645668
0
LINE
8
BLACK
6
CONTINUOUS
10
18.1057265748031497
20
-3.3436822834645668
11
18.1047039763779516
21
-3.3453527559055116
0
LINE
8
BLACK
6
CONTINUOUS
10
18.1047039763779516
20
-3.3453527559055116
11
18.1031988188976385
21
-3.3458422047244092
0
LINE
8
BLACK
6
CONTINUOUS
10
18.1031988188976385
20
-3.3458422047244092
11
18.0843011811023615
21
-3.3458422047244092
0
LINE
8
BLACK
6
CONTINUOUS
10
18.0843011811023615
20
-3.3458422047244092
11
18.0824916535433076
21
-3.3450926771653542
0
LINE
8
BLACK
6
CONTINUOUS
10
18.0824916535433076
20
-3.3450926771653542
11
18.0817421259842526
21
-3.3432831496062994
0
LINE
8
BLACK
6
CONTINUOUS
10
18.0817421259842526
20
-3.3432831496062994
11
18.0822315748031492
21
-3.341777992125984
0
LINE
8
BLACK
6
CONTINUOUS
10
18.0822315748031492
20
-3.341777992125984
11
18.0916803937007877
21
-3.328785866141732
0
LINE
8
BLACK
6
CONTINUOUS
10
18.0916803937007877
20
-3.328785866141732
11
18.0933508661417335
21
-3.3277632677165352
0
LINE
8
BLACK
6
CONTINUOUS
10
18.0933508661417335
20
-3.3277632677165352
11
18.0952551574803131
21
-3.3282214173228346
0
LINE
8
BLACK
6
CONTINUOUS
10
14.3900466535433065
20
-3.3144877952755905
11
14.3911120078740158
21
-3.3155531496062993
0
LINE
8
BLACK
6
CONTINUOUS
10
14.3911120078740158
20
-3.3155531496062993
11
14.3912618503937004
21
-3.3163064566929132
0
LINE
8
BLACK
6
CONTINUOUS
10
14.3912618503937004
20
-3.3163064566929132
11
14.3912618503937004
21
-3.3340229921259841
0
LINE
8
BLACK
6
CONTINUOUS
10
14.3912618503937004
20
-3.3340229921259841
11
14.3911120078740158
21
-3.3347762992125984
0
LINE
8
BLACK
6
CONTINUOUS
10
14.3911120078740158
20
-3.3347762992125984
11
14.3900466535433065
21
-3.3358416535433069
0
LINE
8
BLACK
6
CONTINUOUS
10
14.3900466535433065
20
-3.3358416535433069
11
14.3885400393700777
21
-3.3358416535433069
0
LINE
8
BLACK
6
CONTINUOUS
10
14.3885400393700777
20
-3.3358416535433069
11
14.3874746850393702
21
-3.3347762992125984
0
LINE
8
BLACK
6
CONTINUOUS
10
14.3874746850393702
20
-3.3347762992125984
11
14.3873248425196856
21
-3.3340229921259841
0
LINE
8
BLACK
6
CONTINUOUS
10
14.3873248425196856
20
-3.3340229921259841
11
14.3873248425196856
21
-3.3182749606299211
0
LINE
8
BLACK
6
CONTINUOUS
10
14.3873248425196856
20
-3.3182749606299211
11
14.3715768110236208
21
-3.3182749606299211
0
LINE
8
BLACK
6
CONTINUOUS
10
14.3715768110236208
20
-3.3182749606299211
11
14.3708235039370074
21
-3.318125118110236
0
LINE
8
BLACK
6
CONTINUOUS
10
14.3708235039370074
20
-3.318125118110236
11
14.369758149606298
21
-3.3170597637795276
0
LINE
8
BLACK
6
CONTINUOUS
10
14.369758149606298
20
-3.3170597637795276
11
14.369758149606298
21
-3.3155531496062993
0
LINE
8
BLACK
6
CONTINUOUS
10
14.369758149606298
20
-3.3155531496062993
11
14.3708235039370074
21
-3.3144877952755905
0
LINE
8
BLACK
6
CONTINUOUS
10
14.3708235039370074
20
-3.3144877952755905
11
14.3715768110236208
21
-3.3143379527559054
0
LINE
8
BLACK
6
CONTINUOUS
10
14.3715768110236208
20
-3.3143379527559054
11
14.389293346456693
21
-3.3143379527559054
0
LINE
8
BLACK
6
CONTINUOUS
10
14.389293346456693
20
-3.3143379527559054
11
14.3900466535433065
21
-3.3144877952755905
0
LINE
8
BLACK
6
CONTINUOUS
10
14.5604737007874014
20
-3.3107037795275591
11
14.5617521259842508
21
-3.3119822047244094
0
LINE
8
BLACK
6
CONTINUOUS
10
14.5617521259842508
20
-3.3119822047244094
11
14.5617521259842508
21
-3.313790157480315
0
LINE
8
BLACK
6
CONTINUOUS
10
14.5617521259842508
20
-3.313790157480315
11
14.5604737007874014
21
-3.3150685826771653
0
LINE
8
BLACK
6
CONTINUOUS
10
14.5604737007874014
20
-3.3150685826771653
11
14.5595697244094477
21
-3.3152483858267714
0
LINE
8
BLACK
6
CONTINUOUS
10
14.5595697244094477
20
-3.3152483858267714
11
14.5510787007874018
21
-3.3152483858267714
0
LINE
8
BLACK
6
CONTINUOUS
10
14.5510787007874018
20
-3.3152483858267714
11
14.5501747244094481
21
-3.3150685826771653
0
LINE
8
BLACK
6
CONTINUOUS
10
14.5501747244094481
20
-3.3150685826771653
11
14.5488962992125987
21
-3.313790157480315
0
LINE
8
BLACK
6
CONTINUOUS
10
14.5488962992125987
20
-3.313790157480315
11
14.5488962992125987
21
-3.3119822047244094
0
LINE
8
BLACK
6
CONTINUOUS
10
14.5488962992125987
20
-3.3119822047244094
11
14.5501747244094481
21
-3.3107037795275591
0
LINE
8
BLACK
6
CONTINUOUS
10
14.5501747244094481
20
-3.3107037795275591
11
14.5510787007874018
21
-3.3105239763779526
0
LINE
8
BLACK
6
CONTINUOUS
10
14.5510787007874018
20
-3.3105239763779526
11
14.5595697244094477
21
-3.3105239763779526
0
LINE
8
BLACK
6
CONTINUOUS
10
14.5595697244094477
20
-3.3105239763779526
11
14.5604737007874014
21
-3.3107037795275591
0
LINE
8
BLACK
6
CONTINUOUS
10
14.4731311023622045
20
-3.2938996062992123
11
14.4732809448818891
21
-3.2946529133858267
0
LINE
8
BLACK
6
CONTINUOUS
10
14.4732809448818891
20
-3.2946529133858267
11
14.4732809448818891
21
-3.3123694488188975
0
LINE
8
BLACK
6
CONTINUOUS
10
14.4732809448818891
20
-3.3123694488188975
11
14.4731311023622045
21
-3.3131227559055119
0
LINE
8
BLACK
6
CONTINUOUS
10
14.4731311023622045
20
-3.3131227559055119
11
14.4720657480314951
21
-3.3141881102362203
0
LINE
8
BLACK
6
CONTINUOUS
10
14.4720657480314951
20
-3.3141881102362203
11
14.4713124409448817
21
-3.3143379527559054
0
LINE
8
BLACK
6
CONTINUOUS
10
14.4713124409448817
20
-3.3143379527559054
11
14.4535959055118113
21
-3.3143379527559054
0
LINE
8
BLACK
6
CONTINUOUS
10
14.4535959055118113
20
-3.3143379527559054
11
14.452842598425196
21
-3.3141881102362203
0
LINE
8
BLACK
6
CONTINUOUS
10
14.452842598425196
20
-3.3141881102362203
11
14.4517772440944885
21
-3.3131227559055119
0
LINE
8
BLACK
6
CONTINUOUS
10
14.4517772440944885
20
-3.3131227559055119
11
14.4517772440944885
21
-3.3116161417322836
0
LINE
8
BLACK
6
CONTINUOUS
10
14.4517772440944885
20
-3.3116161417322836
11
14.452842598425196
21
-3.3105507874015747
0
LINE
8
BLACK
6
CONTINUOUS
10
14.452842598425196
20
-3.3105507874015747
11
14.4535959055118113
21
-3.3104009448818896
0
LINE
8
BLACK
6
CONTINUOUS
10
14.4535959055118113
20
-3.3104009448818896
11
14.4693439370078742
21
-3.3104009448818896
0
LINE
8
BLACK
6
CONTINUOUS
10
14.4693439370078742
20
-3.3104009448818896
11
14.4693439370078742
21
-3.2946529133858267
0
LINE
8
BLACK
6
CONTINUOUS
10
14.4693439370078742
20
-3.2946529133858267
11
14.4694937795275589
21
-3.2938996062992123
0
LINE
8
BLACK
6
CONTINUOUS
10
14.4694937795275589
20
-3.2938996062992123
11
14.4705591338582682
21
-3.2928342519685039
0
LINE
8
BLACK
6
CONTINUOUS
10
14.4705591338582682
20
-3.2928342519685039
11
14.4720657480314951
21
-3.2928342519685039
0
LINE
8
BLACK
6
CONTINUOUS
10
14.4720657480314951
20
-3.2928342519685039
11
14.4731311023622045
21
-3.2938996062992123
0
LINE
8
BLACK
6
CONTINUOUS
10
14.316502952755906
20
-3.308751653543307
11
14.3177813779527554
21
-3.3100300787401573
0
LINE
8
BLACK
6
CONTINUOUS
10
14.3177813779527554
20
-3.3100300787401573
11
14.3177813779527554
21
-3.3118380314960629
0
LINE
8
BLACK
6
CONTINUOUS
10
14.3177813779527554
20
-3.3118380314960629
11
14.316502952755906
21
-3.3131164566929132
0
LINE
8
BLACK
6
CONTINUOUS
10
14.316502952755906
20
-3.3131164566929132
11
14.3155989763779523
21
-3.3132962598425197
0
LINE
8
BLACK
6
CONTINUOUS
10
14.3155989763779523
20
-3.3132962598425197
11
14.3071079527559046
21
-3.3132962598425197
0
LINE
8
BLACK
6
CONTINUOUS
10
14.3071079527559046
20
-3.3132962598425197
11
14.3062039763779527
21
-3.3131164566929132
0
LINE
8
BLACK
6
CONTINUOUS
10
14.3062039763779527
20
-3.3131164566929132
11
14.3049255511811015
21
-3.3118380314960629
0
LINE
8
BLACK
6
CONTINUOUS
10
14.3049255511811015
20
-3.3118380314960629
11
14.3049255511811015
21
-3.3100300787401573
0
LINE
8
BLACK
6
CONTINUOUS
10
14.3049255511811015
20
-3.3100300787401573
11
14.3062039763779527
21
-3.308751653543307
0
LINE
8
BLACK
6
CONTINUOUS
10
14.3062039763779527
20
-3.308751653543307
11
14.3071079527559046
21
-3.3085718503937005
0
LINE
8
BLACK
6
CONTINUOUS
10
14.3071079527559046
20
-3.3085718503937005
11
14.3155989763779523
21
-3.3085718503937005
0
LINE
8
BLACK
6
CONTINUOUS
10
14.3155989763779523
20
-3.3085718503937005
11
14.316502952755906
21
-3.308751653543307
0
LINE
8
BLACK
6
CONTINUOUS
10
14.5604737007874014
20
-3.2823573228346454
11
14.5617521259842508
21
-3.2836357480314962
0
LINE
8
BLACK
6
CONTINUOUS
10
14.5617521259842508
20
-3.2836357480314962
11
14.5617521259842508
21
-3.2854437007874013
0
LINE
8
BLACK
6
CONTINUOUS
10
14.5617521259842508
20
-3.2854437007874013
11
14.5604737007874014
21
-3.2867221259842521
0
LINE
8
BLACK
6
CONTINUOUS
10
14.5604737007874014
20
-3.2867221259842521
11
14.5595697244094477
21
-3.2869019291338581
0
LINE
8
BLACK
6
CONTINUOUS
10
14.5595697244094477
20
-3.2869019291338581
11
14.5510787007874018
21
-3.2869019291338581
0
LINE
8
BLACK
6
CONTINUOUS
10
14.5510787007874018
20
-3.2869019291338581
11
14.5501747244094481
21
-3.2867221259842521
0
LINE
8
BLACK
6
CONTINUOUS
10
14.5501747244094481
20
-3.2867221259842521
11
14.5488962992125987
21
-3.2854437007874013
0
LINE
8
BLACK
6
CONTINUOUS
10
14.5488962992125987
20
-3.2854437007874013
11
14.5488962992125987
21
-3.2836357480314962
0
LINE
8
BLACK
6
CONTINUOUS
10
14.5488962992125987
20
-3.2836357480314962
11
14.5501747244094481
21
-3.2823573228346454
0
LINE
8
BLACK
6
CONTINUOUS
10
14.5501747244094481
20
-3.2823573228346454
11
14.5510787007874018
21
-3.2821775196850393
0
LINE
8
BLACK
6
CONTINUOUS
10
14.5510787007874018
20
-3.2821775196850393
11
14.5595697244094477
21
-3.2821775196850393
0
LINE
8
BLACK
6
CONTINUOUS
10
14.5595697244094477
20
-3.2821775196850393
11
14.5604737007874014
21
-3.2823573228346454
0
LINE
8
BLACK
6
CONTINUOUS
10
14.316502952755906
20
-3.2804051968503938
11
14.3177813779527554
21
-3.2816836220472441
0
LINE
8
BLACK
6
CONTINUOUS
10
14.3177813779527554
20
-3.2816836220472441
11
14.3177813779527554
21
-3.2834915748031497
0
LINE
8
BLACK
6
CONTINUOUS
10
14.3177813779527554
20
-3.2834915748031497
11
14.316502952755906
21
-3.28477
0
LINE
8
BLACK
6
CONTINUOUS
10
14.316502952755906
20
-3.28477
11
14.3155989763779523
21
-3.2849498031496061
0
LINE
8
BLACK
6
CONTINUOUS
10
14.3155989763779523
20
-3.2849498031496061
11
14.3071079527559046
21
-3.2849498031496061
0
LINE
8
BLACK
6
CONTINUOUS
10
14.3071079527559046
20
-3.2849498031496061
11
14.3062039763779527
21
-3.28477
0
LINE
8
BLACK
6
CONTINUOUS
10
14.3062039763779527
20
-3.28477
11
14.3049255511811015
21
-3.2834915748031497
0
LINE
8
BLACK
6
CONTINUOUS
10
14.3049255511811015
20
-3.2834915748031497
11
14.3049255511811015
21
-3.2816836220472441
0
LINE
8
BLACK
6
CONTINUOUS
10
14.3049255511811015
20
-3.2816836220472441
11
14.3062039763779527
21
-3.2804051968503938
0
LINE
8
BLACK
6
CONTINUOUS
10
14.3062039763779527
20
-3.2804051968503938
11
14.3071079527559046
21
-3.2802253937007873
0
LINE
8
BLACK
6
CONTINUOUS
10
14.3071079527559046
20
-3.2802253937007873
11
14.3155989763779523
21
-3.2802253937007873
0
LINE
8
BLACK
6
CONTINUOUS
10
14.3155989763779523
20
-3.2802253937007873
11
14.316502952755906
21
-3.2804051968503938
  0
ENDSEC
  0
EOF
